name,natural,choice,model,seed,batch,condition
or1,3,the heart-shaped tree,OpenGVLab/InternVL3-8B-hf,116,batch1,i
or2,3,The brain.,OpenGVLab/InternVL3-8B-hf,116,batch1,i
or3,3,the elephant,OpenGVLab/InternVL3-8B-hf,116,batch1,i
or4,3,the man in a wheelchair,OpenGVLab/InternVL3-8B-hf,116,batch1,i
or5,3,the man,OpenGVLab/InternVL3-8B-hf,116,batch1,i
or6,3,the kid in a yellow shirt,OpenGVLab/InternVL3-8B-hf,116,batch1,i
or7,3,The sun.,OpenGVLab/InternVL3-8B-hf,116,batch1,i
or8,1,the staircase,OpenGVLab/InternVL3-8B-hf,116,batch1,i
or9,3,the phone,OpenGVLab/InternVL3-8B-hf,116,batch1,i
or10,4,the woman holding a note,OpenGVLab/InternVL3-8B-hf,116,batch1,i
or11,4,the air pump,OpenGVLab/InternVL3-8B-hf,116,batch1,i
or12,3,the woman's left foot,OpenGVLab/InternVL3-8B-hf,116,batch1,i
or13,4,surgeons,OpenGVLab/InternVL3-8B-hf,116,batch1,i
or14,4,the man with a beard,OpenGVLab/InternVL3-8B-hf,116,batch1,i
or15,1,the flasks,OpenGVLab/InternVL3-8B-hf,116,batch1,i
cs16,3,the dog collar,OpenGVLab/InternVL3-8B-hf,116,batch1,i
cs17,4,the diamond,OpenGVLab/InternVL3-8B-hf,116,batch1,i
cs18,2,the torch,OpenGVLab/InternVL3-8B-hf,116,batch1,i
cs19,3,the hands,OpenGVLab/InternVL3-8B-hf,116,batch1,i
cs20,1,the magnifying glass,OpenGVLab/InternVL3-8B-hf,116,batch1,i
cs21,2,the cigarette box,OpenGVLab/InternVL3-8B-hf,116,batch1,i
cs22,3,the people,OpenGVLab/InternVL3-8B-hf,116,batch1,i
cs23,1,the person,OpenGVLab/InternVL3-8B-hf,116,batch1,i
cs24,2,the mug,OpenGVLab/InternVL3-8B-hf,116,batch1,i
cs25,1,the little girl,OpenGVLab/InternVL3-8B-hf,116,batch1,i
cs26,3,the fingerprint scanner,OpenGVLab/InternVL3-8B-hf,116,batch1,i
cs27,1,the bigger globe,OpenGVLab/InternVL3-8B-hf,116,batch1,i
cs28,2,the puzzle pieces,OpenGVLab/InternVL3-8B-hf,116,batch1,i
cs29,1,the magnifying glass,OpenGVLab/InternVL3-8B-hf,116,batch1,i
cs30,2,the VR goggle,OpenGVLab/InternVL3-8B-hf,116,batch1,i
de31,2,the scale,OpenGVLab/InternVL3-8B-hf,116,batch1,i
de32,2,the couple,OpenGVLab/InternVL3-8B-hf,116,batch1,i
de33,1,the book,OpenGVLab/InternVL3-8B-hf,116,batch1,i
de34,1,the electrode cap,OpenGVLab/InternVL3-8B-hf,116,batch1,i
de35,2,the animal,OpenGVLab/InternVL3-8B-hf,116,batch1,i
de36,1,the soldiers facing forward,OpenGVLab/InternVL3-8B-hf,116,batch1,i
de37,1,the land,OpenGVLab/InternVL3-8B-hf,116,batch1,i
de38,1,the big car,OpenGVLab/InternVL3-8B-hf,116,batch1,i
de39,2,the piggy bank,OpenGVLab/InternVL3-8B-hf,116,batch1,i
de40,1,the faucet,OpenGVLab/InternVL3-8B-hf,116,batch1,i
de41,1,the quill pen,OpenGVLab/InternVL3-8B-hf,116,batch1,i
de42,2,the pig broken in half,OpenGVLab/InternVL3-8B-hf,116,batch1,i
de43,1,the people,OpenGVLab/InternVL3-8B-hf,116,batch1,i
de44,2,the woman with a notepad,OpenGVLab/InternVL3-8B-hf,116,batch1,i
de45,1,the orchestra,OpenGVLab/InternVL3-8B-hf,116,batch1,i
fr46,2,the cylinders,OpenGVLab/InternVL3-8B-hf,116,batch1,i
fr47,1,the seal,OpenGVLab/InternVL3-8B-hf,116,batch1,i
fr48,2,the tomatoes,OpenGVLab/InternVL3-8B-hf,116,batch1,i
fr49,2,the magnifying glass,OpenGVLab/InternVL3-8B-hf,116,batch1,i
fr50,1,the ape,OpenGVLab/InternVL3-8B-hf,116,batch1,i
fr51,2,the lock,OpenGVLab/InternVL3-8B-hf,116,batch1,i
fr52,3,Cannot say,OpenGVLab/InternVL3-8B-hf,116,batch1,i
fr53,2,The shield,OpenGVLab/InternVL3-8B-hf,116,batch1,i
fr54,2,the man with his hand on his chin,OpenGVLab/InternVL3-8B-hf,116,batch1,i
fr55,4,the dollar sign,OpenGVLab/InternVL3-8B-hf,116,batch1,i
fr56,3,the flames,OpenGVLab/InternVL3-8B-hf,116,batch1,i
fr57,2,the red flower-shaped object with a pointy middle,OpenGVLab/InternVL3-8B-hf,116,batch1,i
fr58,2,the lamps,OpenGVLab/InternVL3-8B-hf,116,batch1,i
fr59,2,The person in a yellow shirt.,OpenGVLab/InternVL3-8B-hf,116,batch1,i
fr60,4,the trees in the lower left corner,OpenGVLab/InternVL3-8B-hf,116,batch1,i
or1,2,the kid in a striped shirt,OpenGVLab/InternVL3-8B-hf,152,batch1,i
or2,4,The brain.,OpenGVLab/InternVL3-8B-hf,152,batch1,i
or3,2,the elephant,OpenGVLab/InternVL3-8B-hf,152,batch1,i
or4,3,the laptops,OpenGVLab/InternVL3-8B-hf,152,batch1,i
or5,3,the man,OpenGVLab/InternVL3-8B-hf,152,batch1,i
or6,4,the kid in a yellow shirt,OpenGVLab/InternVL3-8B-hf,152,batch1,i
or7,4,The sun.,OpenGVLab/InternVL3-8B-hf,152,batch1,i
or8,2,the staircase,OpenGVLab/InternVL3-8B-hf,152,batch1,i
or9,3,The phone,OpenGVLab/InternVL3-8B-hf,152,batch1,i
or10,4,the woman holding a note,OpenGVLab/InternVL3-8B-hf,152,batch1,i
or11,4,the air pump,OpenGVLab/InternVL3-8B-hf,152,batch1,i
or12,3,the woman's left foot,OpenGVLab/InternVL3-8B-hf,152,batch1,i
or13,3,the surgeons,OpenGVLab/InternVL3-8B-hf,152,batch1,i
or14,4,the man with a beard,OpenGVLab/InternVL3-8B-hf,152,batch1,i
or15,1,The flasks,OpenGVLab/InternVL3-8B-hf,152,batch1,i
cs16,3,the dog collar,OpenGVLab/InternVL3-8B-hf,152,batch1,i
cs17,4,the diamond,OpenGVLab/InternVL3-8B-hf,152,batch1,i
cs18,2,the torch,OpenGVLab/InternVL3-8B-hf,152,batch1,i
cs19,3,the hands,OpenGVLab/InternVL3-8B-hf,152,batch1,i
cs20,1,the magnifying glass,OpenGVLab/InternVL3-8B-hf,152,batch1,i
cs21,2,the cigarette box,OpenGVLab/InternVL3-8B-hf,152,batch1,i
cs22,4,the people,OpenGVLab/InternVL3-8B-hf,152,batch1,i
cs23,2,the person,OpenGVLab/InternVL3-8B-hf,152,batch1,i
cs24,2,the mug,OpenGVLab/InternVL3-8B-hf,152,batch1,i
cs25,2,the little girl,OpenGVLab/InternVL3-8B-hf,152,batch1,i
cs26,3,the fingerprint scanner,OpenGVLab/InternVL3-8B-hf,152,batch1,i
cs27,1,the bigger globe,OpenGVLab/InternVL3-8B-hf,152,batch1,i
cs28,2,the puzzle pieces,OpenGVLab/InternVL3-8B-hf,152,batch1,i
cs29,2,the book with a brick on it,OpenGVLab/InternVL3-8B-hf,152,batch1,i
cs30,2,the VR goggle,OpenGVLab/InternVL3-8B-hf,152,batch1,i
de31,1,the scale,OpenGVLab/InternVL3-8B-hf,152,batch1,i
de32,2,the couple,OpenGVLab/InternVL3-8B-hf,152,batch1,i
de33,1,the bathtub,OpenGVLab/InternVL3-8B-hf,152,batch1,i
de34,1,the electrode cap,OpenGVLab/InternVL3-8B-hf,152,batch1,i
de35,2,the animal,OpenGVLab/InternVL3-8B-hf,152,batch1,i
de36,1,the soldiers facing forward,OpenGVLab/InternVL3-8B-hf,152,batch1,i
de37,1,the land,OpenGVLab/InternVL3-8B-hf,152,batch1,i
de38,1,the big car,OpenGVLab/InternVL3-8B-hf,152,batch1,i
de39,2,the piggy bank,OpenGVLab/InternVL3-8B-hf,152,batch1,i
de40,1,The faucet.,OpenGVLab/InternVL3-8B-hf,152,batch1,i
de41,1,the quill pen,OpenGVLab/InternVL3-8B-hf,152,batch1,i
de42,2,The pig broken in half,OpenGVLab/InternVL3-8B-hf,152,batch1,i
de43,1,the people,OpenGVLab/InternVL3-8B-hf,152,batch1,i
de44,2,the woman with a notepad,OpenGVLab/InternVL3-8B-hf,152,batch1,i
de45,1,the orchestra,OpenGVLab/InternVL3-8B-hf,152,batch1,i
fr46,3,the cylinders,OpenGVLab/InternVL3-8B-hf,152,batch1,i
fr47,1,The seal,OpenGVLab/InternVL3-8B-hf,152,batch1,i
fr48,2,the corn,OpenGVLab/InternVL3-8B-hf,152,batch1,i
fr49,2,the magnifying glass,OpenGVLab/InternVL3-8B-hf,152,batch1,i
fr50,1,the ape,OpenGVLab/InternVL3-8B-hf,152,batch1,i
fr51,2,the lock,OpenGVLab/InternVL3-8B-hf,152,batch1,i
fr52,1,the black balls,OpenGVLab/InternVL3-8B-hf,152,batch1,i
fr53,1,the shield,OpenGVLab/InternVL3-8B-hf,152,batch1,i
fr54,2,the sitting man wearing a hat,OpenGVLab/InternVL3-8B-hf,152,batch1,i
fr55,4,the dollar sign,OpenGVLab/InternVL3-8B-hf,152,batch1,i
fr56,2,the flames,OpenGVLab/InternVL3-8B-hf,152,batch1,i
fr57,1,the red flower-shaped object with a pointy middle,OpenGVLab/InternVL3-8B-hf,152,batch1,i
fr58,2,the lamps,OpenGVLab/InternVL3-8B-hf,152,batch1,i
fr59,3,The person in a yellow shirt.,OpenGVLab/InternVL3-8B-hf,152,batch1,i
fr60,3,the trees in the lower left corner,OpenGVLab/InternVL3-8B-hf,152,batch1,i
or1,1,the kid in a striped shirt,OpenGVLab/InternVL3-8B-hf,242,batch1,i
or2,4,The brain.,OpenGVLab/InternVL3-8B-hf,242,batch1,i
or3,3,The elephant,OpenGVLab/InternVL3-8B-hf,242,batch1,i
or4,3,the laptops,OpenGVLab/InternVL3-8B-hf,242,batch1,i
or5,3,The man.,OpenGVLab/InternVL3-8B-hf,242,batch1,i
or6,4,the kid in a yellow shirt,OpenGVLab/InternVL3-8B-hf,242,batch1,i
or7,4,The cloud.,OpenGVLab/InternVL3-8B-hf,242,batch1,i
or8,3,the staircase,OpenGVLab/InternVL3-8B-hf,242,batch1,i
or9,3,the phone,OpenGVLab/InternVL3-8B-hf,242,batch1,i
or10,4,the woman holding a note,OpenGVLab/InternVL3-8B-hf,242,batch1,i
or11,3,the air pump,OpenGVLab/InternVL3-8B-hf,242,batch1,i
or12,4,the woman's left foot,OpenGVLab/InternVL3-8B-hf,242,batch1,i
or13,4,the surgeons,OpenGVLab/InternVL3-8B-hf,242,batch1,i
or14,4,the man with a beard,OpenGVLab/InternVL3-8B-hf,242,batch1,i
or15,2,Cannot say,OpenGVLab/InternVL3-8B-hf,242,batch1,i
cs16,3,the dog collar,OpenGVLab/InternVL3-8B-hf,242,batch1,i
cs17,4,the front side of pedestal,OpenGVLab/InternVL3-8B-hf,242,batch1,i
cs18,1,the torch,OpenGVLab/InternVL3-8B-hf,242,batch1,i
cs19,2,the hands,OpenGVLab/InternVL3-8B-hf,242,batch1,i
cs20,1,the magnifying glass,OpenGVLab/InternVL3-8B-hf,242,batch1,i
cs21,2,the cigarette box,OpenGVLab/InternVL3-8B-hf,242,batch1,i
cs22,4,the people,OpenGVLab/InternVL3-8B-hf,242,batch1,i
cs23,1,the person,OpenGVLab/InternVL3-8B-hf,242,batch1,i
cs24,2,the mug,OpenGVLab/InternVL3-8B-hf,242,batch1,i
cs25,1,the little girl,OpenGVLab/InternVL3-8B-hf,242,batch1,i
cs26,3,The fingerprint scanner.,OpenGVLab/InternVL3-8B-hf,242,batch1,i
cs27,1,the bigger globe,OpenGVLab/InternVL3-8B-hf,242,batch1,i
cs28,2,the puzzle pieces,OpenGVLab/InternVL3-8B-hf,242,batch1,i
cs29,2,the magnifying glass,OpenGVLab/InternVL3-8B-hf,242,batch1,i
cs30,2,the VR goggle,OpenGVLab/InternVL3-8B-hf,242,batch1,i
de31,2,the scale,OpenGVLab/InternVL3-8B-hf,242,batch1,i
de32,2,the couple,OpenGVLab/InternVL3-8B-hf,242,batch1,i
de33,1,the book,OpenGVLab/InternVL3-8B-hf,242,batch1,i
de34,1,the electrode cap,OpenGVLab/InternVL3-8B-hf,242,batch1,i
de35,1,the animal,OpenGVLab/InternVL3-8B-hf,242,batch1,i
de36,1,the soldiers facing forward,OpenGVLab/InternVL3-8B-hf,242,batch1,i
de37,1,the land,OpenGVLab/InternVL3-8B-hf,242,batch1,i
de38,1,the big car,OpenGVLab/InternVL3-8B-hf,242,batch1,i
de39,2,the piggy bank,OpenGVLab/InternVL3-8B-hf,242,batch1,i
de40,1,The faucet.,OpenGVLab/InternVL3-8B-hf,242,batch1,i
de41,1,the quill pen,OpenGVLab/InternVL3-8B-hf,242,batch1,i
de42,2,the pig broken in half,OpenGVLab/InternVL3-8B-hf,242,batch1,i
de43,1,the people,OpenGVLab/InternVL3-8B-hf,242,batch1,i
de44,1,the woman with a notepad,OpenGVLab/InternVL3-8B-hf,242,batch1,i
de45,1,the orchestra,OpenGVLab/InternVL3-8B-hf,242,batch1,i
fr46,2,the cylinders,OpenGVLab/InternVL3-8B-hf,242,batch1,i
fr47,1,the seal,OpenGVLab/InternVL3-8B-hf,242,batch1,i
fr48,1,the tomatoes,OpenGVLab/InternVL3-8B-hf,242,batch1,i
fr49,2,the magnifying glass,OpenGVLab/InternVL3-8B-hf,242,batch1,i
fr50,1,the ape,OpenGVLab/InternVL3-8B-hf,242,batch1,i
fr51,2,the lock,OpenGVLab/InternVL3-8B-hf,242,batch1,i
fr52,2,the yellow balls,OpenGVLab/InternVL3-8B-hf,242,batch1,i
fr53,2,the shield,OpenGVLab/InternVL3-8B-hf,242,batch1,i
fr54,2,the man with his hand on his chin,OpenGVLab/InternVL3-8B-hf,242,batch1,i
fr55,4,the dollar sign,OpenGVLab/InternVL3-8B-hf,242,batch1,i
fr56,3,the flames,OpenGVLab/InternVL3-8B-hf,242,batch1,i
fr57,3,the red flower-shaped object with a pointy middle,OpenGVLab/InternVL3-8B-hf,242,batch1,i
fr58,2,the lamps,OpenGVLab/InternVL3-8B-hf,242,batch1,i
fr59,1,The person in a yellow shirt.,OpenGVLab/InternVL3-8B-hf,242,batch1,i
fr60,2,the trees in the lower left corner,OpenGVLab/InternVL3-8B-hf,242,batch1,i
or1,2,the kid in a striped shirt,OpenGVLab/InternVL3-8B-hf,289,batch1,i
or2,3,The brain,OpenGVLab/InternVL3-8B-hf,289,batch1,i
or3,4,The elephant,OpenGVLab/InternVL3-8B-hf,289,batch1,i
or4,4,the laptops,OpenGVLab/InternVL3-8B-hf,289,batch1,i
or5,3,the man,OpenGVLab/InternVL3-8B-hf,289,batch1,i
or6,3,the kid in a yellow shirt,OpenGVLab/InternVL3-8B-hf,289,batch1,i
or7,4,everything equal,OpenGVLab/InternVL3-8B-hf,289,batch1,i
or8,3,the staircase,OpenGVLab/InternVL3-8B-hf,289,batch1,i
or9,3,the phone,OpenGVLab/InternVL3-8B-hf,289,batch1,i
or10,4,the woman holding a note,OpenGVLab/InternVL3-8B-hf,289,batch1,i
or11,3,the air pump,OpenGVLab/InternVL3-8B-hf,289,batch1,i
or12,4,the woman's left foot,OpenGVLab/InternVL3-8B-hf,289,batch1,i
or13,3,the surgeons,OpenGVLab/InternVL3-8B-hf,289,batch1,i
or14,4,the man with a beard,OpenGVLab/InternVL3-8B-hf,289,batch1,i
or15,2,The flasks,OpenGVLab/InternVL3-8B-hf,289,batch1,i
cs16,3,the dog collar,OpenGVLab/InternVL3-8B-hf,289,batch1,i
cs17,4,the front side of pedestal,OpenGVLab/InternVL3-8B-hf,289,batch1,i
cs18,1,the torch,OpenGVLab/InternVL3-8B-hf,289,batch1,i
cs19,2,the hands,OpenGVLab/InternVL3-8B-hf,289,batch1,i
cs20,1,The magnifying glass.,OpenGVLab/InternVL3-8B-hf,289,batch1,i
cs21,2,the cigarette box,OpenGVLab/InternVL3-8B-hf,289,batch1,i
cs22,3,the people,OpenGVLab/InternVL3-8B-hf,289,batch1,i
cs23,1,the person,OpenGVLab/InternVL3-8B-hf,289,batch1,i
cs24,2,the mug,OpenGVLab/InternVL3-8B-hf,289,batch1,i
cs25,1,the little girl,OpenGVLab/InternVL3-8B-hf,289,batch1,i
cs26,2,the fingerprint scanner,OpenGVLab/InternVL3-8B-hf,289,batch1,i
cs27,1,the bigger globe,OpenGVLab/InternVL3-8B-hf,289,batch1,i
cs28,2,the puzzle pieces,OpenGVLab/InternVL3-8B-hf,289,batch1,i
cs29,1,the book with a brick on it,OpenGVLab/InternVL3-8B-hf,289,batch1,i
cs30,2,The VR goggle,OpenGVLab/InternVL3-8B-hf,289,batch1,i
de31,2,the scale,OpenGVLab/InternVL3-8B-hf,289,batch1,i
de32,2,the couple,OpenGVLab/InternVL3-8B-hf,289,batch1,i
de33,1,the book,OpenGVLab/InternVL3-8B-hf,289,batch1,i
de34,1,The electrode cap.,OpenGVLab/InternVL3-8B-hf,289,batch1,i
de35,1,the animal,OpenGVLab/InternVL3-8B-hf,289,batch1,i
de36,1,the soldiers facing forward,OpenGVLab/InternVL3-8B-hf,289,batch1,i
de37,2,the land,OpenGVLab/InternVL3-8B-hf,289,batch1,i
de38,1,the big car,OpenGVLab/InternVL3-8B-hf,289,batch1,i
de39,1,the piggy bank,OpenGVLab/InternVL3-8B-hf,289,batch1,i
de40,1,the faucet,OpenGVLab/InternVL3-8B-hf,289,batch1,i
de41,1,The quill pen.,OpenGVLab/InternVL3-8B-hf,289,batch1,i
de42,1,The pig broken in half.,OpenGVLab/InternVL3-8B-hf,289,batch1,i
de43,1,the people,OpenGVLab/InternVL3-8B-hf,289,batch1,i
de44,2,the woman with a notepad,OpenGVLab/InternVL3-8B-hf,289,batch1,i
de45,2,the orchestra,OpenGVLab/InternVL3-8B-hf,289,batch1,i
fr46,2,the cylinders,OpenGVLab/InternVL3-8B-hf,289,batch1,i
fr47,1,the seal,OpenGVLab/InternVL3-8B-hf,289,batch1,i
fr48,1,the tomatoes,OpenGVLab/InternVL3-8B-hf,289,batch1,i
fr49,1,the magnifying glass,OpenGVLab/InternVL3-8B-hf,289,batch1,i
fr50,2,the ape,OpenGVLab/InternVL3-8B-hf,289,batch1,i
fr51,1,the lock,OpenGVLab/InternVL3-8B-hf,289,batch1,i
fr52,3,The yellow balls.,OpenGVLab/InternVL3-8B-hf,289,batch1,i
fr53,2,the shield,OpenGVLab/InternVL3-8B-hf,289,batch1,i
fr54,2,the man with his hand on his chin,OpenGVLab/InternVL3-8B-hf,289,batch1,i
fr55,4,the dollar sign,OpenGVLab/InternVL3-8B-hf,289,batch1,i
fr56,2,the flames,OpenGVLab/InternVL3-8B-hf,289,batch1,i
fr57,2,the red flower-shaped object with a pointy middle,OpenGVLab/InternVL3-8B-hf,289,batch1,i
fr58,2,The lamps,OpenGVLab/InternVL3-8B-hf,289,batch1,i
fr59,1,The person in a yellow shirt.,OpenGVLab/InternVL3-8B-hf,289,batch1,i
fr60,2,the trees in the lower left corner,OpenGVLab/InternVL3-8B-hf,289,batch1,i
or1,1,the kid in a striped shirt,OpenGVLab/InternVL3-8B-hf,302,batch1,i
or2,4,the brain,OpenGVLab/InternVL3-8B-hf,302,batch1,i
or3,4,The elephant.,OpenGVLab/InternVL3-8B-hf,302,batch1,i
or4,2,the laptops,OpenGVLab/InternVL3-8B-hf,302,batch1,i
or5,3,the man,OpenGVLab/InternVL3-8B-hf,302,batch1,i
or6,3,the kid in a yellow shirt,OpenGVLab/InternVL3-8B-hf,302,batch1,i
or7,4,The cloud.,OpenGVLab/InternVL3-8B-hf,302,batch1,i
or8,4,the staircase,OpenGVLab/InternVL3-8B-hf,302,batch1,i
or9,4,The phone,OpenGVLab/InternVL3-8B-hf,302,batch1,i
or10,4,the woman holding a note,OpenGVLab/InternVL3-8B-hf,302,batch1,i
or11,3,the air pump,OpenGVLab/InternVL3-8B-hf,302,batch1,i
or12,3,the woman's left foot,OpenGVLab/InternVL3-8B-hf,302,batch1,i
or13,3,the surgeons,OpenGVLab/InternVL3-8B-hf,302,batch1,i
or14,4,the man with a beard,OpenGVLab/InternVL3-8B-hf,302,batch1,i
or15,3,the flasks,OpenGVLab/InternVL3-8B-hf,302,batch1,i
cs16,3,the dog collar,OpenGVLab/InternVL3-8B-hf,302,batch1,i
cs17,4,the front side of pedestal,OpenGVLab/InternVL3-8B-hf,302,batch1,i
cs18,2,the torch,OpenGVLab/InternVL3-8B-hf,302,batch1,i
cs19,2,the hands,OpenGVLab/InternVL3-8B-hf,302,batch1,i
cs20,1,the magnifying glass,OpenGVLab/InternVL3-8B-hf,302,batch1,i
cs21,2,the cigarette box,OpenGVLab/InternVL3-8B-hf,302,batch1,i
cs22,4,the people,OpenGVLab/InternVL3-8B-hf,302,batch1,i
cs23,1,the person,OpenGVLab/InternVL3-8B-hf,302,batch1,i
cs24,2,the mug,OpenGVLab/InternVL3-8B-hf,302,batch1,i
cs25,2,the little girl,OpenGVLab/InternVL3-8B-hf,302,batch1,i
cs26,3,the fingerprint scanner,OpenGVLab/InternVL3-8B-hf,302,batch1,i
cs27,1,the bigger globe,OpenGVLab/InternVL3-8B-hf,302,batch1,i
cs28,2,the puzzle pieces,OpenGVLab/InternVL3-8B-hf,302,batch1,i
cs29,2,the book with a brick on it,OpenGVLab/InternVL3-8B-hf,302,batch1,i
cs30,1,The VR goggle.,OpenGVLab/InternVL3-8B-hf,302,batch1,i
de31,2,the scale,OpenGVLab/InternVL3-8B-hf,302,batch1,i
de32,2,the couple,OpenGVLab/InternVL3-8B-hf,302,batch1,i
de33,1,the book,OpenGVLab/InternVL3-8B-hf,302,batch1,i
de34,1,the electrode cap,OpenGVLab/InternVL3-8B-hf,302,batch1,i
de35,2,the animal,OpenGVLab/InternVL3-8B-hf,302,batch1,i
de36,1,the soldiers facing forward,OpenGVLab/InternVL3-8B-hf,302,batch1,i
de37,1,The land.,OpenGVLab/InternVL3-8B-hf,302,batch1,i
de38,1,the big car,OpenGVLab/InternVL3-8B-hf,302,batch1,i
de39,3,The piggy bank,OpenGVLab/InternVL3-8B-hf,302,batch1,i
de40,1,the faucet,OpenGVLab/InternVL3-8B-hf,302,batch1,i
de41,1,the quill pen,OpenGVLab/InternVL3-8B-hf,302,batch1,i
de42,1,the pig broken in half,OpenGVLab/InternVL3-8B-hf,302,batch1,i
de43,1,the people,OpenGVLab/InternVL3-8B-hf,302,batch1,i
de44,2,the woman with a notepad,OpenGVLab/InternVL3-8B-hf,302,batch1,i
de45,1,the orchestra,OpenGVLab/InternVL3-8B-hf,302,batch1,i
fr46,1,The cylinders.,OpenGVLab/InternVL3-8B-hf,302,batch1,i
fr47,1,the seal,OpenGVLab/InternVL3-8B-hf,302,batch1,i
fr48,2,the tomatoes,OpenGVLab/InternVL3-8B-hf,302,batch1,i
fr49,2,the magnifying glass,OpenGVLab/InternVL3-8B-hf,302,batch1,i
fr50,1,the ape,OpenGVLab/InternVL3-8B-hf,302,batch1,i
fr51,1,the lock,OpenGVLab/InternVL3-8B-hf,302,batch1,i
fr52,2,The yellow balls,OpenGVLab/InternVL3-8B-hf,302,batch1,i
fr53,2,the shield,OpenGVLab/InternVL3-8B-hf,302,batch1,i
fr54,2,the man with his hand on his chin,OpenGVLab/InternVL3-8B-hf,302,batch1,i
fr55,4,the dollar sign,OpenGVLab/InternVL3-8B-hf,302,batch1,i
fr56,1,the flames,OpenGVLab/InternVL3-8B-hf,302,batch1,i
fr57,1,the red flower-shaped object with a pointy middle,OpenGVLab/InternVL3-8B-hf,302,batch1,i
fr58,2,the lamps,OpenGVLab/InternVL3-8B-hf,302,batch1,i
fr59,1,The person in a yellow shirt.,OpenGVLab/InternVL3-8B-hf,302,batch1,i
fr60,1,the trees in the lower left corner,OpenGVLab/InternVL3-8B-hf,302,batch1,i
or1,2,the kid in a striped shirt,OpenGVLab/InternVL3-8B-hf,332,batch1,i
or2,4,The brain.,OpenGVLab/InternVL3-8B-hf,332,batch1,i
or3,3,The elephant,OpenGVLab/InternVL3-8B-hf,332,batch1,i
or4,3,the man in a wheelchair,OpenGVLab/InternVL3-8B-hf,332,batch1,i
or5,3,the man,OpenGVLab/InternVL3-8B-hf,332,batch1,i
or6,4,the kid in a yellow shirt,OpenGVLab/InternVL3-8B-hf,332,batch1,i
or7,4,The sun.,OpenGVLab/InternVL3-8B-hf,332,batch1,i
or8,3,the staircase,OpenGVLab/InternVL3-8B-hf,332,batch1,i
or9,3,The phone,OpenGVLab/InternVL3-8B-hf,332,batch1,i
or10,4,the woman holding a note,OpenGVLab/InternVL3-8B-hf,332,batch1,i
or11,3,the air pump,OpenGVLab/InternVL3-8B-hf,332,batch1,i
or12,4,the woman's left foot,OpenGVLab/InternVL3-8B-hf,332,batch1,i
or13,3,the surgeons,OpenGVLab/InternVL3-8B-hf,332,batch1,i
or14,4,The man with a beard.,OpenGVLab/InternVL3-8B-hf,332,batch1,i
or15,2,The flasks,OpenGVLab/InternVL3-8B-hf,332,batch1,i
cs16,3,the dog collar,OpenGVLab/InternVL3-8B-hf,332,batch1,i
cs17,4,the diamond,OpenGVLab/InternVL3-8B-hf,332,batch1,i
cs18,1,the torch,OpenGVLab/InternVL3-8B-hf,332,batch1,i
cs19,2,the hands,OpenGVLab/InternVL3-8B-hf,332,batch1,i
cs20,1,the magnifying glass,OpenGVLab/InternVL3-8B-hf,332,batch1,i
cs21,2,the cigarette box,OpenGVLab/InternVL3-8B-hf,332,batch1,i
cs22,3,the people,OpenGVLab/InternVL3-8B-hf,332,batch1,i
cs23,1,the bike,OpenGVLab/InternVL3-8B-hf,332,batch1,i
cs24,2,The mug,OpenGVLab/InternVL3-8B-hf,332,batch1,i
cs25,1,the little girl,OpenGVLab/InternVL3-8B-hf,332,batch1,i
cs26,3,the fingerprint scanner,OpenGVLab/InternVL3-8B-hf,332,batch1,i
cs27,1,the bigger globe,OpenGVLab/InternVL3-8B-hf,332,batch1,i
cs28,3,the puzzle pieces,OpenGVLab/InternVL3-8B-hf,332,batch1,i
cs29,1,the book with a brick on it,OpenGVLab/InternVL3-8B-hf,332,batch1,i
cs30,2,the VR goggle,OpenGVLab/InternVL3-8B-hf,332,batch1,i
de31,2,the scale,OpenGVLab/InternVL3-8B-hf,332,batch1,i
de32,3,the couple,OpenGVLab/InternVL3-8B-hf,332,batch1,i
de33,1,the book,OpenGVLab/InternVL3-8B-hf,332,batch1,i
de34,1,the electrode cap,OpenGVLab/InternVL3-8B-hf,332,batch1,i
de35,1,the animal,OpenGVLab/InternVL3-8B-hf,332,batch1,i
de36,1,the soldiers facing forward,OpenGVLab/InternVL3-8B-hf,332,batch1,i
de37,1,The land.,OpenGVLab/InternVL3-8B-hf,332,batch1,i
de38,1,the big car,OpenGVLab/InternVL3-8B-hf,332,batch1,i
de39,2,The piggy bank.,OpenGVLab/InternVL3-8B-hf,332,batch1,i
de40,1,The faucet.,OpenGVLab/InternVL3-8B-hf,332,batch1,i
de41,1,the quill pen,OpenGVLab/InternVL3-8B-hf,332,batch1,i
de42,1,the pig broken in half,OpenGVLab/InternVL3-8B-hf,332,batch1,i
de43,1,the people,OpenGVLab/InternVL3-8B-hf,332,batch1,i
de44,2,the woman with a notepad,OpenGVLab/InternVL3-8B-hf,332,batch1,i
de45,2,the orchestra,OpenGVLab/InternVL3-8B-hf,332,batch1,i
fr46,2,the cylinders,OpenGVLab/InternVL3-8B-hf,332,batch1,i
fr47,1,the seal,OpenGVLab/InternVL3-8B-hf,332,batch1,i
fr48,2,the corn,OpenGVLab/InternVL3-8B-hf,332,batch1,i
fr49,1,the magnifying glass,OpenGVLab/InternVL3-8B-hf,332,batch1,i
fr50,1,the ape,OpenGVLab/InternVL3-8B-hf,332,batch1,i
fr51,2,the lock,OpenGVLab/InternVL3-8B-hf,332,batch1,i
fr52,2,the yellow balls,OpenGVLab/InternVL3-8B-hf,332,batch1,i
fr53,2,the shield,OpenGVLab/InternVL3-8B-hf,332,batch1,i
fr54,1,the man with his hand on his chin,OpenGVLab/InternVL3-8B-hf,332,batch1,i
fr55,4,the dollar sign,OpenGVLab/InternVL3-8B-hf,332,batch1,i
fr56,3,the flames,OpenGVLab/InternVL3-8B-hf,332,batch1,i
fr57,2,the red flower-shaped object with a pointy middle,OpenGVLab/InternVL3-8B-hf,332,batch1,i
fr58,2,the lamps,OpenGVLab/InternVL3-8B-hf,332,batch1,i
fr59,1,The person in a yellow shirt.,OpenGVLab/InternVL3-8B-hf,332,batch1,i
fr60,3,the trees in the lower left corner,OpenGVLab/InternVL3-8B-hf,332,batch1,i
or1,2,the heart-shaped tree,OpenGVLab/InternVL3-8B-hf,341,batch1,i
or2,3,The brain.,OpenGVLab/InternVL3-8B-hf,341,batch1,i
or3,4,the elephant,OpenGVLab/InternVL3-8B-hf,341,batch1,i
or4,2,the man in a wheelchair,OpenGVLab/InternVL3-8B-hf,341,batch1,i
or5,3,the man,OpenGVLab/InternVL3-8B-hf,341,batch1,i
or6,4,the kid in a yellow shirt,OpenGVLab/InternVL3-8B-hf,341,batch1,i
or7,4,The cloud.,OpenGVLab/InternVL3-8B-hf,341,batch1,i
or8,1,the staircase,OpenGVLab/InternVL3-8B-hf,341,batch1,i
or9,3,the phone,OpenGVLab/InternVL3-8B-hf,341,batch1,i
or10,4,the woman holding a note,OpenGVLab/InternVL3-8B-hf,341,batch1,i
or11,4,the air pump,OpenGVLab/InternVL3-8B-hf,341,batch1,i
or12,4,the woman's left foot,OpenGVLab/InternVL3-8B-hf,341,batch1,i
or13,4,the surgeons,OpenGVLab/InternVL3-8B-hf,341,batch1,i
or14,3,the man with a beard,OpenGVLab/InternVL3-8B-hf,341,batch1,i
or15,2,The flasks,OpenGVLab/InternVL3-8B-hf,341,batch1,i
cs16,3,the dog collar,OpenGVLab/InternVL3-8B-hf,341,batch1,i
cs17,4,the front side of pedestal,OpenGVLab/InternVL3-8B-hf,341,batch1,i
cs18,2,the torch,OpenGVLab/InternVL3-8B-hf,341,batch1,i
cs19,3,the hands,OpenGVLab/InternVL3-8B-hf,341,batch1,i
cs20,1,The magnifying glass.,OpenGVLab/InternVL3-8B-hf,341,batch1,i
cs21,2,the cigarette box,OpenGVLab/InternVL3-8B-hf,341,batch1,i
cs22,4,The people,OpenGVLab/InternVL3-8B-hf,341,batch1,i
cs23,1,the person,OpenGVLab/InternVL3-8B-hf,341,batch1,i
cs24,2,the mug,OpenGVLab/InternVL3-8B-hf,341,batch1,i
cs25,1,the little girl,OpenGVLab/InternVL3-8B-hf,341,batch1,i
cs26,2,The fingerprint scanner.,OpenGVLab/InternVL3-8B-hf,341,batch1,i
cs27,1,the bigger globe,OpenGVLab/InternVL3-8B-hf,341,batch1,i
cs28,2,the puzzle pieces,OpenGVLab/InternVL3-8B-hf,341,batch1,i
cs29,2,the book with a brick on it,OpenGVLab/InternVL3-8B-hf,341,batch1,i
cs30,2,The VR goggle,OpenGVLab/InternVL3-8B-hf,341,batch1,i
de31,1,the scale,OpenGVLab/InternVL3-8B-hf,341,batch1,i
de32,2,the couple,OpenGVLab/InternVL3-8B-hf,341,batch1,i
de33,1,the book,OpenGVLab/InternVL3-8B-hf,341,batch1,i
de34,1,the electrode cap,OpenGVLab/InternVL3-8B-hf,341,batch1,i
de35,1,the animal,OpenGVLab/InternVL3-8B-hf,341,batch1,i
de36,1,the soldiers facing forward,OpenGVLab/InternVL3-8B-hf,341,batch1,i
de37,1,the land,OpenGVLab/InternVL3-8B-hf,341,batch1,i
de38,1,the big car,OpenGVLab/InternVL3-8B-hf,341,batch1,i
de39,2,the piggy bank,OpenGVLab/InternVL3-8B-hf,341,batch1,i
de40,1,The faucet.,OpenGVLab/InternVL3-8B-hf,341,batch1,i
de41,1,the quill pen,OpenGVLab/InternVL3-8B-hf,341,batch1,i
de42,2,the pig broken in half,OpenGVLab/InternVL3-8B-hf,341,batch1,i
de43,1,the people,OpenGVLab/InternVL3-8B-hf,341,batch1,i
de44,2,the woman with a notepad,OpenGVLab/InternVL3-8B-hf,341,batch1,i
de45,2,the orchestra,OpenGVLab/InternVL3-8B-hf,341,batch1,i
fr46,2,the cylinders,OpenGVLab/InternVL3-8B-hf,341,batch1,i
fr47,1,the seal,OpenGVLab/InternVL3-8B-hf,341,batch1,i
fr48,2,the tomatoes,OpenGVLab/InternVL3-8B-hf,341,batch1,i
fr49,2,the magnifying glass,OpenGVLab/InternVL3-8B-hf,341,batch1,i
fr50,1,the ape,OpenGVLab/InternVL3-8B-hf,341,batch1,i
fr51,2,the lock,OpenGVLab/InternVL3-8B-hf,341,batch1,i
fr52,2,The yellow balls.,OpenGVLab/InternVL3-8B-hf,341,batch1,i
fr53,2,the shield,OpenGVLab/InternVL3-8B-hf,341,batch1,i
fr54,2,the man with his hand on his chin,OpenGVLab/InternVL3-8B-hf,341,batch1,i
fr55,4,the dollar sign,OpenGVLab/InternVL3-8B-hf,341,batch1,i
fr56,3,the flames,OpenGVLab/InternVL3-8B-hf,341,batch1,i
fr57,1,the red flower-shaped object with a pointy middle,OpenGVLab/InternVL3-8B-hf,341,batch1,i
fr58,1,the lamps,OpenGVLab/InternVL3-8B-hf,341,batch1,i
fr59,2,The person in a yellow shirt.,OpenGVLab/InternVL3-8B-hf,341,batch1,i
fr60,3,the trees in the lower left corner,OpenGVLab/InternVL3-8B-hf,341,batch1,i
or1,2,the watering cans,OpenGVLab/InternVL3-8B-hf,353,batch1,i
or2,4,The brain.,OpenGVLab/InternVL3-8B-hf,353,batch1,i
or3,3,the elephant,OpenGVLab/InternVL3-8B-hf,353,batch1,i
or4,3,the laptops,OpenGVLab/InternVL3-8B-hf,353,batch1,i
or5,2,the man,OpenGVLab/InternVL3-8B-hf,353,batch1,i
or6,4,the kid in a yellow shirt,OpenGVLab/InternVL3-8B-hf,353,batch1,i
or7,4,The cloud.,OpenGVLab/InternVL3-8B-hf,353,batch1,i
or8,3,the staircase,OpenGVLab/InternVL3-8B-hf,353,batch1,i
or9,3,the phone,OpenGVLab/InternVL3-8B-hf,353,batch1,i
or10,4,the woman holding a note,OpenGVLab/InternVL3-8B-hf,353,batch1,i
or11,4,the air pump,OpenGVLab/InternVL3-8B-hf,353,batch1,i
or12,4,the woman's left foot,OpenGVLab/InternVL3-8B-hf,353,batch1,i
or13,3,the surgeons,OpenGVLab/InternVL3-8B-hf,353,batch1,i
or14,4,the man with a beard,OpenGVLab/InternVL3-8B-hf,353,batch1,i
or15,3,The flasks,OpenGVLab/InternVL3-8B-hf,353,batch1,i
cs16,3,the dog collar,OpenGVLab/InternVL3-8B-hf,353,batch1,i
cs17,4,the front side of pedestal,OpenGVLab/InternVL3-8B-hf,353,batch1,i
cs18,2,the torch,OpenGVLab/InternVL3-8B-hf,353,batch1,i
cs19,3,the hands,OpenGVLab/InternVL3-8B-hf,353,batch1,i
cs20,1,the magnifying glass,OpenGVLab/InternVL3-8B-hf,353,batch1,i
cs21,3,the cigarette box,OpenGVLab/InternVL3-8B-hf,353,batch1,i
cs22,3,the people,OpenGVLab/InternVL3-8B-hf,353,batch1,i
cs23,1,the bike,OpenGVLab/InternVL3-8B-hf,353,batch1,i
cs24,2,the mug,OpenGVLab/InternVL3-8B-hf,353,batch1,i
cs25,1,the little girl,OpenGVLab/InternVL3-8B-hf,353,batch1,i
cs26,4,the fingerprint scanner,OpenGVLab/InternVL3-8B-hf,353,batch1,i
cs27,1,the bigger globe,OpenGVLab/InternVL3-8B-hf,353,batch1,i
cs28,2,the puzzle pieces,OpenGVLab/InternVL3-8B-hf,353,batch1,i
cs29,1,the magnifying glass,OpenGVLab/InternVL3-8B-hf,353,batch1,i
cs30,2,The VR goggle,OpenGVLab/InternVL3-8B-hf,353,batch1,i
de31,2,the scale,OpenGVLab/InternVL3-8B-hf,353,batch1,i
de32,2,the couple,OpenGVLab/InternVL3-8B-hf,353,batch1,i
de33,1,the bathtub,OpenGVLab/InternVL3-8B-hf,353,batch1,i
de34,2,the electrode cap,OpenGVLab/InternVL3-8B-hf,353,batch1,i
de35,1,the animal,OpenGVLab/InternVL3-8B-hf,353,batch1,i
de36,1,the soldiers facing forward,OpenGVLab/InternVL3-8B-hf,353,batch1,i
de37,1,the land,OpenGVLab/InternVL3-8B-hf,353,batch1,i
de38,1,the big car,OpenGVLab/InternVL3-8B-hf,353,batch1,i
de39,3,the piggy bank,OpenGVLab/InternVL3-8B-hf,353,batch1,i
de40,1,The faucet.,OpenGVLab/InternVL3-8B-hf,353,batch1,i
de41,1,The quill pen.,OpenGVLab/InternVL3-8B-hf,353,batch1,i
de42,1,the pig broken in half,OpenGVLab/InternVL3-8B-hf,353,batch1,i
de43,1,the people,OpenGVLab/InternVL3-8B-hf,353,batch1,i
de44,2,the woman with a notepad,OpenGVLab/InternVL3-8B-hf,353,batch1,i
de45,1,the orchestra,OpenGVLab/InternVL3-8B-hf,353,batch1,i
fr46,2,the cylinders,OpenGVLab/InternVL3-8B-hf,353,batch1,i
fr47,1,The seal,OpenGVLab/InternVL3-8B-hf,353,batch1,i
fr48,1,the tomatoes,OpenGVLab/InternVL3-8B-hf,353,batch1,i
fr49,2,the magnifying glass,OpenGVLab/InternVL3-8B-hf,353,batch1,i
fr50,2,The ape,OpenGVLab/InternVL3-8B-hf,353,batch1,i
fr51,2,the lock,OpenGVLab/InternVL3-8B-hf,353,batch1,i
fr52,3,The yellow balls.,OpenGVLab/InternVL3-8B-hf,353,batch1,i
fr53,1,the shield,OpenGVLab/InternVL3-8B-hf,353,batch1,i
fr54,2,the man with his hand on his chin,OpenGVLab/InternVL3-8B-hf,353,batch1,i
fr55,3,the dollar sign,OpenGVLab/InternVL3-8B-hf,353,batch1,i
fr56,3,The flames,OpenGVLab/InternVL3-8B-hf,353,batch1,i
fr57,2,the red flower-shaped object with a pointy middle,OpenGVLab/InternVL3-8B-hf,353,batch1,i
fr58,2,the lamps,OpenGVLab/InternVL3-8B-hf,353,batch1,i
fr59,2,The person in a yellow shirt.,OpenGVLab/InternVL3-8B-hf,353,batch1,i
fr60,3,the trees in the lower left corner,OpenGVLab/InternVL3-8B-hf,353,batch1,i
or1,3,the watering cans,OpenGVLab/InternVL3-8B-hf,415,batch1,i
or2,4,The brain.,OpenGVLab/InternVL3-8B-hf,415,batch1,i
or3,3,the elephant,OpenGVLab/InternVL3-8B-hf,415,batch1,i
or4,4,the man in a wheelchair,OpenGVLab/InternVL3-8B-hf,415,batch1,i
or5,2,the man,OpenGVLab/InternVL3-8B-hf,415,batch1,i
or6,4,the kid in a yellow shirt,OpenGVLab/InternVL3-8B-hf,415,batch1,i
or7,4,The cloud.,OpenGVLab/InternVL3-8B-hf,415,batch1,i
or8,2,the staircase,OpenGVLab/InternVL3-8B-hf,415,batch1,i
or9,3,the phone,OpenGVLab/InternVL3-8B-hf,415,batch1,i
or10,4,the woman holding a note,OpenGVLab/InternVL3-8B-hf,415,batch1,i
or11,4,the air pump,OpenGVLab/InternVL3-8B-hf,415,batch1,i
or12,4,the woman's left foot,OpenGVLab/InternVL3-8B-hf,415,batch1,i
or13,2,the surgeons,OpenGVLab/InternVL3-8B-hf,415,batch1,i
or14,4,The man with a beard,OpenGVLab/InternVL3-8B-hf,415,batch1,i
or15,2,The flasks,OpenGVLab/InternVL3-8B-hf,415,batch1,i
cs16,3,the dog collar,OpenGVLab/InternVL3-8B-hf,415,batch1,i
cs17,4,the front side of pedestal,OpenGVLab/InternVL3-8B-hf,415,batch1,i
cs18,3,the torch,OpenGVLab/InternVL3-8B-hf,415,batch1,i
cs19,3,the hands,OpenGVLab/InternVL3-8B-hf,415,batch1,i
cs20,1,the magnifying glass,OpenGVLab/InternVL3-8B-hf,415,batch1,i
cs21,2,the cigarette box,OpenGVLab/InternVL3-8B-hf,415,batch1,i
cs22,4,the people,OpenGVLab/InternVL3-8B-hf,415,batch1,i
cs23,2,the person,OpenGVLab/InternVL3-8B-hf,415,batch1,i
cs24,2,the mug,OpenGVLab/InternVL3-8B-hf,415,batch1,i
cs25,1,the little girl,OpenGVLab/InternVL3-8B-hf,415,batch1,i
cs26,3,The fingerprint scanner.,OpenGVLab/InternVL3-8B-hf,415,batch1,i
cs27,1,the bigger globe,OpenGVLab/InternVL3-8B-hf,415,batch1,i
cs28,2,The puzzle pieces.,OpenGVLab/InternVL3-8B-hf,415,batch1,i
cs29,2,the book with a brick on it,OpenGVLab/InternVL3-8B-hf,415,batch1,i
cs30,2,The VR goggle.,OpenGVLab/InternVL3-8B-hf,415,batch1,i
de31,2,the scale,OpenGVLab/InternVL3-8B-hf,415,batch1,i
de32,2,the couple,OpenGVLab/InternVL3-8B-hf,415,batch1,i
de33,1,the book,OpenGVLab/InternVL3-8B-hf,415,batch1,i
de34,2,the electrode cap,OpenGVLab/InternVL3-8B-hf,415,batch1,i
de35,2,the animal,OpenGVLab/InternVL3-8B-hf,415,batch1,i
de36,1,the soldiers facing forward,OpenGVLab/InternVL3-8B-hf,415,batch1,i
de37,2,the land,OpenGVLab/InternVL3-8B-hf,415,batch1,i
de38,2,the big car,OpenGVLab/InternVL3-8B-hf,415,batch1,i
de39,2,the piggy bank,OpenGVLab/InternVL3-8B-hf,415,batch1,i
de40,1,the faucet,OpenGVLab/InternVL3-8B-hf,415,batch1,i
de41,1,The quill pen,OpenGVLab/InternVL3-8B-hf,415,batch1,i
de42,1,the pig broken in half,OpenGVLab/InternVL3-8B-hf,415,batch1,i
de43,1,the people,OpenGVLab/InternVL3-8B-hf,415,batch1,i
de44,2,the woman with a notepad,OpenGVLab/InternVL3-8B-hf,415,batch1,i
de45,2,the orchestra,OpenGVLab/InternVL3-8B-hf,415,batch1,i
fr46,1,the cylinders,OpenGVLab/InternVL3-8B-hf,415,batch1,i
fr47,1,the seal,OpenGVLab/InternVL3-8B-hf,415,batch1,i
fr48,1,the tomatoes,OpenGVLab/InternVL3-8B-hf,415,batch1,i
fr49,2,the magnifying glass,OpenGVLab/InternVL3-8B-hf,415,batch1,i
fr50,1,the ape,OpenGVLab/InternVL3-8B-hf,415,batch1,i
fr51,2,the lock,OpenGVLab/InternVL3-8B-hf,415,batch1,i
fr52,2,the yellow balls,OpenGVLab/InternVL3-8B-hf,415,batch1,i
fr53,2,the shield,OpenGVLab/InternVL3-8B-hf,415,batch1,i
fr54,2,the sitting man wearing a hat,OpenGVLab/InternVL3-8B-hf,415,batch1,i
fr55,4,the dollar sign,OpenGVLab/InternVL3-8B-hf,415,batch1,i
fr56,3,The flames,OpenGVLab/InternVL3-8B-hf,415,batch1,i
fr57,3,the red flower-shaped object with a pointy middle,OpenGVLab/InternVL3-8B-hf,415,batch1,i
fr58,1,The lamps,OpenGVLab/InternVL3-8B-hf,415,batch1,i
fr59,1,the old-fashioned phone,OpenGVLab/InternVL3-8B-hf,415,batch1,i
fr60,2,the trees in the lower left corner,OpenGVLab/InternVL3-8B-hf,415,batch1,i
or1,1,the heart-shaped tree,OpenGVLab/InternVL3-8B-hf,490,batch1,i
or2,3,The brain.,OpenGVLab/InternVL3-8B-hf,490,batch1,i
or3,4,The elephant,OpenGVLab/InternVL3-8B-hf,490,batch1,i
or4,4,the laptops,OpenGVLab/InternVL3-8B-hf,490,batch1,i
or5,3,the man,OpenGVLab/InternVL3-8B-hf,490,batch1,i
or6,4,the kid in a yellow shirt,OpenGVLab/InternVL3-8B-hf,490,batch1,i
or7,4,everything equal,OpenGVLab/InternVL3-8B-hf,490,batch1,i
or8,3,the door,OpenGVLab/InternVL3-8B-hf,490,batch1,i
or9,3,the phone,OpenGVLab/InternVL3-8B-hf,490,batch1,i
or10,4,the woman holding a note,OpenGVLab/InternVL3-8B-hf,490,batch1,i
or11,3,the air pump,OpenGVLab/InternVL3-8B-hf,490,batch1,i
or12,4,the woman's left foot,OpenGVLab/InternVL3-8B-hf,490,batch1,i
or13,4,the surgeons,OpenGVLab/InternVL3-8B-hf,490,batch1,i
or14,3,the man with a beard,OpenGVLab/InternVL3-8B-hf,490,batch1,i
or15,1,the flasks,OpenGVLab/InternVL3-8B-hf,490,batch1,i
cs16,3,the dog collar,OpenGVLab/InternVL3-8B-hf,490,batch1,i
cs17,4,the diamond,OpenGVLab/InternVL3-8B-hf,490,batch1,i
cs18,2,the torch,OpenGVLab/InternVL3-8B-hf,490,batch1,i
cs19,3,the hands,OpenGVLab/InternVL3-8B-hf,490,batch1,i
cs20,1,the magnifying glass,OpenGVLab/InternVL3-8B-hf,490,batch1,i
cs21,2,the cigarette box,OpenGVLab/InternVL3-8B-hf,490,batch1,i
cs22,3,the people,OpenGVLab/InternVL3-8B-hf,490,batch1,i
cs23,2,the person,OpenGVLab/InternVL3-8B-hf,490,batch1,i
cs24,2,The mug.,OpenGVLab/InternVL3-8B-hf,490,batch1,i
cs25,2,the little girl,OpenGVLab/InternVL3-8B-hf,490,batch1,i
cs26,3,the fingerprint scanner,OpenGVLab/InternVL3-8B-hf,490,batch1,i
cs27,1,the bigger globe,OpenGVLab/InternVL3-8B-hf,490,batch1,i
cs28,3,The puzzle pieces.,OpenGVLab/InternVL3-8B-hf,490,batch1,i
cs29,1,the book with a brick on it,OpenGVLab/InternVL3-8B-hf,490,batch1,i
cs30,3,the VR goggle,OpenGVLab/InternVL3-8B-hf,490,batch1,i
de31,2,the scale,OpenGVLab/InternVL3-8B-hf,490,batch1,i
de32,2,the couple,OpenGVLab/InternVL3-8B-hf,490,batch1,i
de33,1,the book,OpenGVLab/InternVL3-8B-hf,490,batch1,i
de34,1,the electrode cap,OpenGVLab/InternVL3-8B-hf,490,batch1,i
de35,2,the animal,OpenGVLab/InternVL3-8B-hf,490,batch1,i
de36,1,the soldiers facing forward,OpenGVLab/InternVL3-8B-hf,490,batch1,i
de37,1,The water.,OpenGVLab/InternVL3-8B-hf,490,batch1,i
de38,1,the big car,OpenGVLab/InternVL3-8B-hf,490,batch1,i
de39,1,the piggy bank,OpenGVLab/InternVL3-8B-hf,490,batch1,i
de40,1,the faucet,OpenGVLab/InternVL3-8B-hf,490,batch1,i
de41,1,the quill pen,OpenGVLab/InternVL3-8B-hf,490,batch1,i
de42,1,the pig broken in half,OpenGVLab/InternVL3-8B-hf,490,batch1,i
de43,1,the people,OpenGVLab/InternVL3-8B-hf,490,batch1,i
de44,2,the woman with a notepad,OpenGVLab/InternVL3-8B-hf,490,batch1,i
de45,2,the orchestra,OpenGVLab/InternVL3-8B-hf,490,batch1,i
fr46,2,The cylinders,OpenGVLab/InternVL3-8B-hf,490,batch1,i
fr47,1,the seal,OpenGVLab/InternVL3-8B-hf,490,batch1,i
fr48,2,the tomatoes,OpenGVLab/InternVL3-8B-hf,490,batch1,i
fr49,2,the magnifying glass,OpenGVLab/InternVL3-8B-hf,490,batch1,i
fr50,2,the ape,OpenGVLab/InternVL3-8B-hf,490,batch1,i
fr51,2,the lock,OpenGVLab/InternVL3-8B-hf,490,batch1,i
fr52,3,the yellow balls,OpenGVLab/InternVL3-8B-hf,490,batch1,i
fr53,1,The shield.,OpenGVLab/InternVL3-8B-hf,490,batch1,i
fr54,2,the sitting man wearing a hat,OpenGVLab/InternVL3-8B-hf,490,batch1,i
fr55,4,the dollar sign,OpenGVLab/InternVL3-8B-hf,490,batch1,i
fr56,2,the flames,OpenGVLab/InternVL3-8B-hf,490,batch1,i
fr57,1,the red flower-shaped object with a pointy middle,OpenGVLab/InternVL3-8B-hf,490,batch1,i
fr58,1,The lamps.,OpenGVLab/InternVL3-8B-hf,490,batch1,i
fr59,1,the old-fashioned phone,OpenGVLab/InternVL3-8B-hf,490,batch1,i
fr60,3,the trees in the lower left corner,OpenGVLab/InternVL3-8B-hf,490,batch1,i
or16,4,The dog collar.,OpenGVLab/InternVL3-8B-hf,199,batch2,i
or17,4,the diamond,OpenGVLab/InternVL3-8B-hf,199,batch2,i
or18,4,the torch,OpenGVLab/InternVL3-8B-hf,199,batch2,i
or19,3,the hands,OpenGVLab/InternVL3-8B-hf,199,batch2,i
or20,4,the magnifying glass,OpenGVLab/InternVL3-8B-hf,199,batch2,i
or21,4,the cigarette box,OpenGVLab/InternVL3-8B-hf,199,batch2,i
or22,3,the people,OpenGVLab/InternVL3-8B-hf,199,batch2,i
or23,4,the person,OpenGVLab/InternVL3-8B-hf,199,batch2,i
or24,4,the mug,OpenGVLab/InternVL3-8B-hf,199,batch2,i
or25,3,the little girl,OpenGVLab/InternVL3-8B-hf,199,batch2,i
or26,4,The fingerprint scanner.,OpenGVLab/InternVL3-8B-hf,199,batch2,i
or27,4,the bigger globe,OpenGVLab/InternVL3-8B-hf,199,batch2,i
or28,4,the puzzle pieces,OpenGVLab/InternVL3-8B-hf,199,batch2,i
or29,4,the book with a brick on it,OpenGVLab/InternVL3-8B-hf,199,batch2,i
or30,3,The VR goggle.,OpenGVLab/InternVL3-8B-hf,199,batch2,i
cs31,3,the scale,OpenGVLab/InternVL3-8B-hf,199,batch2,i
cs32,3,the couple,OpenGVLab/InternVL3-8B-hf,199,batch2,i
cs33,1,the bathtub,OpenGVLab/InternVL3-8B-hf,199,batch2,i
cs34,1,the electrode cap,OpenGVLab/InternVL3-8B-hf,199,batch2,i
cs35,2,the animal,OpenGVLab/InternVL3-8B-hf,199,batch2,i
cs36,1,the soldiers facing forward,OpenGVLab/InternVL3-8B-hf,199,batch2,i
cs37,1,The water.,OpenGVLab/InternVL3-8B-hf,199,batch2,i
cs38,1,the big car,OpenGVLab/InternVL3-8B-hf,199,batch2,i
cs39,4,the piggy bank,OpenGVLab/InternVL3-8B-hf,199,batch2,i
cs40,1,the faucet,OpenGVLab/InternVL3-8B-hf,199,batch2,i
cs41,1,The quill pen,OpenGVLab/InternVL3-8B-hf,199,batch2,i
cs42,1,the pig broken in half,OpenGVLab/InternVL3-8B-hf,199,batch2,i
cs43,3,the people,OpenGVLab/InternVL3-8B-hf,199,batch2,i
cs44,3,the woman with a notepad,OpenGVLab/InternVL3-8B-hf,199,batch2,i
cs45,1,the orchestra,OpenGVLab/InternVL3-8B-hf,199,batch2,i
de46,3,the cylinders,OpenGVLab/InternVL3-8B-hf,199,batch2,i
de47,1,the seal,OpenGVLab/InternVL3-8B-hf,199,batch2,i
de48,3,the corn,OpenGVLab/InternVL3-8B-hf,199,batch2,i
de49,1,the magnifying glass,OpenGVLab/InternVL3-8B-hf,199,batch2,i
de50,1,the ape,OpenGVLab/InternVL3-8B-hf,199,batch2,i
de51,2,the lock,OpenGVLab/InternVL3-8B-hf,199,batch2,i
de52,3,the yellow balls,OpenGVLab/InternVL3-8B-hf,199,batch2,i
de53,1,the shield,OpenGVLab/InternVL3-8B-hf,199,batch2,i
de54,1,the man with his hand on his chin,OpenGVLab/InternVL3-8B-hf,199,batch2,i
de55,4,the dollar sign,OpenGVLab/InternVL3-8B-hf,199,batch2,i
de56,2,the flames,OpenGVLab/InternVL3-8B-hf,199,batch2,i
de57,2,the red flower-shaped object with a pointy middle,OpenGVLab/InternVL3-8B-hf,199,batch2,i
de58,2,the lamps,OpenGVLab/InternVL3-8B-hf,199,batch2,i
de59,2,The person in a yellow shirt.,OpenGVLab/InternVL3-8B-hf,199,batch2,i
de60,3,the trees in the lower left corner,OpenGVLab/InternVL3-8B-hf,199,batch2,i
fr61,2,the woman,OpenGVLab/InternVL3-8B-hf,199,batch2,i
fr62,3,the solar panel,OpenGVLab/InternVL3-8B-hf,199,batch2,i
fr63,2,the tray,OpenGVLab/InternVL3-8B-hf,199,batch2,i
fr64,4,the man,OpenGVLab/InternVL3-8B-hf,199,batch2,i
fr65,1,the baby,OpenGVLab/InternVL3-8B-hf,199,batch2,i
fr66,1,the barbed wire,OpenGVLab/InternVL3-8B-hf,199,batch2,i
fr67,3,The red rays.,OpenGVLab/InternVL3-8B-hf,199,batch2,i
fr68,2,the man,OpenGVLab/InternVL3-8B-hf,199,batch2,i
fr69,1,the crowd,OpenGVLab/InternVL3-8B-hf,199,batch2,i
fr70,1,the man's right hand,OpenGVLab/InternVL3-8B-hf,199,batch2,i
fr71,1,the open books,OpenGVLab/InternVL3-8B-hf,199,batch2,i
fr72,1,the soccer ball,OpenGVLab/InternVL3-8B-hf,199,batch2,i
fr73,2,the stool,OpenGVLab/InternVL3-8B-hf,199,batch2,i
fr74,3,the red bars,OpenGVLab/InternVL3-8B-hf,199,batch2,i
fr75,1,the lime,OpenGVLab/InternVL3-8B-hf,199,batch2,i
or16,4,the dog collar,OpenGVLab/InternVL3-8B-hf,226,batch2,i
or17,4,the front side of pedestal,OpenGVLab/InternVL3-8B-hf,226,batch2,i
or18,4,the torch,OpenGVLab/InternVL3-8B-hf,226,batch2,i
or19,4,the hands,OpenGVLab/InternVL3-8B-hf,226,batch2,i
or20,4,The magnifying glass.,OpenGVLab/InternVL3-8B-hf,226,batch2,i
or21,3,the cigarette box,OpenGVLab/InternVL3-8B-hf,226,batch2,i
or22,4,the people,OpenGVLab/InternVL3-8B-hf,226,batch2,i
or23,4,the person,OpenGVLab/InternVL3-8B-hf,226,batch2,i
or24,4,the mug,OpenGVLab/InternVL3-8B-hf,226,batch2,i
or25,4,the little girl,OpenGVLab/InternVL3-8B-hf,226,batch2,i
or26,3,The fingerprint scanner.,OpenGVLab/InternVL3-8B-hf,226,batch2,i
or27,4,the bigger globe,OpenGVLab/InternVL3-8B-hf,226,batch2,i
or28,4,the puzzle pieces,OpenGVLab/InternVL3-8B-hf,226,batch2,i
or29,4,the magnifying glass,OpenGVLab/InternVL3-8B-hf,226,batch2,i
or30,3,The VR goggle.,OpenGVLab/InternVL3-8B-hf,226,batch2,i
cs31,2,the scale,OpenGVLab/InternVL3-8B-hf,226,batch2,i
cs32,2,the couple,OpenGVLab/InternVL3-8B-hf,226,batch2,i
cs33,2,the book,OpenGVLab/InternVL3-8B-hf,226,batch2,i
cs34,1,the electrode cap,OpenGVLab/InternVL3-8B-hf,226,batch2,i
cs35,2,the animal,OpenGVLab/InternVL3-8B-hf,226,batch2,i
cs36,1,the soldiers facing forward,OpenGVLab/InternVL3-8B-hf,226,batch2,i
cs37,1,The water.,OpenGVLab/InternVL3-8B-hf,226,batch2,i
cs38,1,the big car,OpenGVLab/InternVL3-8B-hf,226,batch2,i
cs39,4,the piggy bank,OpenGVLab/InternVL3-8B-hf,226,batch2,i
cs40,1,the faucet,OpenGVLab/InternVL3-8B-hf,226,batch2,i
cs41,1,The quill pen.,OpenGVLab/InternVL3-8B-hf,226,batch2,i
cs42,1,the pig broken in half,OpenGVLab/InternVL3-8B-hf,226,batch2,i
cs43,3,the people,OpenGVLab/InternVL3-8B-hf,226,batch2,i
cs44,4,the woman with a notepad,OpenGVLab/InternVL3-8B-hf,226,batch2,i
cs45,1,the orchestra,OpenGVLab/InternVL3-8B-hf,226,batch2,i
de46,3,The cylinders,OpenGVLab/InternVL3-8B-hf,226,batch2,i
de47,1,the seal,OpenGVLab/InternVL3-8B-hf,226,batch2,i
de48,2,the tomatoes,OpenGVLab/InternVL3-8B-hf,226,batch2,i
de49,1,the magnifying glass,OpenGVLab/InternVL3-8B-hf,226,batch2,i
de50,1,the ape,OpenGVLab/InternVL3-8B-hf,226,batch2,i
de51,2,the lock,OpenGVLab/InternVL3-8B-hf,226,batch2,i
de52,2,The yellow balls.,OpenGVLab/InternVL3-8B-hf,226,batch2,i
de53,2,the shield,OpenGVLab/InternVL3-8B-hf,226,batch2,i
de54,1,the sitting man wearing a hat,OpenGVLab/InternVL3-8B-hf,226,batch2,i
de55,4,the dollar sign,OpenGVLab/InternVL3-8B-hf,226,batch2,i
de56,1,The flames,OpenGVLab/InternVL3-8B-hf,226,batch2,i
de57,2,the red flower-shaped object with a pointy middle,OpenGVLab/InternVL3-8B-hf,226,batch2,i
de58,2,the lamps,OpenGVLab/InternVL3-8B-hf,226,batch2,i
de59,2,the old-fashioned phone,OpenGVLab/InternVL3-8B-hf,226,batch2,i
de60,3,the trees in the lower left corner,OpenGVLab/InternVL3-8B-hf,226,batch2,i
fr61,2,the woman,OpenGVLab/InternVL3-8B-hf,226,batch2,i
fr62,2,the solar panel,OpenGVLab/InternVL3-8B-hf,226,batch2,i
fr63,1,the tray,OpenGVLab/InternVL3-8B-hf,226,batch2,i
fr64,3,the man,OpenGVLab/InternVL3-8B-hf,226,batch2,i
fr65,1,the baby,OpenGVLab/InternVL3-8B-hf,226,batch2,i
fr66,1,the barbed wire,OpenGVLab/InternVL3-8B-hf,226,batch2,i
fr67,3,The red rays.,OpenGVLab/InternVL3-8B-hf,226,batch2,i
fr68,2,the man,OpenGVLab/InternVL3-8B-hf,226,batch2,i
fr69,1,the crowd,OpenGVLab/InternVL3-8B-hf,226,batch2,i
fr70,1,the man's right hand,OpenGVLab/InternVL3-8B-hf,226,batch2,i
fr71,1,the open books,OpenGVLab/InternVL3-8B-hf,226,batch2,i
fr72,1,the soccer ball,OpenGVLab/InternVL3-8B-hf,226,batch2,i
fr73,2,the stool,OpenGVLab/InternVL3-8B-hf,226,batch2,i
fr74,3,The red bars.,OpenGVLab/InternVL3-8B-hf,226,batch2,i
fr75,1,the lime,OpenGVLab/InternVL3-8B-hf,226,batch2,i
or16,4,the dog collar,OpenGVLab/InternVL3-8B-hf,227,batch2,i
or17,4,the front side of pedestal,OpenGVLab/InternVL3-8B-hf,227,batch2,i
or18,4,the torch,OpenGVLab/InternVL3-8B-hf,227,batch2,i
or19,3,the hands,OpenGVLab/InternVL3-8B-hf,227,batch2,i
or20,4,The magnifying glass.,OpenGVLab/InternVL3-8B-hf,227,batch2,i
or21,3,the cigarette box,OpenGVLab/InternVL3-8B-hf,227,batch2,i
or22,4,the people,OpenGVLab/InternVL3-8B-hf,227,batch2,i
or23,4,the person,OpenGVLab/InternVL3-8B-hf,227,batch2,i
or24,4,the mug,OpenGVLab/InternVL3-8B-hf,227,batch2,i
or25,4,the little girl,OpenGVLab/InternVL3-8B-hf,227,batch2,i
or26,3,The fingerprint scanner.,OpenGVLab/InternVL3-8B-hf,227,batch2,i
or27,3,the bigger globe,OpenGVLab/InternVL3-8B-hf,227,batch2,i
or28,4,the puzzle pieces,OpenGVLab/InternVL3-8B-hf,227,batch2,i
or29,4,the book with a brick on it,OpenGVLab/InternVL3-8B-hf,227,batch2,i
or30,4,The VR goggle.,OpenGVLab/InternVL3-8B-hf,227,batch2,i
cs31,2,the scale,OpenGVLab/InternVL3-8B-hf,227,batch2,i
cs32,2,the couple,OpenGVLab/InternVL3-8B-hf,227,batch2,i
cs33,1,the book,OpenGVLab/InternVL3-8B-hf,227,batch2,i
cs34,1,the electrode cap,OpenGVLab/InternVL3-8B-hf,227,batch2,i
cs35,2,the animal,OpenGVLab/InternVL3-8B-hf,227,batch2,i
cs36,1,The soldiers facing forward.,OpenGVLab/InternVL3-8B-hf,227,batch2,i
cs37,1,the land,OpenGVLab/InternVL3-8B-hf,227,batch2,i
cs38,1,the big car,OpenGVLab/InternVL3-8B-hf,227,batch2,i
cs39,4,The piggy bank,OpenGVLab/InternVL3-8B-hf,227,batch2,i
cs40,1,the faucet,OpenGVLab/InternVL3-8B-hf,227,batch2,i
cs41,1,The quill pen,OpenGVLab/InternVL3-8B-hf,227,batch2,i
cs42,1,the pig broken in half,OpenGVLab/InternVL3-8B-hf,227,batch2,i
cs43,3,the people,OpenGVLab/InternVL3-8B-hf,227,batch2,i
cs44,4,the woman with a notepad,OpenGVLab/InternVL3-8B-hf,227,batch2,i
cs45,1,the orchestra,OpenGVLab/InternVL3-8B-hf,227,batch2,i
de46,2,The cylinders.,OpenGVLab/InternVL3-8B-hf,227,batch2,i
de47,1,the seal,OpenGVLab/InternVL3-8B-hf,227,batch2,i
de48,3,the tomatoes,OpenGVLab/InternVL3-8B-hf,227,batch2,i
de49,1,the magnifying glass,OpenGVLab/InternVL3-8B-hf,227,batch2,i
de50,1,the ape,OpenGVLab/InternVL3-8B-hf,227,batch2,i
de51,1,the lock,OpenGVLab/InternVL3-8B-hf,227,batch2,i
de52,2,The yellow balls.,OpenGVLab/InternVL3-8B-hf,227,batch2,i
de53,1,the shield,OpenGVLab/InternVL3-8B-hf,227,batch2,i
de54,1,the sitting man wearing a hat,OpenGVLab/InternVL3-8B-hf,227,batch2,i
de55,4,The dollar sign.,OpenGVLab/InternVL3-8B-hf,227,batch2,i
de56,2,the flames,OpenGVLab/InternVL3-8B-hf,227,batch2,i
de57,2,the red flower-shaped object with a pointy middle,OpenGVLab/InternVL3-8B-hf,227,batch2,i
de58,1,the lamps,OpenGVLab/InternVL3-8B-hf,227,batch2,i
de59,2,The old-fashioned phone.,OpenGVLab/InternVL3-8B-hf,227,batch2,i
de60,1,The trees in the lower left corner.,OpenGVLab/InternVL3-8B-hf,227,batch2,i
fr61,1,the woman,OpenGVLab/InternVL3-8B-hf,227,batch2,i
fr62,3,the solar panel,OpenGVLab/InternVL3-8B-hf,227,batch2,i
fr63,2,the tray,OpenGVLab/InternVL3-8B-hf,227,batch2,i
fr64,3,The man,OpenGVLab/InternVL3-8B-hf,227,batch2,i
fr65,1,the baby,OpenGVLab/InternVL3-8B-hf,227,batch2,i
fr66,1,the men with their hands up,OpenGVLab/InternVL3-8B-hf,227,batch2,i
fr67,2,It is ambiguous.,OpenGVLab/InternVL3-8B-hf,227,batch2,i
fr68,3,the man,OpenGVLab/InternVL3-8B-hf,227,batch2,i
fr69,2,the crowd,OpenGVLab/InternVL3-8B-hf,227,batch2,i
fr70,1,the man's right hand,OpenGVLab/InternVL3-8B-hf,227,batch2,i
fr71,2,the woman holding a pen,OpenGVLab/InternVL3-8B-hf,227,batch2,i
fr72,1,the soccer ball,OpenGVLab/InternVL3-8B-hf,227,batch2,i
fr73,2,the stool,OpenGVLab/InternVL3-8B-hf,227,batch2,i
fr74,3,the red bars,OpenGVLab/InternVL3-8B-hf,227,batch2,i
fr75,1,the lime,OpenGVLab/InternVL3-8B-hf,227,batch2,i
or16,4,the dog collar,OpenGVLab/InternVL3-8B-hf,242,batch2,i
or17,3,the front side of pedestal,OpenGVLab/InternVL3-8B-hf,242,batch2,i
or18,4,the torch,OpenGVLab/InternVL3-8B-hf,242,batch2,i
or19,4,the hands,OpenGVLab/InternVL3-8B-hf,242,batch2,i
or20,4,the magnifying glass,OpenGVLab/InternVL3-8B-hf,242,batch2,i
or21,4,the cigarette box,OpenGVLab/InternVL3-8B-hf,242,batch2,i
or22,3,the people,OpenGVLab/InternVL3-8B-hf,242,batch2,i
or23,4,the person,OpenGVLab/InternVL3-8B-hf,242,batch2,i
or24,3,The mug.,OpenGVLab/InternVL3-8B-hf,242,batch2,i
or25,4,the little girl,OpenGVLab/InternVL3-8B-hf,242,batch2,i
or26,3,The fingerprint scanner.,OpenGVLab/InternVL3-8B-hf,242,batch2,i
or27,3,the bigger globe,OpenGVLab/InternVL3-8B-hf,242,batch2,i
or28,4,the puzzle pieces,OpenGVLab/InternVL3-8B-hf,242,batch2,i
or29,4,the book with a brick on it,OpenGVLab/InternVL3-8B-hf,242,batch2,i
or30,3,The VR goggle,OpenGVLab/InternVL3-8B-hf,242,batch2,i
cs31,2,the scale,OpenGVLab/InternVL3-8B-hf,242,batch2,i
cs32,2,the couple,OpenGVLab/InternVL3-8B-hf,242,batch2,i
cs33,2,the book,OpenGVLab/InternVL3-8B-hf,242,batch2,i
cs34,1,the electrode cap,OpenGVLab/InternVL3-8B-hf,242,batch2,i
cs35,2,the animal,OpenGVLab/InternVL3-8B-hf,242,batch2,i
cs36,1,The soldiers facing forward.,OpenGVLab/InternVL3-8B-hf,242,batch2,i
cs37,1,the land,OpenGVLab/InternVL3-8B-hf,242,batch2,i
cs38,1,the big car,OpenGVLab/InternVL3-8B-hf,242,batch2,i
cs39,3,the piggy bank,OpenGVLab/InternVL3-8B-hf,242,batch2,i
cs40,1,The faucet.,OpenGVLab/InternVL3-8B-hf,242,batch2,i
cs41,1,The quill pen.,OpenGVLab/InternVL3-8B-hf,242,batch2,i
cs42,1,the pig broken in half,OpenGVLab/InternVL3-8B-hf,242,batch2,i
cs43,3,the people,OpenGVLab/InternVL3-8B-hf,242,batch2,i
cs44,3,the woman with a notepad,OpenGVLab/InternVL3-8B-hf,242,batch2,i
cs45,2,the orchestra,OpenGVLab/InternVL3-8B-hf,242,batch2,i
de46,2,the cylinders,OpenGVLab/InternVL3-8B-hf,242,batch2,i
de47,1,The seal,OpenGVLab/InternVL3-8B-hf,242,batch2,i
de48,3,the corn,OpenGVLab/InternVL3-8B-hf,242,batch2,i
de49,1,the magnifying glass,OpenGVLab/InternVL3-8B-hf,242,batch2,i
de50,1,the ape,OpenGVLab/InternVL3-8B-hf,242,batch2,i
de51,2,the lock,OpenGVLab/InternVL3-8B-hf,242,batch2,i
de52,3,the yellow balls,OpenGVLab/InternVL3-8B-hf,242,batch2,i
de53,2,the shield,OpenGVLab/InternVL3-8B-hf,242,batch2,i
de54,1,the sitting man wearing a hat,OpenGVLab/InternVL3-8B-hf,242,batch2,i
de55,4,the dollar sign,OpenGVLab/InternVL3-8B-hf,242,batch2,i
de56,1,the flames,OpenGVLab/InternVL3-8B-hf,242,batch2,i
de57,1,the red flower-shaped object with a pointy middle,OpenGVLab/InternVL3-8B-hf,242,batch2,i
de58,2,The lamps,OpenGVLab/InternVL3-8B-hf,242,batch2,i
de59,2,The old-fashioned phone.,OpenGVLab/InternVL3-8B-hf,242,batch2,i
de60,3,the trees in the lower left corner,OpenGVLab/InternVL3-8B-hf,242,batch2,i
fr61,2,the woman,OpenGVLab/InternVL3-8B-hf,242,batch2,i
fr62,3,the solar panel,OpenGVLab/InternVL3-8B-hf,242,batch2,i
fr63,2,the tray,OpenGVLab/InternVL3-8B-hf,242,batch2,i
fr64,3,the man,OpenGVLab/InternVL3-8B-hf,242,batch2,i
fr65,1,the baby,OpenGVLab/InternVL3-8B-hf,242,batch2,i
fr66,1,The men with their hands up.,OpenGVLab/InternVL3-8B-hf,242,batch2,i
fr67,3,The red rays.,OpenGVLab/InternVL3-8B-hf,242,batch2,i
fr68,1,the man,OpenGVLab/InternVL3-8B-hf,242,batch2,i
fr69,1,the crowd,OpenGVLab/InternVL3-8B-hf,242,batch2,i
fr70,1,the woman's left hand,OpenGVLab/InternVL3-8B-hf,242,batch2,i
fr71,1,the open books,OpenGVLab/InternVL3-8B-hf,242,batch2,i
fr72,1,the soccer ball,OpenGVLab/InternVL3-8B-hf,242,batch2,i
fr73,2,the stool,OpenGVLab/InternVL3-8B-hf,242,batch2,i
fr74,3,the red bars,OpenGVLab/InternVL3-8B-hf,242,batch2,i
fr75,1,the lime,OpenGVLab/InternVL3-8B-hf,242,batch2,i
or16,4,the dog collar,OpenGVLab/InternVL3-8B-hf,273,batch2,i
or17,4,the front side of pedestal,OpenGVLab/InternVL3-8B-hf,273,batch2,i
or18,4,the torch,OpenGVLab/InternVL3-8B-hf,273,batch2,i
or19,4,the hands,OpenGVLab/InternVL3-8B-hf,273,batch2,i
or20,4,the magnifying glass,OpenGVLab/InternVL3-8B-hf,273,batch2,i
or21,4,the cigarette box,OpenGVLab/InternVL3-8B-hf,273,batch2,i
or22,3,the people,OpenGVLab/InternVL3-8B-hf,273,batch2,i
or23,4,the person,OpenGVLab/InternVL3-8B-hf,273,batch2,i
or24,3,the mug,OpenGVLab/InternVL3-8B-hf,273,batch2,i
or25,4,the little girl,OpenGVLab/InternVL3-8B-hf,273,batch2,i
or26,3,the fingerprint scanner,OpenGVLab/InternVL3-8B-hf,273,batch2,i
or27,4,the bigger globe,OpenGVLab/InternVL3-8B-hf,273,batch2,i
or28,4,the puzzle pieces,OpenGVLab/InternVL3-8B-hf,273,batch2,i
or29,3,the book with a brick on it,OpenGVLab/InternVL3-8B-hf,273,batch2,i
or30,4,The VR goggle,OpenGVLab/InternVL3-8B-hf,273,batch2,i
cs31,3,the scale,OpenGVLab/InternVL3-8B-hf,273,batch2,i
cs32,2,the couple,OpenGVLab/InternVL3-8B-hf,273,batch2,i
cs33,1,the bathtub,OpenGVLab/InternVL3-8B-hf,273,batch2,i
cs34,2,the electrode cap,OpenGVLab/InternVL3-8B-hf,273,batch2,i
cs35,3,the animal,OpenGVLab/InternVL3-8B-hf,273,batch2,i
cs36,1,the soldiers facing forward,OpenGVLab/InternVL3-8B-hf,273,batch2,i
cs37,1,The land.,OpenGVLab/InternVL3-8B-hf,273,batch2,i
cs38,1,the big car,OpenGVLab/InternVL3-8B-hf,273,batch2,i
cs39,4,the piggy bank,OpenGVLab/InternVL3-8B-hf,273,batch2,i
cs40,1,The faucet,OpenGVLab/InternVL3-8B-hf,273,batch2,i
cs41,1,the quill pen,OpenGVLab/InternVL3-8B-hf,273,batch2,i
cs42,1,the pig broken in half,OpenGVLab/InternVL3-8B-hf,273,batch2,i
cs43,2,the people,OpenGVLab/InternVL3-8B-hf,273,batch2,i
cs44,4,the woman with a notepad,OpenGVLab/InternVL3-8B-hf,273,batch2,i
cs45,2,the orchestra,OpenGVLab/InternVL3-8B-hf,273,batch2,i
de46,3,the cylinders,OpenGVLab/InternVL3-8B-hf,273,batch2,i
de47,1,the seal,OpenGVLab/InternVL3-8B-hf,273,batch2,i
de48,3,the tomatoes,OpenGVLab/InternVL3-8B-hf,273,batch2,i
de49,1,the magnifying glass,OpenGVLab/InternVL3-8B-hf,273,batch2,i
de50,1,the ape,OpenGVLab/InternVL3-8B-hf,273,batch2,i
de51,1,the lock,OpenGVLab/InternVL3-8B-hf,273,batch2,i
de52,3,the yellow balls,OpenGVLab/InternVL3-8B-hf,273,batch2,i
de53,1,the shield,OpenGVLab/InternVL3-8B-hf,273,batch2,i
de54,1,the man with his hand on his chin,OpenGVLab/InternVL3-8B-hf,273,batch2,i
de55,4,the dollar sign,OpenGVLab/InternVL3-8B-hf,273,batch2,i
de56,1,The flames,OpenGVLab/InternVL3-8B-hf,273,batch2,i
de57,2,the red flower-shaped object with a pointy middle,OpenGVLab/InternVL3-8B-hf,273,batch2,i
de58,2,The lamps,OpenGVLab/InternVL3-8B-hf,273,batch2,i
de59,1,the old-fashioned phone,OpenGVLab/InternVL3-8B-hf,273,batch2,i
de60,3,the trees in the lower left corner,OpenGVLab/InternVL3-8B-hf,273,batch2,i
fr61,3,the woman,OpenGVLab/InternVL3-8B-hf,273,batch2,i
fr62,3,the solar panel,OpenGVLab/InternVL3-8B-hf,273,batch2,i
fr63,1,the tray,OpenGVLab/InternVL3-8B-hf,273,batch2,i
fr64,3,the man,OpenGVLab/InternVL3-8B-hf,273,batch2,i
fr65,1,the baby,OpenGVLab/InternVL3-8B-hf,273,batch2,i
fr66,1,The barbed wire.,OpenGVLab/InternVL3-8B-hf,273,batch2,i
fr67,3,The red rays.,OpenGVLab/InternVL3-8B-hf,273,batch2,i
fr68,2,the man,OpenGVLab/InternVL3-8B-hf,273,batch2,i
fr69,1,the crowd,OpenGVLab/InternVL3-8B-hf,273,batch2,i
fr70,1,the woman's left hand,OpenGVLab/InternVL3-8B-hf,273,batch2,i
fr71,1,the woman holding a pen,OpenGVLab/InternVL3-8B-hf,273,batch2,i
fr72,1,the soccer ball,OpenGVLab/InternVL3-8B-hf,273,batch2,i
fr73,2,the stool,OpenGVLab/InternVL3-8B-hf,273,batch2,i
fr74,4,the red bars,OpenGVLab/InternVL3-8B-hf,273,batch2,i
fr75,2,the lime,OpenGVLab/InternVL3-8B-hf,273,batch2,i
or16,3,the dog collar,OpenGVLab/InternVL3-8B-hf,366,batch2,i
or17,4,the front side of pedestal,OpenGVLab/InternVL3-8B-hf,366,batch2,i
or18,4,the torch,OpenGVLab/InternVL3-8B-hf,366,batch2,i
or19,4,the mug,OpenGVLab/InternVL3-8B-hf,366,batch2,i
or20,4,The magnifying glass.,OpenGVLab/InternVL3-8B-hf,366,batch2,i
or21,4,the cigarette box,OpenGVLab/InternVL3-8B-hf,366,batch2,i
or22,4,the people,OpenGVLab/InternVL3-8B-hf,366,batch2,i
or23,3,the person,OpenGVLab/InternVL3-8B-hf,366,batch2,i
or24,4,the mug,OpenGVLab/InternVL3-8B-hf,366,batch2,i
or25,4,the little girl,OpenGVLab/InternVL3-8B-hf,366,batch2,i
or26,4,the fingerprint scanner,OpenGVLab/InternVL3-8B-hf,366,batch2,i
or27,4,the bigger globe,OpenGVLab/InternVL3-8B-hf,366,batch2,i
or28,4,The puzzle pieces,OpenGVLab/InternVL3-8B-hf,366,batch2,i
or29,4,the book with a brick on it,OpenGVLab/InternVL3-8B-hf,366,batch2,i
or30,4,the VR goggle,OpenGVLab/InternVL3-8B-hf,366,batch2,i
cs31,2,the scale,OpenGVLab/InternVL3-8B-hf,366,batch2,i
cs32,2,the couple,OpenGVLab/InternVL3-8B-hf,366,batch2,i
cs33,1,the bathtub,OpenGVLab/InternVL3-8B-hf,366,batch2,i
cs34,2,the electrode cap,OpenGVLab/InternVL3-8B-hf,366,batch2,i
cs35,2,the animal,OpenGVLab/InternVL3-8B-hf,366,batch2,i
cs36,1,the soldiers facing forward,OpenGVLab/InternVL3-8B-hf,366,batch2,i
cs37,1,The land.,OpenGVLab/InternVL3-8B-hf,366,batch2,i
cs38,1,the big car,OpenGVLab/InternVL3-8B-hf,366,batch2,i
cs39,3,The piggy bank,OpenGVLab/InternVL3-8B-hf,366,batch2,i
cs40,1,the faucet,OpenGVLab/InternVL3-8B-hf,366,batch2,i
cs41,1,the quill pen,OpenGVLab/InternVL3-8B-hf,366,batch2,i
cs42,1,the pig broken in half,OpenGVLab/InternVL3-8B-hf,366,batch2,i
cs43,3,the people,OpenGVLab/InternVL3-8B-hf,366,batch2,i
cs44,3,the woman with a notepad,OpenGVLab/InternVL3-8B-hf,366,batch2,i
cs45,2,the orchestra,OpenGVLab/InternVL3-8B-hf,366,batch2,i
de46,3,the cylinders,OpenGVLab/InternVL3-8B-hf,366,batch2,i
de47,1,The seal,OpenGVLab/InternVL3-8B-hf,366,batch2,i
de48,2,the tomatoes,OpenGVLab/InternVL3-8B-hf,366,batch2,i
de49,1,the magnifying glass,OpenGVLab/InternVL3-8B-hf,366,batch2,i
de50,1,the ape,OpenGVLab/InternVL3-8B-hf,366,batch2,i
de51,1,the lock,OpenGVLab/InternVL3-8B-hf,366,batch2,i
de52,3,The yellow balls.,OpenGVLab/InternVL3-8B-hf,366,batch2,i
de53,1,the shield,OpenGVLab/InternVL3-8B-hf,366,batch2,i
de54,1,the sitting man wearing a hat,OpenGVLab/InternVL3-8B-hf,366,batch2,i
de55,4,the dollar sign,OpenGVLab/InternVL3-8B-hf,366,batch2,i
de56,2,the flames,OpenGVLab/InternVL3-8B-hf,366,batch2,i
de57,2,the red flower-shaped object with a pointy middle,OpenGVLab/InternVL3-8B-hf,366,batch2,i
de58,2,The lamps,OpenGVLab/InternVL3-8B-hf,366,batch2,i
de59,1,The person in a yellow shirt.,OpenGVLab/InternVL3-8B-hf,366,batch2,i
de60,2,the trees in the lower left corner,OpenGVLab/InternVL3-8B-hf,366,batch2,i
fr61,2,the woman,OpenGVLab/InternVL3-8B-hf,366,batch2,i
fr62,3,the solar panel,OpenGVLab/InternVL3-8B-hf,366,batch2,i
fr63,2,the tray,OpenGVLab/InternVL3-8B-hf,366,batch2,i
fr64,3,the man,OpenGVLab/InternVL3-8B-hf,366,batch2,i
fr65,1,the baby,OpenGVLab/InternVL3-8B-hf,366,batch2,i
fr66,1,the barbed wire,OpenGVLab/InternVL3-8B-hf,366,batch2,i
fr67,4,It is ambiguous.,OpenGVLab/InternVL3-8B-hf,366,batch2,i
fr68,3,the man,OpenGVLab/InternVL3-8B-hf,366,batch2,i
fr69,1,the crowd,OpenGVLab/InternVL3-8B-hf,366,batch2,i
fr70,1,the thermos,OpenGVLab/InternVL3-8B-hf,366,batch2,i
fr71,1,the woman holding a pen,OpenGVLab/InternVL3-8B-hf,366,batch2,i
fr72,1,the soccer ball,OpenGVLab/InternVL3-8B-hf,366,batch2,i
fr73,2,the stool,OpenGVLab/InternVL3-8B-hf,366,batch2,i
fr74,4,the red bars,OpenGVLab/InternVL3-8B-hf,366,batch2,i
fr75,1,the lime,OpenGVLab/InternVL3-8B-hf,366,batch2,i
or16,4,the dog collar,OpenGVLab/InternVL3-8B-hf,370,batch2,i
or17,4,the front side of pedestal,OpenGVLab/InternVL3-8B-hf,370,batch2,i
or18,4,the torch,OpenGVLab/InternVL3-8B-hf,370,batch2,i
or19,3,the hands,OpenGVLab/InternVL3-8B-hf,370,batch2,i
or20,3,the magnifying glass,OpenGVLab/InternVL3-8B-hf,370,batch2,i
or21,4,the cigarette box,OpenGVLab/InternVL3-8B-hf,370,batch2,i
or22,4,The people.,OpenGVLab/InternVL3-8B-hf,370,batch2,i
or23,4,the bike,OpenGVLab/InternVL3-8B-hf,370,batch2,i
or24,4,the mug,OpenGVLab/InternVL3-8B-hf,370,batch2,i
or25,4,the little girl,OpenGVLab/InternVL3-8B-hf,370,batch2,i
or26,3,the fingerprint scanner,OpenGVLab/InternVL3-8B-hf,370,batch2,i
or27,3,the bigger globe,OpenGVLab/InternVL3-8B-hf,370,batch2,i
or28,4,the puzzle pieces,OpenGVLab/InternVL3-8B-hf,370,batch2,i
or29,4,the magnifying glass,OpenGVLab/InternVL3-8B-hf,370,batch2,i
or30,3,the VR goggle,OpenGVLab/InternVL3-8B-hf,370,batch2,i
cs31,3,the scale,OpenGVLab/InternVL3-8B-hf,370,batch2,i
cs32,1,the couple,OpenGVLab/InternVL3-8B-hf,370,batch2,i
cs33,1,the book,OpenGVLab/InternVL3-8B-hf,370,batch2,i
cs34,1,the electrode cap,OpenGVLab/InternVL3-8B-hf,370,batch2,i
cs35,4,the animal,OpenGVLab/InternVL3-8B-hf,370,batch2,i
cs36,1,the soldiers facing forward,OpenGVLab/InternVL3-8B-hf,370,batch2,i
cs37,1,the land,OpenGVLab/InternVL3-8B-hf,370,batch2,i
cs38,1,the big car,OpenGVLab/InternVL3-8B-hf,370,batch2,i
cs39,4,the piggy bank,OpenGVLab/InternVL3-8B-hf,370,batch2,i
cs40,1,the faucet,OpenGVLab/InternVL3-8B-hf,370,batch2,i
cs41,1,the quill pen,OpenGVLab/InternVL3-8B-hf,370,batch2,i
cs42,1,The pig broken in half,OpenGVLab/InternVL3-8B-hf,370,batch2,i
cs43,3,the people,OpenGVLab/InternVL3-8B-hf,370,batch2,i
cs44,3,the woman with a notepad,OpenGVLab/InternVL3-8B-hf,370,batch2,i
cs45,2,the orchestra,OpenGVLab/InternVL3-8B-hf,370,batch2,i
de46,3,The cylinders.,OpenGVLab/InternVL3-8B-hf,370,batch2,i
de47,1,the seal,OpenGVLab/InternVL3-8B-hf,370,batch2,i
de48,2,the tomatoes,OpenGVLab/InternVL3-8B-hf,370,batch2,i
de49,1,the magnifying glass,OpenGVLab/InternVL3-8B-hf,370,batch2,i
de50,1,the ape,OpenGVLab/InternVL3-8B-hf,370,batch2,i
de51,2,the lock,OpenGVLab/InternVL3-8B-hf,370,batch2,i
de52,2,the yellow balls,OpenGVLab/InternVL3-8B-hf,370,batch2,i
de53,1,the shield,OpenGVLab/InternVL3-8B-hf,370,batch2,i
de54,1,the man with his hand on his chin,OpenGVLab/InternVL3-8B-hf,370,batch2,i
de55,4,the dollar sign,OpenGVLab/InternVL3-8B-hf,370,batch2,i
de56,1,the flames,OpenGVLab/InternVL3-8B-hf,370,batch2,i
de57,1,the red flower-shaped object with a pointy middle,OpenGVLab/InternVL3-8B-hf,370,batch2,i
de58,2,the lamps,OpenGVLab/InternVL3-8B-hf,370,batch2,i
de59,1,the old-fashioned phone,OpenGVLab/InternVL3-8B-hf,370,batch2,i
de60,2,the trees in the lower left corner,OpenGVLab/InternVL3-8B-hf,370,batch2,i
fr61,2,the woman,OpenGVLab/InternVL3-8B-hf,370,batch2,i
fr62,2,the solar panel,OpenGVLab/InternVL3-8B-hf,370,batch2,i
fr63,1,the tray,OpenGVLab/InternVL3-8B-hf,370,batch2,i
fr64,3,the weight,OpenGVLab/InternVL3-8B-hf,370,batch2,i
fr65,1,the globe,OpenGVLab/InternVL3-8B-hf,370,batch2,i
fr66,1,the barbed wire,OpenGVLab/InternVL3-8B-hf,370,batch2,i
fr67,3,The red rays.,OpenGVLab/InternVL3-8B-hf,370,batch2,i
fr68,3,the man,OpenGVLab/InternVL3-8B-hf,370,batch2,i
fr69,1,the crowd,OpenGVLab/InternVL3-8B-hf,370,batch2,i
fr70,1,the man's right hand,OpenGVLab/InternVL3-8B-hf,370,batch2,i
fr71,1,the open books,OpenGVLab/InternVL3-8B-hf,370,batch2,i
fr72,1,the soccer ball,OpenGVLab/InternVL3-8B-hf,370,batch2,i
fr73,3,the stool,OpenGVLab/InternVL3-8B-hf,370,batch2,i
fr74,3,the red bars,OpenGVLab/InternVL3-8B-hf,370,batch2,i
fr75,1,the lime,OpenGVLab/InternVL3-8B-hf,370,batch2,i
or16,3,the dog collar,OpenGVLab/InternVL3-8B-hf,396,batch2,i
or17,4,the front side of pedestal,OpenGVLab/InternVL3-8B-hf,396,batch2,i
or18,4,the torch,OpenGVLab/InternVL3-8B-hf,396,batch2,i
or19,3,the hands,OpenGVLab/InternVL3-8B-hf,396,batch2,i
or20,4,the magnifying glass,OpenGVLab/InternVL3-8B-hf,396,batch2,i
or21,3,the cigarette box,OpenGVLab/InternVL3-8B-hf,396,batch2,i
or22,3,the people,OpenGVLab/InternVL3-8B-hf,396,batch2,i
or23,4,the person,OpenGVLab/InternVL3-8B-hf,396,batch2,i
or24,3,the mug,OpenGVLab/InternVL3-8B-hf,396,batch2,i
or25,4,the little girl,OpenGVLab/InternVL3-8B-hf,396,batch2,i
or26,4,The fingerprint scanner.,OpenGVLab/InternVL3-8B-hf,396,batch2,i
or27,4,the bigger globe,OpenGVLab/InternVL3-8B-hf,396,batch2,i
or28,4,the puzzle pieces,OpenGVLab/InternVL3-8B-hf,396,batch2,i
or29,4,the book with a brick on it,OpenGVLab/InternVL3-8B-hf,396,batch2,i
or30,4,the VR goggle,OpenGVLab/InternVL3-8B-hf,396,batch2,i
cs31,2,the scale,OpenGVLab/InternVL3-8B-hf,396,batch2,i
cs32,2,the couple,OpenGVLab/InternVL3-8B-hf,396,batch2,i
cs33,1,the bathtub,OpenGVLab/InternVL3-8B-hf,396,batch2,i
cs34,2,the electrode cap,OpenGVLab/InternVL3-8B-hf,396,batch2,i
cs35,2,the animal,OpenGVLab/InternVL3-8B-hf,396,batch2,i
cs36,1,the soldiers facing forward,OpenGVLab/InternVL3-8B-hf,396,batch2,i
cs37,1,The land,OpenGVLab/InternVL3-8B-hf,396,batch2,i
cs38,1,the big car,OpenGVLab/InternVL3-8B-hf,396,batch2,i
cs39,3,the piggy bank,OpenGVLab/InternVL3-8B-hf,396,batch2,i
cs40,1,The faucet.,OpenGVLab/InternVL3-8B-hf,396,batch2,i
cs41,1,The quill pen.,OpenGVLab/InternVL3-8B-hf,396,batch2,i
cs42,1,the pig broken in half,OpenGVLab/InternVL3-8B-hf,396,batch2,i
cs43,2,the people,OpenGVLab/InternVL3-8B-hf,396,batch2,i
cs44,3,the woman with a notepad,OpenGVLab/InternVL3-8B-hf,396,batch2,i
cs45,1,the orchestra,OpenGVLab/InternVL3-8B-hf,396,batch2,i
de46,1,the cylinders,OpenGVLab/InternVL3-8B-hf,396,batch2,i
de47,1,The seal,OpenGVLab/InternVL3-8B-hf,396,batch2,i
de48,1,the tomatoes,OpenGVLab/InternVL3-8B-hf,396,batch2,i
de49,1,the magnifying glass,OpenGVLab/InternVL3-8B-hf,396,batch2,i
de50,1,the ape,OpenGVLab/InternVL3-8B-hf,396,batch2,i
de51,2,the lock,OpenGVLab/InternVL3-8B-hf,396,batch2,i
de52,2,The yellow balls.,OpenGVLab/InternVL3-8B-hf,396,batch2,i
de53,1,The shield,OpenGVLab/InternVL3-8B-hf,396,batch2,i
de54,2,the sitting man wearing a hat,OpenGVLab/InternVL3-8B-hf,396,batch2,i
de55,4,The dollar sign.,OpenGVLab/InternVL3-8B-hf,396,batch2,i
de56,2,the flames,OpenGVLab/InternVL3-8B-hf,396,batch2,i
de57,2,the red flower-shaped object with a pointy middle,OpenGVLab/InternVL3-8B-hf,396,batch2,i
de58,3,the lamps,OpenGVLab/InternVL3-8B-hf,396,batch2,i
de59,1,the person in a yellow shirt,OpenGVLab/InternVL3-8B-hf,396,batch2,i
de60,2,the trees in the lower left corner,OpenGVLab/InternVL3-8B-hf,396,batch2,i
fr61,2,the woman,OpenGVLab/InternVL3-8B-hf,396,batch2,i
fr62,3,the solar panel,OpenGVLab/InternVL3-8B-hf,396,batch2,i
fr63,2,the tray,OpenGVLab/InternVL3-8B-hf,396,batch2,i
fr64,3,the man,OpenGVLab/InternVL3-8B-hf,396,batch2,i
fr65,1,the baby,OpenGVLab/InternVL3-8B-hf,396,batch2,i
fr66,1,The barbed wire.,OpenGVLab/InternVL3-8B-hf,396,batch2,i
fr67,3,The red rays.,OpenGVLab/InternVL3-8B-hf,396,batch2,i
fr68,2,The man,OpenGVLab/InternVL3-8B-hf,396,batch2,i
fr69,1,the crowd,OpenGVLab/InternVL3-8B-hf,396,batch2,i
fr70,1,the man's right hand,OpenGVLab/InternVL3-8B-hf,396,batch2,i
fr71,2,the open books,OpenGVLab/InternVL3-8B-hf,396,batch2,i
fr72,1,the soccer ball,OpenGVLab/InternVL3-8B-hf,396,batch2,i
fr73,1,the stool,OpenGVLab/InternVL3-8B-hf,396,batch2,i
fr74,2,the red bars,OpenGVLab/InternVL3-8B-hf,396,batch2,i
fr75,1,the lime,OpenGVLab/InternVL3-8B-hf,396,batch2,i
or16,3,the dog collar,OpenGVLab/InternVL3-8B-hf,491,batch2,i
or17,4,the front side of pedestal,OpenGVLab/InternVL3-8B-hf,491,batch2,i
or18,4,the torch,OpenGVLab/InternVL3-8B-hf,491,batch2,i
or19,4,the hands,OpenGVLab/InternVL3-8B-hf,491,batch2,i
or20,3,The magnifying glass.,OpenGVLab/InternVL3-8B-hf,491,batch2,i
or21,4,the cigarette box,OpenGVLab/InternVL3-8B-hf,491,batch2,i
or22,4,the people,OpenGVLab/InternVL3-8B-hf,491,batch2,i
or23,4,the person,OpenGVLab/InternVL3-8B-hf,491,batch2,i
or24,4,the mug,OpenGVLab/InternVL3-8B-hf,491,batch2,i
or25,4,the little girl,OpenGVLab/InternVL3-8B-hf,491,batch2,i
or26,3,the fingerprint scanner,OpenGVLab/InternVL3-8B-hf,491,batch2,i
or27,4,the bigger globe,OpenGVLab/InternVL3-8B-hf,491,batch2,i
or28,4,The puzzle pieces.,OpenGVLab/InternVL3-8B-hf,491,batch2,i
or29,4,the book with a brick on it,OpenGVLab/InternVL3-8B-hf,491,batch2,i
or30,3,the VR goggle,OpenGVLab/InternVL3-8B-hf,491,batch2,i
cs31,3,the scale,OpenGVLab/InternVL3-8B-hf,491,batch2,i
cs32,2,the couple,OpenGVLab/InternVL3-8B-hf,491,batch2,i
cs33,1,the book,OpenGVLab/InternVL3-8B-hf,491,batch2,i
cs34,1,the electrode cap,OpenGVLab/InternVL3-8B-hf,491,batch2,i
cs35,3,the animal,OpenGVLab/InternVL3-8B-hf,491,batch2,i
cs36,1,the soldiers facing forward,OpenGVLab/InternVL3-8B-hf,491,batch2,i
cs37,1,the land,OpenGVLab/InternVL3-8B-hf,491,batch2,i
cs38,1,the big car,OpenGVLab/InternVL3-8B-hf,491,batch2,i
cs39,4,the piggy bank,OpenGVLab/InternVL3-8B-hf,491,batch2,i
cs40,1,the faucet,OpenGVLab/InternVL3-8B-hf,491,batch2,i
cs41,1,The quill pen,OpenGVLab/InternVL3-8B-hf,491,batch2,i
cs42,1,the pig broken in half,OpenGVLab/InternVL3-8B-hf,491,batch2,i
cs43,3,the people,OpenGVLab/InternVL3-8B-hf,491,batch2,i
cs44,3,the woman with a notepad,OpenGVLab/InternVL3-8B-hf,491,batch2,i
cs45,1,the orchestra,OpenGVLab/InternVL3-8B-hf,491,batch2,i
de46,3,The cylinders.,OpenGVLab/InternVL3-8B-hf,491,batch2,i
de47,1,the seal,OpenGVLab/InternVL3-8B-hf,491,batch2,i
de48,2,the corn,OpenGVLab/InternVL3-8B-hf,491,batch2,i
de49,2,the magnifying glass,OpenGVLab/InternVL3-8B-hf,491,batch2,i
de50,1,the ape,OpenGVLab/InternVL3-8B-hf,491,batch2,i
de51,2,the lock,OpenGVLab/InternVL3-8B-hf,491,batch2,i
de52,3,The yellow balls.,OpenGVLab/InternVL3-8B-hf,491,batch2,i
de53,1,the shield,OpenGVLab/InternVL3-8B-hf,491,batch2,i
de54,1,the man with his hand on his chin,OpenGVLab/InternVL3-8B-hf,491,batch2,i
de55,4,the dollar sign,OpenGVLab/InternVL3-8B-hf,491,batch2,i
de56,2,the flames,OpenGVLab/InternVL3-8B-hf,491,batch2,i
de57,2,the red flower-shaped object with a pointy middle,OpenGVLab/InternVL3-8B-hf,491,batch2,i
de58,1,the lamps,OpenGVLab/InternVL3-8B-hf,491,batch2,i
de59,1,The person in a yellow shirt.,OpenGVLab/InternVL3-8B-hf,491,batch2,i
de60,1,the trees in the lower left corner,OpenGVLab/InternVL3-8B-hf,491,batch2,i
fr61,3,the woman,OpenGVLab/InternVL3-8B-hf,491,batch2,i
fr62,2,the solar panel,OpenGVLab/InternVL3-8B-hf,491,batch2,i
fr63,2,the tray,OpenGVLab/InternVL3-8B-hf,491,batch2,i
fr64,3,the man,OpenGVLab/InternVL3-8B-hf,491,batch2,i
fr65,1,the baby,OpenGVLab/InternVL3-8B-hf,491,batch2,i
fr66,1,the barbed wire,OpenGVLab/InternVL3-8B-hf,491,batch2,i
fr67,3,The red rays are.,OpenGVLab/InternVL3-8B-hf,491,batch2,i
fr68,3,the man,OpenGVLab/InternVL3-8B-hf,491,batch2,i
fr69,1,the crowd,OpenGVLab/InternVL3-8B-hf,491,batch2,i
fr70,2,the man's right hand,OpenGVLab/InternVL3-8B-hf,491,batch2,i
fr71,1,the open books,OpenGVLab/InternVL3-8B-hf,491,batch2,i
fr72,1,the soccer ball,OpenGVLab/InternVL3-8B-hf,491,batch2,i
fr73,1,the stool,OpenGVLab/InternVL3-8B-hf,491,batch2,i
fr74,4,The red bars.,OpenGVLab/InternVL3-8B-hf,491,batch2,i
fr75,1,the lime,OpenGVLab/InternVL3-8B-hf,491,batch2,i
or16,4,the dog collar,OpenGVLab/InternVL3-8B-hf,496,batch2,i
or17,4,the front side of pedestal,OpenGVLab/InternVL3-8B-hf,496,batch2,i
or18,4,The torch,OpenGVLab/InternVL3-8B-hf,496,batch2,i
or19,3,the hands,OpenGVLab/InternVL3-8B-hf,496,batch2,i
or20,3,the magnifying glass,OpenGVLab/InternVL3-8B-hf,496,batch2,i
or21,3,the cigarette box,OpenGVLab/InternVL3-8B-hf,496,batch2,i
or22,4,the people,OpenGVLab/InternVL3-8B-hf,496,batch2,i
or23,3,the person,OpenGVLab/InternVL3-8B-hf,496,batch2,i
or24,4,the mug,OpenGVLab/InternVL3-8B-hf,496,batch2,i
or25,4,the little girl,OpenGVLab/InternVL3-8B-hf,496,batch2,i
or26,3,the fingerprint scanner,OpenGVLab/InternVL3-8B-hf,496,batch2,i
or27,4,the bigger globe,OpenGVLab/InternVL3-8B-hf,496,batch2,i
or28,4,the puzzle pieces,OpenGVLab/InternVL3-8B-hf,496,batch2,i
or29,4,The book with a brick on it,OpenGVLab/InternVL3-8B-hf,496,batch2,i
or30,4,the VR goggle,OpenGVLab/InternVL3-8B-hf,496,batch2,i
cs31,3,the scale,OpenGVLab/InternVL3-8B-hf,496,batch2,i
cs32,2,the couple,OpenGVLab/InternVL3-8B-hf,496,batch2,i
cs33,1,the book,OpenGVLab/InternVL3-8B-hf,496,batch2,i
cs34,1,the electrode cap,OpenGVLab/InternVL3-8B-hf,496,batch2,i
cs35,1,the animal,OpenGVLab/InternVL3-8B-hf,496,batch2,i
cs36,1,the soldiers facing forward,OpenGVLab/InternVL3-8B-hf,496,batch2,i
cs37,1,The land.,OpenGVLab/InternVL3-8B-hf,496,batch2,i
cs38,1,the big car,OpenGVLab/InternVL3-8B-hf,496,batch2,i
cs39,4,the piggy bank,OpenGVLab/InternVL3-8B-hf,496,batch2,i
cs40,1,The faucet,OpenGVLab/InternVL3-8B-hf,496,batch2,i
cs41,1,The quill pen,OpenGVLab/InternVL3-8B-hf,496,batch2,i
cs42,1,the pig broken in half,OpenGVLab/InternVL3-8B-hf,496,batch2,i
cs43,2,the people,OpenGVLab/InternVL3-8B-hf,496,batch2,i
cs44,2,the woman with a notepad,OpenGVLab/InternVL3-8B-hf,496,batch2,i
cs45,1,the orchestra,OpenGVLab/InternVL3-8B-hf,496,batch2,i
de46,3,the cylinders,OpenGVLab/InternVL3-8B-hf,496,batch2,i
de47,1,the seal,OpenGVLab/InternVL3-8B-hf,496,batch2,i
de48,3,the tomatoes,OpenGVLab/InternVL3-8B-hf,496,batch2,i
de49,1,the magnifying glass,OpenGVLab/InternVL3-8B-hf,496,batch2,i
de50,1,the ape,OpenGVLab/InternVL3-8B-hf,496,batch2,i
de51,2,the lock,OpenGVLab/InternVL3-8B-hf,496,batch2,i
de52,2,the yellow balls,OpenGVLab/InternVL3-8B-hf,496,batch2,i
de53,1,the shield,OpenGVLab/InternVL3-8B-hf,496,batch2,i
de54,1,the man with his hand on his chin,OpenGVLab/InternVL3-8B-hf,496,batch2,i
de55,4,the dollar sign,OpenGVLab/InternVL3-8B-hf,496,batch2,i
de56,2,the flames,OpenGVLab/InternVL3-8B-hf,496,batch2,i
de57,2,the red flower-shaped object with a pointy middle,OpenGVLab/InternVL3-8B-hf,496,batch2,i
de58,2,The lamps,OpenGVLab/InternVL3-8B-hf,496,batch2,i
de59,1,The old-fashioned phone.,OpenGVLab/InternVL3-8B-hf,496,batch2,i
de60,3,the trees in the lower left corner,OpenGVLab/InternVL3-8B-hf,496,batch2,i
fr61,2,the woman,OpenGVLab/InternVL3-8B-hf,496,batch2,i
fr62,2,the solar panel,OpenGVLab/InternVL3-8B-hf,496,batch2,i
fr63,1,the tray,OpenGVLab/InternVL3-8B-hf,496,batch2,i
fr64,3,the weight,OpenGVLab/InternVL3-8B-hf,496,batch2,i
fr65,1,the baby,OpenGVLab/InternVL3-8B-hf,496,batch2,i
fr66,2,the men with their hands up,OpenGVLab/InternVL3-8B-hf,496,batch2,i
fr67,3,It is ambiguous.,OpenGVLab/InternVL3-8B-hf,496,batch2,i
fr68,2,the man,OpenGVLab/InternVL3-8B-hf,496,batch2,i
fr69,2,the crowd,OpenGVLab/InternVL3-8B-hf,496,batch2,i
fr70,2,the man's right hand,OpenGVLab/InternVL3-8B-hf,496,batch2,i
fr71,1,the open books,OpenGVLab/InternVL3-8B-hf,496,batch2,i
fr72,1,the soccer ball,OpenGVLab/InternVL3-8B-hf,496,batch2,i
fr73,2,the stool,OpenGVLab/InternVL3-8B-hf,496,batch2,i
fr74,3,the red bars,OpenGVLab/InternVL3-8B-hf,496,batch2,i
fr75,1,the lime,OpenGVLab/InternVL3-8B-hf,496,batch2,i
or31,4,the scale,OpenGVLab/InternVL3-8B-hf,125,batch3,i
or32,3,the couple,OpenGVLab/InternVL3-8B-hf,125,batch3,i
or33,2,the book,OpenGVLab/InternVL3-8B-hf,125,batch3,i
or34,3,The electrode cap.,OpenGVLab/InternVL3-8B-hf,125,batch3,i
or35,3,the animal,OpenGVLab/InternVL3-8B-hf,125,batch3,i
or36,3,the soldiers facing forward,OpenGVLab/InternVL3-8B-hf,125,batch3,i
or37,4,the land,OpenGVLab/InternVL3-8B-hf,125,batch3,i
or38,3,the big car,OpenGVLab/InternVL3-8B-hf,125,batch3,i
or39,4,the piggy bank,OpenGVLab/InternVL3-8B-hf,125,batch3,i
or40,2,the faucet,OpenGVLab/InternVL3-8B-hf,125,batch3,i
or41,4,the quill pen,OpenGVLab/InternVL3-8B-hf,125,batch3,i
or42,2,the pig broken in half,OpenGVLab/InternVL3-8B-hf,125,batch3,i
or43,4,the people,OpenGVLab/InternVL3-8B-hf,125,batch3,i
or44,4,the woman with a notepad,OpenGVLab/InternVL3-8B-hf,125,batch3,i
or45,3,the orchestra,OpenGVLab/InternVL3-8B-hf,125,batch3,i
cs46,2,The cylinders.,OpenGVLab/InternVL3-8B-hf,125,batch3,i
cs47,1,the seal,OpenGVLab/InternVL3-8B-hf,125,batch3,i
cs48,1,the corn,OpenGVLab/InternVL3-8B-hf,125,batch3,i
cs49,2,the magnifying glass,OpenGVLab/InternVL3-8B-hf,125,batch3,i
cs50,1,the ape,OpenGVLab/InternVL3-8B-hf,125,batch3,i
fr1,2,the kid in a striped shirt,OpenGVLab/InternVL3-8B-hf,125,batch3,i
fr2,2,the brain,OpenGVLab/InternVL3-8B-hf,125,batch3,i
fr3,1,The elephant,OpenGVLab/InternVL3-8B-hf,125,batch3,i
fr4,2,The man in a wheelchair.,OpenGVLab/InternVL3-8B-hf,125,batch3,i
fr5,2,the man,OpenGVLab/InternVL3-8B-hf,125,batch3,i
fr6,2,the kid in a yellow shirt,OpenGVLab/InternVL3-8B-hf,125,batch3,i
fr7,4,everything equal,OpenGVLab/InternVL3-8B-hf,125,batch3,i
fr8,2,the staircase,OpenGVLab/InternVL3-8B-hf,125,batch3,i
fr9,1,The phone,OpenGVLab/InternVL3-8B-hf,125,batch3,i
fr10,4,the woman holding a note,OpenGVLab/InternVL3-8B-hf,125,batch3,i
fr11,2,the air pump,OpenGVLab/InternVL3-8B-hf,125,batch3,i
fr12,3,the woman's left foot,OpenGVLab/InternVL3-8B-hf,125,batch3,i
fr13,1,the surgeons,OpenGVLab/InternVL3-8B-hf,125,batch3,i
fr14,1,The man with a beard,OpenGVLab/InternVL3-8B-hf,125,batch3,i
fr15,1,The flasks.,OpenGVLab/InternVL3-8B-hf,125,batch3,i
cs51,2,the lock,OpenGVLab/InternVL3-8B-hf,125,batch3,i
cs52,2,the yellow balls,OpenGVLab/InternVL3-8B-hf,125,batch3,i
cs53,1,the shield,OpenGVLab/InternVL3-8B-hf,125,batch3,i
cs54,1,the sitting man wearing a hat,OpenGVLab/InternVL3-8B-hf,125,batch3,i
cs55,4,the dollar sign,OpenGVLab/InternVL3-8B-hf,125,batch3,i
cs56,1,the flames,OpenGVLab/InternVL3-8B-hf,125,batch3,i
cs57,3,the red flower-shaped object with a pointy middle,OpenGVLab/InternVL3-8B-hf,125,batch3,i
cs58,3,the lamps,OpenGVLab/InternVL3-8B-hf,125,batch3,i
cs59,1,The person in a yellow shirt.,OpenGVLab/InternVL3-8B-hf,125,batch3,i
cs60,1,the trees in the lower left corner,OpenGVLab/InternVL3-8B-hf,125,batch3,i
de61,2,the woman,OpenGVLab/InternVL3-8B-hf,125,batch3,i
de62,1,the solar panel,OpenGVLab/InternVL3-8B-hf,125,batch3,i
de63,1,the tray,OpenGVLab/InternVL3-8B-hf,125,batch3,i
de64,2,the man,OpenGVLab/InternVL3-8B-hf,125,batch3,i
de65,1,the baby,OpenGVLab/InternVL3-8B-hf,125,batch3,i
de66,2,the barbed wire,OpenGVLab/InternVL3-8B-hf,125,batch3,i
de67,1,The red rays.,OpenGVLab/InternVL3-8B-hf,125,batch3,i
de68,3,the man,OpenGVLab/InternVL3-8B-hf,125,batch3,i
de69,1,the crowd,OpenGVLab/InternVL3-8B-hf,125,batch3,i
de70,1,the man's right hand,OpenGVLab/InternVL3-8B-hf,125,batch3,i
de71,1,the woman holding a pen,OpenGVLab/InternVL3-8B-hf,125,batch3,i
de72,1,the soccer ball,OpenGVLab/InternVL3-8B-hf,125,batch3,i
de73,2,the stool,OpenGVLab/InternVL3-8B-hf,125,batch3,i
de74,4,the red bars,OpenGVLab/InternVL3-8B-hf,125,batch3,i
de75,1,the lime,OpenGVLab/InternVL3-8B-hf,125,batch3,i
or31,3,the scale,OpenGVLab/InternVL3-8B-hf,233,batch3,i
or32,4,The couple.,OpenGVLab/InternVL3-8B-hf,233,batch3,i
or33,3,the bathtub,OpenGVLab/InternVL3-8B-hf,233,batch3,i
or34,3,the electrode cap,OpenGVLab/InternVL3-8B-hf,233,batch3,i
or35,1,the animal,OpenGVLab/InternVL3-8B-hf,233,batch3,i
or36,4,the soldiers facing forward,OpenGVLab/InternVL3-8B-hf,233,batch3,i
or37,2,the land,OpenGVLab/InternVL3-8B-hf,233,batch3,i
or38,3,the big car,OpenGVLab/InternVL3-8B-hf,233,batch3,i
or39,3,the piggy bank,OpenGVLab/InternVL3-8B-hf,233,batch3,i
or40,3,the faucet,OpenGVLab/InternVL3-8B-hf,233,batch3,i
or41,3,the quill pen,OpenGVLab/InternVL3-8B-hf,233,batch3,i
or42,2,the pig broken in half,OpenGVLab/InternVL3-8B-hf,233,batch3,i
or43,4,The people,OpenGVLab/InternVL3-8B-hf,233,batch3,i
or44,4,the woman with a notepad,OpenGVLab/InternVL3-8B-hf,233,batch3,i
or45,4,the orchestra,OpenGVLab/InternVL3-8B-hf,233,batch3,i
cs46,2,the cylinders,OpenGVLab/InternVL3-8B-hf,233,batch3,i
cs47,2,The seal,OpenGVLab/InternVL3-8B-hf,233,batch3,i
cs48,1,the corn,OpenGVLab/InternVL3-8B-hf,233,batch3,i
cs49,1,the magnifying glass,OpenGVLab/InternVL3-8B-hf,233,batch3,i
cs50,1,the ape,OpenGVLab/InternVL3-8B-hf,233,batch3,i
fr1,2,the watering cans,OpenGVLab/InternVL3-8B-hf,233,batch3,i
fr2,2,the lightning,OpenGVLab/InternVL3-8B-hf,233,batch3,i
fr3,1,The elephant.,OpenGVLab/InternVL3-8B-hf,233,batch3,i
fr4,1,the man in a wheelchair,OpenGVLab/InternVL3-8B-hf,233,batch3,i
fr5,1,The man.,OpenGVLab/InternVL3-8B-hf,233,batch3,i
fr6,4,the kid in a yellow shirt,OpenGVLab/InternVL3-8B-hf,233,batch3,i
fr7,3,The cloud.,OpenGVLab/InternVL3-8B-hf,233,batch3,i
fr8,1,the staircase,OpenGVLab/InternVL3-8B-hf,233,batch3,i
fr9,2,the phone,OpenGVLab/InternVL3-8B-hf,233,batch3,i
fr10,4,the woman holding a note,OpenGVLab/InternVL3-8B-hf,233,batch3,i
fr11,2,the air pump,OpenGVLab/InternVL3-8B-hf,233,batch3,i
fr12,3,the woman's left foot,OpenGVLab/InternVL3-8B-hf,233,batch3,i
fr13,1,the surgeons,OpenGVLab/InternVL3-8B-hf,233,batch3,i
fr14,1,the man with a beard,OpenGVLab/InternVL3-8B-hf,233,batch3,i
fr15,1,the flasks,OpenGVLab/InternVL3-8B-hf,233,batch3,i
cs51,2,the lock,OpenGVLab/InternVL3-8B-hf,233,batch3,i
cs52,2,The yellow balls.,OpenGVLab/InternVL3-8B-hf,233,batch3,i
cs53,2,the shield,OpenGVLab/InternVL3-8B-hf,233,batch3,i
cs54,1,the man with his hand on his chin,OpenGVLab/InternVL3-8B-hf,233,batch3,i
cs55,4,The dollar sign.,OpenGVLab/InternVL3-8B-hf,233,batch3,i
cs56,1,the flames,OpenGVLab/InternVL3-8B-hf,233,batch3,i
cs57,4,the red flower-shaped object with a pointy middle,OpenGVLab/InternVL3-8B-hf,233,batch3,i
cs58,2,the lamps,OpenGVLab/InternVL3-8B-hf,233,batch3,i
cs59,2,the person in a yellow shirt,OpenGVLab/InternVL3-8B-hf,233,batch3,i
cs60,3,the trees in the lower left corner,OpenGVLab/InternVL3-8B-hf,233,batch3,i
de61,1,the woman,OpenGVLab/InternVL3-8B-hf,233,batch3,i
de62,1,the solar panel,OpenGVLab/InternVL3-8B-hf,233,batch3,i
de63,1,the tray,OpenGVLab/InternVL3-8B-hf,233,batch3,i
de64,2,the man,OpenGVLab/InternVL3-8B-hf,233,batch3,i
de65,1,the baby,OpenGVLab/InternVL3-8B-hf,233,batch3,i
de66,1,The barbed wire.,OpenGVLab/InternVL3-8B-hf,233,batch3,i
de67,2,The red rays.,OpenGVLab/InternVL3-8B-hf,233,batch3,i
de68,3,the man,OpenGVLab/InternVL3-8B-hf,233,batch3,i
de69,1,the crowd,OpenGVLab/InternVL3-8B-hf,233,batch3,i
de70,1,the man's right hand,OpenGVLab/InternVL3-8B-hf,233,batch3,i
de71,1,the open books,OpenGVLab/InternVL3-8B-hf,233,batch3,i
de72,1,the soccer ball,OpenGVLab/InternVL3-8B-hf,233,batch3,i
de73,3,the stool,OpenGVLab/InternVL3-8B-hf,233,batch3,i
de74,4,the red bars,OpenGVLab/InternVL3-8B-hf,233,batch3,i
de75,1,the lime,OpenGVLab/InternVL3-8B-hf,233,batch3,i
or31,3,the scale,OpenGVLab/InternVL3-8B-hf,241,batch3,i
or32,4,the couple,OpenGVLab/InternVL3-8B-hf,241,batch3,i
or33,4,the bathtub,OpenGVLab/InternVL3-8B-hf,241,batch3,i
or34,3,the electrode cap,OpenGVLab/InternVL3-8B-hf,241,batch3,i
or35,3,the animal,OpenGVLab/InternVL3-8B-hf,241,batch3,i
or36,4,the soldiers facing forward,OpenGVLab/InternVL3-8B-hf,241,batch3,i
or37,2,the land,OpenGVLab/InternVL3-8B-hf,241,batch3,i
or38,3,the big car,OpenGVLab/InternVL3-8B-hf,241,batch3,i
or39,4,the piggy bank,OpenGVLab/InternVL3-8B-hf,241,batch3,i
or40,2,The faucet.,OpenGVLab/InternVL3-8B-hf,241,batch3,i
or41,4,The quill pen,OpenGVLab/InternVL3-8B-hf,241,batch3,i
or42,2,the pig broken in half,OpenGVLab/InternVL3-8B-hf,241,batch3,i
or43,4,the people,OpenGVLab/InternVL3-8B-hf,241,batch3,i
or44,3,the woman with a notepad,OpenGVLab/InternVL3-8B-hf,241,batch3,i
or45,3,the orchestra,OpenGVLab/InternVL3-8B-hf,241,batch3,i
cs46,3,the cylinders,OpenGVLab/InternVL3-8B-hf,241,batch3,i
cs47,1,The seal,OpenGVLab/InternVL3-8B-hf,241,batch3,i
cs48,2,the corn,OpenGVLab/InternVL3-8B-hf,241,batch3,i
cs49,2,the magnifying glass,OpenGVLab/InternVL3-8B-hf,241,batch3,i
cs50,2,the ape,OpenGVLab/InternVL3-8B-hf,241,batch3,i
fr1,2,the heart-shaped tree,OpenGVLab/InternVL3-8B-hf,241,batch3,i
fr2,2,The brain.,OpenGVLab/InternVL3-8B-hf,241,batch3,i
fr3,1,The elephant,OpenGVLab/InternVL3-8B-hf,241,batch3,i
fr4,1,the man in a wheelchair,OpenGVLab/InternVL3-8B-hf,241,batch3,i
fr5,1,The man.,OpenGVLab/InternVL3-8B-hf,241,batch3,i
fr6,2,the kid in a yellow shirt,OpenGVLab/InternVL3-8B-hf,241,batch3,i
fr7,3,The cloud.,OpenGVLab/InternVL3-8B-hf,241,batch3,i
fr8,1,the staircase,OpenGVLab/InternVL3-8B-hf,241,batch3,i
fr9,1,The phone,OpenGVLab/InternVL3-8B-hf,241,batch3,i
fr10,4,the woman holding a note,OpenGVLab/InternVL3-8B-hf,241,batch3,i
fr11,2,the air pump,OpenGVLab/InternVL3-8B-hf,241,batch3,i
fr12,2,the woman's left foot,OpenGVLab/InternVL3-8B-hf,241,batch3,i
fr13,1,The surgeons,OpenGVLab/InternVL3-8B-hf,241,batch3,i
fr14,1,the man with a beard,OpenGVLab/InternVL3-8B-hf,241,batch3,i
fr15,1,The flasks,OpenGVLab/InternVL3-8B-hf,241,batch3,i
cs51,3,the lock,OpenGVLab/InternVL3-8B-hf,241,batch3,i
cs52,1,the yellow balls,OpenGVLab/InternVL3-8B-hf,241,batch3,i
cs53,2,the shield,OpenGVLab/InternVL3-8B-hf,241,batch3,i
cs54,1,the sitting man wearing a hat,OpenGVLab/InternVL3-8B-hf,241,batch3,i
cs55,3,the dollar sign,OpenGVLab/InternVL3-8B-hf,241,batch3,i
cs56,1,the flames,OpenGVLab/InternVL3-8B-hf,241,batch3,i
cs57,3,the red flower-shaped object with a pointy middle,OpenGVLab/InternVL3-8B-hf,241,batch3,i
cs58,2,The lamps,OpenGVLab/InternVL3-8B-hf,241,batch3,i
cs59,2,the person in a yellow shirt,OpenGVLab/InternVL3-8B-hf,241,batch3,i
cs60,1,the trees in the lower left corner,OpenGVLab/InternVL3-8B-hf,241,batch3,i
de61,3,the woman,OpenGVLab/InternVL3-8B-hf,241,batch3,i
de62,1,the solar panel,OpenGVLab/InternVL3-8B-hf,241,batch3,i
de63,2,the tray,OpenGVLab/InternVL3-8B-hf,241,batch3,i
de64,3,the man,OpenGVLab/InternVL3-8B-hf,241,batch3,i
de65,1,the baby,OpenGVLab/InternVL3-8B-hf,241,batch3,i
de66,2,the barbed wire,OpenGVLab/InternVL3-8B-hf,241,batch3,i
de67,3,The red rays.,OpenGVLab/InternVL3-8B-hf,241,batch3,i
de68,4,the man,OpenGVLab/InternVL3-8B-hf,241,batch3,i
de69,1,the crowd,OpenGVLab/InternVL3-8B-hf,241,batch3,i
de70,1,the man's right hand,OpenGVLab/InternVL3-8B-hf,241,batch3,i
de71,1,The woman holding a pen.,OpenGVLab/InternVL3-8B-hf,241,batch3,i
de72,1,the soccer ball,OpenGVLab/InternVL3-8B-hf,241,batch3,i
de73,3,the stool,OpenGVLab/InternVL3-8B-hf,241,batch3,i
de74,3,the red bars,OpenGVLab/InternVL3-8B-hf,241,batch3,i
de75,1,the lime,OpenGVLab/InternVL3-8B-hf,241,batch3,i
or31,4,the scale,OpenGVLab/InternVL3-8B-hf,243,batch3,i
or32,4,the couple,OpenGVLab/InternVL3-8B-hf,243,batch3,i
or33,2,the book,OpenGVLab/InternVL3-8B-hf,243,batch3,i
or34,3,the electrode cap,OpenGVLab/InternVL3-8B-hf,243,batch3,i
or35,4,the animal,OpenGVLab/InternVL3-8B-hf,243,batch3,i
or36,4,the soldiers facing forward,OpenGVLab/InternVL3-8B-hf,243,batch3,i
or37,3,The water.,OpenGVLab/InternVL3-8B-hf,243,batch3,i
or38,4,the big car,OpenGVLab/InternVL3-8B-hf,243,batch3,i
or39,4,the piggy bank,OpenGVLab/InternVL3-8B-hf,243,batch3,i
or40,1,the faucet,OpenGVLab/InternVL3-8B-hf,243,batch3,i
or41,2,the quill pen,OpenGVLab/InternVL3-8B-hf,243,batch3,i
or42,3,the pig broken in half,OpenGVLab/InternVL3-8B-hf,243,batch3,i
or43,4,the people,OpenGVLab/InternVL3-8B-hf,243,batch3,i
or44,3,the woman with a notepad,OpenGVLab/InternVL3-8B-hf,243,batch3,i
or45,3,the orchestra,OpenGVLab/InternVL3-8B-hf,243,batch3,i
cs46,3,the cylinders,OpenGVLab/InternVL3-8B-hf,243,batch3,i
cs47,1,The seal,OpenGVLab/InternVL3-8B-hf,243,batch3,i
cs48,1,the tomatoes,OpenGVLab/InternVL3-8B-hf,243,batch3,i
cs49,1,the magnifying glass,OpenGVLab/InternVL3-8B-hf,243,batch3,i
cs50,1,the ape,OpenGVLab/InternVL3-8B-hf,243,batch3,i
fr1,2,the heart-shaped tree,OpenGVLab/InternVL3-8B-hf,243,batch3,i
fr2,2,The brain,OpenGVLab/InternVL3-8B-hf,243,batch3,i
fr3,1,the elephant,OpenGVLab/InternVL3-8B-hf,243,batch3,i
fr4,1,the laptops,OpenGVLab/InternVL3-8B-hf,243,batch3,i
fr5,1,the man,OpenGVLab/InternVL3-8B-hf,243,batch3,i
fr6,2,the kid in a yellow shirt,OpenGVLab/InternVL3-8B-hf,243,batch3,i
fr7,3,everything equal,OpenGVLab/InternVL3-8B-hf,243,batch3,i
fr8,1,the door,OpenGVLab/InternVL3-8B-hf,243,batch3,i
fr9,1,The phone,OpenGVLab/InternVL3-8B-hf,243,batch3,i
fr10,4,the woman holding a note,OpenGVLab/InternVL3-8B-hf,243,batch3,i
fr11,1,the air pump,OpenGVLab/InternVL3-8B-hf,243,batch3,i
fr12,2,the woman's left foot,OpenGVLab/InternVL3-8B-hf,243,batch3,i
fr13,1,the surgeons,OpenGVLab/InternVL3-8B-hf,243,batch3,i
fr14,2,the man with a beard,OpenGVLab/InternVL3-8B-hf,243,batch3,i
fr15,1,the flasks,OpenGVLab/InternVL3-8B-hf,243,batch3,i
cs51,2,the lock,OpenGVLab/InternVL3-8B-hf,243,batch3,i
cs52,3,the yellow balls,OpenGVLab/InternVL3-8B-hf,243,batch3,i
cs53,2,the shield,OpenGVLab/InternVL3-8B-hf,243,batch3,i
cs54,1,the man with his hand on his chin,OpenGVLab/InternVL3-8B-hf,243,batch3,i
cs55,3,The dollar sign.,OpenGVLab/InternVL3-8B-hf,243,batch3,i
cs56,1,the flames,OpenGVLab/InternVL3-8B-hf,243,batch3,i
cs57,4,the red flower-shaped object with a pointy middle,OpenGVLab/InternVL3-8B-hf,243,batch3,i
cs58,1,the lamps,OpenGVLab/InternVL3-8B-hf,243,batch3,i
cs59,3,The person in a yellow shirt.,OpenGVLab/InternVL3-8B-hf,243,batch3,i
cs60,2,the trees in the lower left corner,OpenGVLab/InternVL3-8B-hf,243,batch3,i
de61,2,the woman,OpenGVLab/InternVL3-8B-hf,243,batch3,i
de62,2,The solar panel.,OpenGVLab/InternVL3-8B-hf,243,batch3,i
de63,1,The tray,OpenGVLab/InternVL3-8B-hf,243,batch3,i
de64,2,the man,OpenGVLab/InternVL3-8B-hf,243,batch3,i
de65,1,the baby,OpenGVLab/InternVL3-8B-hf,243,batch3,i
de66,1,the barbed wire,OpenGVLab/InternVL3-8B-hf,243,batch3,i
de67,2,The red rays.,OpenGVLab/InternVL3-8B-hf,243,batch3,i
de68,2,the man,OpenGVLab/InternVL3-8B-hf,243,batch3,i
de69,1,the crowd,OpenGVLab/InternVL3-8B-hf,243,batch3,i
de70,1,the thermos,OpenGVLab/InternVL3-8B-hf,243,batch3,i
de71,1,The open books.,OpenGVLab/InternVL3-8B-hf,243,batch3,i
de72,1,the soccer ball,OpenGVLab/InternVL3-8B-hf,243,batch3,i
de73,3,the stool,OpenGVLab/InternVL3-8B-hf,243,batch3,i
de74,4,the red bars,OpenGVLab/InternVL3-8B-hf,243,batch3,i
de75,1,the lime,OpenGVLab/InternVL3-8B-hf,243,batch3,i
or31,3,the scale,OpenGVLab/InternVL3-8B-hf,276,batch3,i
or32,4,the couple,OpenGVLab/InternVL3-8B-hf,276,batch3,i
or33,3,the bathtub,OpenGVLab/InternVL3-8B-hf,276,batch3,i
or34,3,the electrode cap,OpenGVLab/InternVL3-8B-hf,276,batch3,i
or35,4,the animal,OpenGVLab/InternVL3-8B-hf,276,batch3,i
or36,4,the soldiers facing forward,OpenGVLab/InternVL3-8B-hf,276,batch3,i
or37,3,the land,OpenGVLab/InternVL3-8B-hf,276,batch3,i
or38,3,the big car,OpenGVLab/InternVL3-8B-hf,276,batch3,i
or39,4,the piggy bank,OpenGVLab/InternVL3-8B-hf,276,batch3,i
or40,2,The faucet,OpenGVLab/InternVL3-8B-hf,276,batch3,i
or41,4,the quill pen,OpenGVLab/InternVL3-8B-hf,276,batch3,i
or42,1,the pig broken in half,OpenGVLab/InternVL3-8B-hf,276,batch3,i
or43,4,the people,OpenGVLab/InternVL3-8B-hf,276,batch3,i
or44,4,the woman with a notepad,OpenGVLab/InternVL3-8B-hf,276,batch3,i
or45,3,the orchestra,OpenGVLab/InternVL3-8B-hf,276,batch3,i
cs46,2,The cylinders.,OpenGVLab/InternVL3-8B-hf,276,batch3,i
cs47,1,the seal,OpenGVLab/InternVL3-8B-hf,276,batch3,i
cs48,3,the tomatoes,OpenGVLab/InternVL3-8B-hf,276,batch3,i
cs49,1,the magnifying glass,OpenGVLab/InternVL3-8B-hf,276,batch3,i
cs50,1,The ape.,OpenGVLab/InternVL3-8B-hf,276,batch3,i
fr1,1,the kid in a striped shirt,OpenGVLab/InternVL3-8B-hf,276,batch3,i
fr2,3,The brain.,OpenGVLab/InternVL3-8B-hf,276,batch3,i
fr3,1,the elephant,OpenGVLab/InternVL3-8B-hf,276,batch3,i
fr4,1,the man in a wheelchair,OpenGVLab/InternVL3-8B-hf,276,batch3,i
fr5,1,the man,OpenGVLab/InternVL3-8B-hf,276,batch3,i
fr6,3,the kid in a yellow shirt,OpenGVLab/InternVL3-8B-hf,276,batch3,i
fr7,3,The sun,OpenGVLab/InternVL3-8B-hf,276,batch3,i
fr8,3,the staircase,OpenGVLab/InternVL3-8B-hf,276,batch3,i
fr9,1,The phone,OpenGVLab/InternVL3-8B-hf,276,batch3,i
fr10,4,the woman holding a note,OpenGVLab/InternVL3-8B-hf,276,batch3,i
fr11,2,the air pump,OpenGVLab/InternVL3-8B-hf,276,batch3,i
fr12,3,the woman's left foot,OpenGVLab/InternVL3-8B-hf,276,batch3,i
fr13,1,the surgeons,OpenGVLab/InternVL3-8B-hf,276,batch3,i
fr14,1,the man with a beard,OpenGVLab/InternVL3-8B-hf,276,batch3,i
fr15,1,The flasks,OpenGVLab/InternVL3-8B-hf,276,batch3,i
cs51,3,the lock,OpenGVLab/InternVL3-8B-hf,276,batch3,i
cs52,2,The yellow balls.,OpenGVLab/InternVL3-8B-hf,276,batch3,i
cs53,1,the shield,OpenGVLab/InternVL3-8B-hf,276,batch3,i
cs54,2,the sitting man wearing a hat,OpenGVLab/InternVL3-8B-hf,276,batch3,i
cs55,4,the dollar sign,OpenGVLab/InternVL3-8B-hf,276,batch3,i
cs56,1,the flames,OpenGVLab/InternVL3-8B-hf,276,batch3,i
cs57,4,the red flower-shaped object with a pointy middle,OpenGVLab/InternVL3-8B-hf,276,batch3,i
cs58,2,the lamps,OpenGVLab/InternVL3-8B-hf,276,batch3,i
cs59,2,the person in a yellow shirt,OpenGVLab/InternVL3-8B-hf,276,batch3,i
cs60,2,the trees in the lower left corner,OpenGVLab/InternVL3-8B-hf,276,batch3,i
de61,2,the woman,OpenGVLab/InternVL3-8B-hf,276,batch3,i
de62,1,the solar panel,OpenGVLab/InternVL3-8B-hf,276,batch3,i
de63,2,the tray,OpenGVLab/InternVL3-8B-hf,276,batch3,i
de64,2,the man,OpenGVLab/InternVL3-8B-hf,276,batch3,i
de65,1,the baby,OpenGVLab/InternVL3-8B-hf,276,batch3,i
de66,2,the men with their hands up,OpenGVLab/InternVL3-8B-hf,276,batch3,i
de67,2,The red rays.,OpenGVLab/InternVL3-8B-hf,276,batch3,i
de68,4,the man,OpenGVLab/InternVL3-8B-hf,276,batch3,i
de69,1,the crowd,OpenGVLab/InternVL3-8B-hf,276,batch3,i
de70,1,the woman's left hand,OpenGVLab/InternVL3-8B-hf,276,batch3,i
de71,1,the woman holding a pen,OpenGVLab/InternVL3-8B-hf,276,batch3,i
de72,1,the soccer ball,OpenGVLab/InternVL3-8B-hf,276,batch3,i
de73,3,the stool,OpenGVLab/InternVL3-8B-hf,276,batch3,i
de74,4,the red bars,OpenGVLab/InternVL3-8B-hf,276,batch3,i
de75,1,the lime,OpenGVLab/InternVL3-8B-hf,276,batch3,i
or31,3,the scale,OpenGVLab/InternVL3-8B-hf,301,batch3,i
or32,3,the couple,OpenGVLab/InternVL3-8B-hf,301,batch3,i
or33,2,the book,OpenGVLab/InternVL3-8B-hf,301,batch3,i
or34,3,the electrode cap,OpenGVLab/InternVL3-8B-hf,301,batch3,i
or35,3,the animal,OpenGVLab/InternVL3-8B-hf,301,batch3,i
or36,3,the soldiers facing forward,OpenGVLab/InternVL3-8B-hf,301,batch3,i
or37,3,The land.,OpenGVLab/InternVL3-8B-hf,301,batch3,i
or38,4,the big car,OpenGVLab/InternVL3-8B-hf,301,batch3,i
or39,4,the piggy bank,OpenGVLab/InternVL3-8B-hf,301,batch3,i
or40,2,The faucet,OpenGVLab/InternVL3-8B-hf,301,batch3,i
or41,4,the quill pen,OpenGVLab/InternVL3-8B-hf,301,batch3,i
or42,1,The pig broken in half.,OpenGVLab/InternVL3-8B-hf,301,batch3,i
or43,4,the people,OpenGVLab/InternVL3-8B-hf,301,batch3,i
or44,4,the woman with a notepad,OpenGVLab/InternVL3-8B-hf,301,batch3,i
or45,4,the orchestra,OpenGVLab/InternVL3-8B-hf,301,batch3,i
cs46,2,the cylinders,OpenGVLab/InternVL3-8B-hf,301,batch3,i
cs47,1,the seal,OpenGVLab/InternVL3-8B-hf,301,batch3,i
cs48,1,the corn,OpenGVLab/InternVL3-8B-hf,301,batch3,i
cs49,1,the magnifying glass,OpenGVLab/InternVL3-8B-hf,301,batch3,i
cs50,1,the ape,OpenGVLab/InternVL3-8B-hf,301,batch3,i
fr1,2,the watering cans,OpenGVLab/InternVL3-8B-hf,301,batch3,i
fr2,2,The brain.,OpenGVLab/InternVL3-8B-hf,301,batch3,i
fr3,1,The elephant.,OpenGVLab/InternVL3-8B-hf,301,batch3,i
fr4,2,the laptops,OpenGVLab/InternVL3-8B-hf,301,batch3,i
fr5,1,the man,OpenGVLab/InternVL3-8B-hf,301,batch3,i
fr6,3,the kid in a yellow shirt,OpenGVLab/InternVL3-8B-hf,301,batch3,i
fr7,3,The sun.,OpenGVLab/InternVL3-8B-hf,301,batch3,i
fr8,1,the door,OpenGVLab/InternVL3-8B-hf,301,batch3,i
fr9,1,The phone,OpenGVLab/InternVL3-8B-hf,301,batch3,i
fr10,4,the woman holding a note,OpenGVLab/InternVL3-8B-hf,301,batch3,i
fr11,2,the air pump,OpenGVLab/InternVL3-8B-hf,301,batch3,i
fr12,3,the woman's left foot,OpenGVLab/InternVL3-8B-hf,301,batch3,i
fr13,1,the surgeons,OpenGVLab/InternVL3-8B-hf,301,batch3,i
fr14,1,The man with a beard.,OpenGVLab/InternVL3-8B-hf,301,batch3,i
fr15,1,the flasks,OpenGVLab/InternVL3-8B-hf,301,batch3,i
cs51,2,the lock,OpenGVLab/InternVL3-8B-hf,301,batch3,i
cs52,3,The yellow balls,OpenGVLab/InternVL3-8B-hf,301,batch3,i
cs53,3,the shield,OpenGVLab/InternVL3-8B-hf,301,batch3,i
cs54,2,the man with his hand on his chin,OpenGVLab/InternVL3-8B-hf,301,batch3,i
cs55,4,The dollar sign.,OpenGVLab/InternVL3-8B-hf,301,batch3,i
cs56,1,the flames,OpenGVLab/InternVL3-8B-hf,301,batch3,i
cs57,4,the red flower-shaped object with a pointy middle,OpenGVLab/InternVL3-8B-hf,301,batch3,i
cs58,3,the lamps,OpenGVLab/InternVL3-8B-hf,301,batch3,i
cs59,1,the person in a yellow shirt,OpenGVLab/InternVL3-8B-hf,301,batch3,i
cs60,2,the trees in the lower left corner,OpenGVLab/InternVL3-8B-hf,301,batch3,i
de61,2,the woman,OpenGVLab/InternVL3-8B-hf,301,batch3,i
de62,2,the solar panel,OpenGVLab/InternVL3-8B-hf,301,batch3,i
de63,1,the tray,OpenGVLab/InternVL3-8B-hf,301,batch3,i
de64,2,the man,OpenGVLab/InternVL3-8B-hf,301,batch3,i
de65,1,the baby,OpenGVLab/InternVL3-8B-hf,301,batch3,i
de66,2,the barbed wire,OpenGVLab/InternVL3-8B-hf,301,batch3,i
de67,3,The red rays.,OpenGVLab/InternVL3-8B-hf,301,batch3,i
de68,3,the man,OpenGVLab/InternVL3-8B-hf,301,batch3,i
de69,1,the crowd,OpenGVLab/InternVL3-8B-hf,301,batch3,i
de70,1,the man's right hand,OpenGVLab/InternVL3-8B-hf,301,batch3,i
de71,1,the woman holding a pen,OpenGVLab/InternVL3-8B-hf,301,batch3,i
de72,1,the soccer ball,OpenGVLab/InternVL3-8B-hf,301,batch3,i
de73,3,the stool,OpenGVLab/InternVL3-8B-hf,301,batch3,i
de74,4,the red bars,OpenGVLab/InternVL3-8B-hf,301,batch3,i
de75,1,the lime,OpenGVLab/InternVL3-8B-hf,301,batch3,i
or31,4,the scale,OpenGVLab/InternVL3-8B-hf,384,batch3,i
or32,4,the couple,OpenGVLab/InternVL3-8B-hf,384,batch3,i
or33,2,the bathtub,OpenGVLab/InternVL3-8B-hf,384,batch3,i
or34,3,the electrode cap,OpenGVLab/InternVL3-8B-hf,384,batch3,i
or35,2,the animal,OpenGVLab/InternVL3-8B-hf,384,batch3,i
or36,4,the soldiers facing forward,OpenGVLab/InternVL3-8B-hf,384,batch3,i
or37,3,The land.,OpenGVLab/InternVL3-8B-hf,384,batch3,i
or38,3,the big car,OpenGVLab/InternVL3-8B-hf,384,batch3,i
or39,3,the piggy bank,OpenGVLab/InternVL3-8B-hf,384,batch3,i
or40,2,the faucet,OpenGVLab/InternVL3-8B-hf,384,batch3,i
or41,4,the quill pen,OpenGVLab/InternVL3-8B-hf,384,batch3,i
or42,2,the pig broken in half,OpenGVLab/InternVL3-8B-hf,384,batch3,i
or43,3,the people,OpenGVLab/InternVL3-8B-hf,384,batch3,i
or44,4,the woman with a notepad,OpenGVLab/InternVL3-8B-hf,384,batch3,i
or45,3,the orchestra,OpenGVLab/InternVL3-8B-hf,384,batch3,i
cs46,2,The cylinders,OpenGVLab/InternVL3-8B-hf,384,batch3,i
cs47,1,the seal,OpenGVLab/InternVL3-8B-hf,384,batch3,i
cs48,1,the tomatoes,OpenGVLab/InternVL3-8B-hf,384,batch3,i
cs49,1,the magnifying glass,OpenGVLab/InternVL3-8B-hf,384,batch3,i
cs50,1,The ape,OpenGVLab/InternVL3-8B-hf,384,batch3,i
fr1,2,the kid in a striped shirt,OpenGVLab/InternVL3-8B-hf,384,batch3,i
fr2,2,The brain.,OpenGVLab/InternVL3-8B-hf,384,batch3,i
fr3,1,the elephant,OpenGVLab/InternVL3-8B-hf,384,batch3,i
fr4,1,the laptops,OpenGVLab/InternVL3-8B-hf,384,batch3,i
fr5,1,the man,OpenGVLab/InternVL3-8B-hf,384,batch3,i
fr6,3,the kid in a yellow shirt,OpenGVLab/InternVL3-8B-hf,384,batch3,i
fr7,3,The sun,OpenGVLab/InternVL3-8B-hf,384,batch3,i
fr8,3,the staircase,OpenGVLab/InternVL3-8B-hf,384,batch3,i
fr9,1,The phone,OpenGVLab/InternVL3-8B-hf,384,batch3,i
fr10,4,the woman holding a note,OpenGVLab/InternVL3-8B-hf,384,batch3,i
fr11,2,the air pump,OpenGVLab/InternVL3-8B-hf,384,batch3,i
fr12,3,the woman's left foot,OpenGVLab/InternVL3-8B-hf,384,batch3,i
fr13,1,The surgeons,OpenGVLab/InternVL3-8B-hf,384,batch3,i
fr14,1,the man with a beard,OpenGVLab/InternVL3-8B-hf,384,batch3,i
fr15,1,the flasks,OpenGVLab/InternVL3-8B-hf,384,batch3,i
cs51,2,the lock,OpenGVLab/InternVL3-8B-hf,384,batch3,i
cs52,2,The yellow balls.,OpenGVLab/InternVL3-8B-hf,384,batch3,i
cs53,1,the shield,OpenGVLab/InternVL3-8B-hf,384,batch3,i
cs54,1,the sitting man wearing a hat,OpenGVLab/InternVL3-8B-hf,384,batch3,i
cs55,4,the dollar sign,OpenGVLab/InternVL3-8B-hf,384,batch3,i
cs56,1,the flames,OpenGVLab/InternVL3-8B-hf,384,batch3,i
cs57,4,the red flower-shaped object with a pointy middle,OpenGVLab/InternVL3-8B-hf,384,batch3,i
cs58,1,the lamps,OpenGVLab/InternVL3-8B-hf,384,batch3,i
cs59,1,The person in a yellow shirt.,OpenGVLab/InternVL3-8B-hf,384,batch3,i
cs60,2,the trees in the lower left corner,OpenGVLab/InternVL3-8B-hf,384,batch3,i
de61,2,the woman,OpenGVLab/InternVL3-8B-hf,384,batch3,i
de62,2,the solar panel,OpenGVLab/InternVL3-8B-hf,384,batch3,i
de63,1,the tray,OpenGVLab/InternVL3-8B-hf,384,batch3,i
de64,1,the man,OpenGVLab/InternVL3-8B-hf,384,batch3,i
de65,1,the baby,OpenGVLab/InternVL3-8B-hf,384,batch3,i
de66,2,the barbed wire,OpenGVLab/InternVL3-8B-hf,384,batch3,i
de67,2,It is ambiguous.,OpenGVLab/InternVL3-8B-hf,384,batch3,i
de68,3,the man,OpenGVLab/InternVL3-8B-hf,384,batch3,i
de69,1,the crowd,OpenGVLab/InternVL3-8B-hf,384,batch3,i
de70,1,the man's right hand,OpenGVLab/InternVL3-8B-hf,384,batch3,i
de71,1,the open books,OpenGVLab/InternVL3-8B-hf,384,batch3,i
de72,1,the soccer ball,OpenGVLab/InternVL3-8B-hf,384,batch3,i
de73,4,the stool,OpenGVLab/InternVL3-8B-hf,384,batch3,i
de74,3,red bars,OpenGVLab/InternVL3-8B-hf,384,batch3,i
de75,1,the lime,OpenGVLab/InternVL3-8B-hf,384,batch3,i
or31,3,the scale,OpenGVLab/InternVL3-8B-hf,435,batch3,i
or32,4,the couple,OpenGVLab/InternVL3-8B-hf,435,batch3,i
or33,3,the bathtub,OpenGVLab/InternVL3-8B-hf,435,batch3,i
or34,4,the electrode cap,OpenGVLab/InternVL3-8B-hf,435,batch3,i
or35,3,the animal,OpenGVLab/InternVL3-8B-hf,435,batch3,i
or36,4,the soldiers facing forward,OpenGVLab/InternVL3-8B-hf,435,batch3,i
or37,2,The water.,OpenGVLab/InternVL3-8B-hf,435,batch3,i
or38,3,the big car,OpenGVLab/InternVL3-8B-hf,435,batch3,i
or39,4,the piggy bank,OpenGVLab/InternVL3-8B-hf,435,batch3,i
or40,2,The faucet,OpenGVLab/InternVL3-8B-hf,435,batch3,i
or41,4,the quill pen,OpenGVLab/InternVL3-8B-hf,435,batch3,i
or42,2,the pig broken in half,OpenGVLab/InternVL3-8B-hf,435,batch3,i
or43,4,the people,OpenGVLab/InternVL3-8B-hf,435,batch3,i
or44,4,the woman with a notepad,OpenGVLab/InternVL3-8B-hf,435,batch3,i
or45,3,the orchestra,OpenGVLab/InternVL3-8B-hf,435,batch3,i
cs46,2,The cylinders.,OpenGVLab/InternVL3-8B-hf,435,batch3,i
cs47,1,the seal,OpenGVLab/InternVL3-8B-hf,435,batch3,i
cs48,1,the tomatoes,OpenGVLab/InternVL3-8B-hf,435,batch3,i
cs49,1,the magnifying glass,OpenGVLab/InternVL3-8B-hf,435,batch3,i
cs50,1,The ape,OpenGVLab/InternVL3-8B-hf,435,batch3,i
fr1,2,the heart-shaped tree,OpenGVLab/InternVL3-8B-hf,435,batch3,i
fr2,2,The brain.,OpenGVLab/InternVL3-8B-hf,435,batch3,i
fr3,1,the elephant,OpenGVLab/InternVL3-8B-hf,435,batch3,i
fr4,1,the laptops,OpenGVLab/InternVL3-8B-hf,435,batch3,i
fr5,2,the man,OpenGVLab/InternVL3-8B-hf,435,batch3,i
fr6,2,the kid in a yellow shirt,OpenGVLab/InternVL3-8B-hf,435,batch3,i
fr7,3,The sun.,OpenGVLab/InternVL3-8B-hf,435,batch3,i
fr8,2,the staircase,OpenGVLab/InternVL3-8B-hf,435,batch3,i
fr9,1,the phone,OpenGVLab/InternVL3-8B-hf,435,batch3,i
fr10,4,the woman holding a note,OpenGVLab/InternVL3-8B-hf,435,batch3,i
fr11,2,the air pump,OpenGVLab/InternVL3-8B-hf,435,batch3,i
fr12,3,the woman's left foot,OpenGVLab/InternVL3-8B-hf,435,batch3,i
fr13,1,the surgeons,OpenGVLab/InternVL3-8B-hf,435,batch3,i
fr14,2,the man with a beard,OpenGVLab/InternVL3-8B-hf,435,batch3,i
fr15,1,the flasks,OpenGVLab/InternVL3-8B-hf,435,batch3,i
cs51,2,the lock,OpenGVLab/InternVL3-8B-hf,435,batch3,i
cs52,3,The yellow balls.,OpenGVLab/InternVL3-8B-hf,435,batch3,i
cs53,1,the shield,OpenGVLab/InternVL3-8B-hf,435,batch3,i
cs54,2,the sitting man wearing a hat,OpenGVLab/InternVL3-8B-hf,435,batch3,i
cs55,4,the dollar sign,OpenGVLab/InternVL3-8B-hf,435,batch3,i
cs56,1,The flames,OpenGVLab/InternVL3-8B-hf,435,batch3,i
cs57,3,the red flower-shaped object with a pointy middle,OpenGVLab/InternVL3-8B-hf,435,batch3,i
cs58,2,the lamps,OpenGVLab/InternVL3-8B-hf,435,batch3,i
cs59,2,the old-fashioned phone,OpenGVLab/InternVL3-8B-hf,435,batch3,i
cs60,2,the trees in the lower left corner,OpenGVLab/InternVL3-8B-hf,435,batch3,i
de61,1,the woman,OpenGVLab/InternVL3-8B-hf,435,batch3,i
de62,2,the solar panel,OpenGVLab/InternVL3-8B-hf,435,batch3,i
de63,2,the tray,OpenGVLab/InternVL3-8B-hf,435,batch3,i
de64,2,the man,OpenGVLab/InternVL3-8B-hf,435,batch3,i
de65,1,the baby,OpenGVLab/InternVL3-8B-hf,435,batch3,i
de66,1,the barbed wire,OpenGVLab/InternVL3-8B-hf,435,batch3,i
de67,2,The red rays are at the most front of the image.,OpenGVLab/InternVL3-8B-hf,435,batch3,i
de68,2,the man,OpenGVLab/InternVL3-8B-hf,435,batch3,i
de69,1,the crowd,OpenGVLab/InternVL3-8B-hf,435,batch3,i
de70,1,the woman's left hand,OpenGVLab/InternVL3-8B-hf,435,batch3,i
de71,1,the open books,OpenGVLab/InternVL3-8B-hf,435,batch3,i
de72,1,the soccer ball,OpenGVLab/InternVL3-8B-hf,435,batch3,i
de73,2,the stool,OpenGVLab/InternVL3-8B-hf,435,batch3,i
de74,4,the red bars,OpenGVLab/InternVL3-8B-hf,435,batch3,i
de75,1,the lime,OpenGVLab/InternVL3-8B-hf,435,batch3,i
or31,3,the scale,OpenGVLab/InternVL3-8B-hf,441,batch3,i
or32,4,the couple,OpenGVLab/InternVL3-8B-hf,441,batch3,i
or33,2,the bathtub,OpenGVLab/InternVL3-8B-hf,441,batch3,i
or34,3,the electrode cap,OpenGVLab/InternVL3-8B-hf,441,batch3,i
or35,3,the animal,OpenGVLab/InternVL3-8B-hf,441,batch3,i
or36,4,the soldiers facing forward,OpenGVLab/InternVL3-8B-hf,441,batch3,i
or37,3,The land.,OpenGVLab/InternVL3-8B-hf,441,batch3,i
or38,4,the big car,OpenGVLab/InternVL3-8B-hf,441,batch3,i
or39,4,the piggy bank,OpenGVLab/InternVL3-8B-hf,441,batch3,i
or40,3,the faucet,OpenGVLab/InternVL3-8B-hf,441,batch3,i
or41,3,the quill pen,OpenGVLab/InternVL3-8B-hf,441,batch3,i
or42,2,The pig broken in half.,OpenGVLab/InternVL3-8B-hf,441,batch3,i
or43,4,the people,OpenGVLab/InternVL3-8B-hf,441,batch3,i
or44,4,the woman with a notepad,OpenGVLab/InternVL3-8B-hf,441,batch3,i
or45,3,the orchestra,OpenGVLab/InternVL3-8B-hf,441,batch3,i
cs46,3,the cylinders,OpenGVLab/InternVL3-8B-hf,441,batch3,i
cs47,1,The seal,OpenGVLab/InternVL3-8B-hf,441,batch3,i
cs48,2,the tomatoes,OpenGVLab/InternVL3-8B-hf,441,batch3,i
cs49,1,the magnifying glass,OpenGVLab/InternVL3-8B-hf,441,batch3,i
cs50,1,the ape,OpenGVLab/InternVL3-8B-hf,441,batch3,i
fr1,2,the kid in a striped shirt,OpenGVLab/InternVL3-8B-hf,441,batch3,i
fr2,2,The brain.,OpenGVLab/InternVL3-8B-hf,441,batch3,i
fr3,1,the elephant,OpenGVLab/InternVL3-8B-hf,441,batch3,i
fr4,1,the laptops,OpenGVLab/InternVL3-8B-hf,441,batch3,i
fr5,1,The man.,OpenGVLab/InternVL3-8B-hf,441,batch3,i
fr6,2,the kid in a yellow shirt,OpenGVLab/InternVL3-8B-hf,441,batch3,i
fr7,2,The cloud.,OpenGVLab/InternVL3-8B-hf,441,batch3,i
fr8,2,the staircase,OpenGVLab/InternVL3-8B-hf,441,batch3,i
fr9,1,The phone,OpenGVLab/InternVL3-8B-hf,441,batch3,i
fr10,4,the woman holding a note,OpenGVLab/InternVL3-8B-hf,441,batch3,i
fr11,2,the air pump,OpenGVLab/InternVL3-8B-hf,441,batch3,i
fr12,2,the woman's left foot,OpenGVLab/InternVL3-8B-hf,441,batch3,i
fr13,1,the surgeons,OpenGVLab/InternVL3-8B-hf,441,batch3,i
fr14,1,the man with a beard,OpenGVLab/InternVL3-8B-hf,441,batch3,i
fr15,1,The flasks,OpenGVLab/InternVL3-8B-hf,441,batch3,i
cs51,2,the lock,OpenGVLab/InternVL3-8B-hf,441,batch3,i
cs52,1,the yellow balls,OpenGVLab/InternVL3-8B-hf,441,batch3,i
cs53,2,the shield,OpenGVLab/InternVL3-8B-hf,441,batch3,i
cs54,1,the man with his hand on his chin,OpenGVLab/InternVL3-8B-hf,441,batch3,i
cs55,3,the dollar sign,OpenGVLab/InternVL3-8B-hf,441,batch3,i
cs56,1,The flames,OpenGVLab/InternVL3-8B-hf,441,batch3,i
cs57,4,the red flower-shaped object with a pointy middle,OpenGVLab/InternVL3-8B-hf,441,batch3,i
cs58,2,The lamps.,OpenGVLab/InternVL3-8B-hf,441,batch3,i
cs59,1,The person in a yellow shirt.,OpenGVLab/InternVL3-8B-hf,441,batch3,i
cs60,2,the trees in the lower left corner,OpenGVLab/InternVL3-8B-hf,441,batch3,i
de61,1,the woman,OpenGVLab/InternVL3-8B-hf,441,batch3,i
de62,1,the solar panel,OpenGVLab/InternVL3-8B-hf,441,batch3,i
de63,1,the tray,OpenGVLab/InternVL3-8B-hf,441,batch3,i
de64,3,the man,OpenGVLab/InternVL3-8B-hf,441,batch3,i
de65,1,the baby,OpenGVLab/InternVL3-8B-hf,441,batch3,i
de66,2,the men with their hands up,OpenGVLab/InternVL3-8B-hf,441,batch3,i
de67,2,The red rays.,OpenGVLab/InternVL3-8B-hf,441,batch3,i
de68,3,The man.,OpenGVLab/InternVL3-8B-hf,441,batch3,i
de69,1,the crowd,OpenGVLab/InternVL3-8B-hf,441,batch3,i
de70,1,the man's right hand,OpenGVLab/InternVL3-8B-hf,441,batch3,i
de71,1,the open books,OpenGVLab/InternVL3-8B-hf,441,batch3,i
de72,1,the soccer ball,OpenGVLab/InternVL3-8B-hf,441,batch3,i
de73,3,the stool,OpenGVLab/InternVL3-8B-hf,441,batch3,i
de74,3,the red bars,OpenGVLab/InternVL3-8B-hf,441,batch3,i
de75,2,the lime,OpenGVLab/InternVL3-8B-hf,441,batch3,i
or31,3,the scale,OpenGVLab/InternVL3-8B-hf,481,batch3,i
or32,4,the couple,OpenGVLab/InternVL3-8B-hf,481,batch3,i
or33,3,the bathtub,OpenGVLab/InternVL3-8B-hf,481,batch3,i
or34,4,the electrode cap,OpenGVLab/InternVL3-8B-hf,481,batch3,i
or35,3,the animal,OpenGVLab/InternVL3-8B-hf,481,batch3,i
or36,3,the soldiers facing forward,OpenGVLab/InternVL3-8B-hf,481,batch3,i
or37,2,the land,OpenGVLab/InternVL3-8B-hf,481,batch3,i
or38,4,the big car,OpenGVLab/InternVL3-8B-hf,481,batch3,i
or39,4,the piggy bank,OpenGVLab/InternVL3-8B-hf,481,batch3,i
or40,3,The faucet.,OpenGVLab/InternVL3-8B-hf,481,batch3,i
or41,2,The quill pen.,OpenGVLab/InternVL3-8B-hf,481,batch3,i
or42,2,the pig broken in half,OpenGVLab/InternVL3-8B-hf,481,batch3,i
or43,3,the people,OpenGVLab/InternVL3-8B-hf,481,batch3,i
or44,3,the woman with a notepad,OpenGVLab/InternVL3-8B-hf,481,batch3,i
or45,3,the orchestra,OpenGVLab/InternVL3-8B-hf,481,batch3,i
cs46,2,the cylinders,OpenGVLab/InternVL3-8B-hf,481,batch3,i
cs47,1,the seal,OpenGVLab/InternVL3-8B-hf,481,batch3,i
cs48,1,the tomatoes,OpenGVLab/InternVL3-8B-hf,481,batch3,i
cs49,1,the magnifying glass,OpenGVLab/InternVL3-8B-hf,481,batch3,i
cs50,2,the ape,OpenGVLab/InternVL3-8B-hf,481,batch3,i
fr1,2,the kid in a striped shirt,OpenGVLab/InternVL3-8B-hf,481,batch3,i
fr2,2,The brain.,OpenGVLab/InternVL3-8B-hf,481,batch3,i
fr3,1,the elephant,OpenGVLab/InternVL3-8B-hf,481,batch3,i
fr4,2,The man in a wheelchair,OpenGVLab/InternVL3-8B-hf,481,batch3,i
fr5,2,The man,OpenGVLab/InternVL3-8B-hf,481,batch3,i
fr6,2,the kid in a yellow shirt,OpenGVLab/InternVL3-8B-hf,481,batch3,i
fr7,4,The sun.,OpenGVLab/InternVL3-8B-hf,481,batch3,i
fr8,2,the door,OpenGVLab/InternVL3-8B-hf,481,batch3,i
fr9,1,the phone,OpenGVLab/InternVL3-8B-hf,481,batch3,i
fr10,4,the woman holding a note,OpenGVLab/InternVL3-8B-hf,481,batch3,i
fr11,2,the air pump,OpenGVLab/InternVL3-8B-hf,481,batch3,i
fr12,3,the woman's left foot,OpenGVLab/InternVL3-8B-hf,481,batch3,i
fr13,1,the surgeons,OpenGVLab/InternVL3-8B-hf,481,batch3,i
fr14,2,the man with a beard,OpenGVLab/InternVL3-8B-hf,481,batch3,i
fr15,1,the flasks,OpenGVLab/InternVL3-8B-hf,481,batch3,i
cs51,2,the lock,OpenGVLab/InternVL3-8B-hf,481,batch3,i
cs52,1,The yellow balls.,OpenGVLab/InternVL3-8B-hf,481,batch3,i
cs53,1,the shield,OpenGVLab/InternVL3-8B-hf,481,batch3,i
cs54,2,the sitting man wearing a hat,OpenGVLab/InternVL3-8B-hf,481,batch3,i
cs55,3,the dollar sign,OpenGVLab/InternVL3-8B-hf,481,batch3,i
cs56,1,the flames,OpenGVLab/InternVL3-8B-hf,481,batch3,i
cs57,3,the red flower-shaped object with a pointy middle,OpenGVLab/InternVL3-8B-hf,481,batch3,i
cs58,1,the lamps,OpenGVLab/InternVL3-8B-hf,481,batch3,i
cs59,1,the old-fashioned phone,OpenGVLab/InternVL3-8B-hf,481,batch3,i
cs60,3,the trees in the lower left corner,OpenGVLab/InternVL3-8B-hf,481,batch3,i
de61,2,the woman,OpenGVLab/InternVL3-8B-hf,481,batch3,i
de62,1,the solar panel,OpenGVLab/InternVL3-8B-hf,481,batch3,i
de63,1,the tray,OpenGVLab/InternVL3-8B-hf,481,batch3,i
de64,2,the weight,OpenGVLab/InternVL3-8B-hf,481,batch3,i
de65,1,the baby,OpenGVLab/InternVL3-8B-hf,481,batch3,i
de66,2,the barbed wire,OpenGVLab/InternVL3-8B-hf,481,batch3,i
de67,2,the red rays,OpenGVLab/InternVL3-8B-hf,481,batch3,i
de68,3,the man,OpenGVLab/InternVL3-8B-hf,481,batch3,i
de69,1,the crowd,OpenGVLab/InternVL3-8B-hf,481,batch3,i
de70,1,the man's right hand,OpenGVLab/InternVL3-8B-hf,481,batch3,i
de71,1,the open books,OpenGVLab/InternVL3-8B-hf,481,batch3,i
de72,1,the soccer ball,OpenGVLab/InternVL3-8B-hf,481,batch3,i
de73,3,the stool,OpenGVLab/InternVL3-8B-hf,481,batch3,i
de74,4,The red bars.,OpenGVLab/InternVL3-8B-hf,481,batch3,i
de75,1,the lime,OpenGVLab/InternVL3-8B-hf,481,batch3,i
or46,3,the cylinders,OpenGVLab/InternVL3-8B-hf,124,batch4,i
or47,2,The seal,OpenGVLab/InternVL3-8B-hf,124,batch4,i
or48,3,the corn,OpenGVLab/InternVL3-8B-hf,124,batch4,i
or49,2,the magnifying glass,OpenGVLab/InternVL3-8B-hf,124,batch4,i
or50,4,the ape,OpenGVLab/InternVL3-8B-hf,124,batch4,i
de1,1,the kid in a striped shirt,OpenGVLab/InternVL3-8B-hf,124,batch4,i
de2,3,The brain.,OpenGVLab/InternVL3-8B-hf,124,batch4,i
de3,1,the elephant,OpenGVLab/InternVL3-8B-hf,124,batch4,i
de4,2,the man in a wheelchair,OpenGVLab/InternVL3-8B-hf,124,batch4,i
de5,1,the man,OpenGVLab/InternVL3-8B-hf,124,batch4,i
de6,1,the kid in a yellow shirt,OpenGVLab/InternVL3-8B-hf,124,batch4,i
de7,3,The cloud.,OpenGVLab/InternVL3-8B-hf,124,batch4,i
de8,2,the staircase,OpenGVLab/InternVL3-8B-hf,124,batch4,i
de9,1,The phone,OpenGVLab/InternVL3-8B-hf,124,batch4,i
de10,4,the woman holding a note,OpenGVLab/InternVL3-8B-hf,124,batch4,i
de11,1,the air pump,OpenGVLab/InternVL3-8B-hf,124,batch4,i
de12,1,the woman's left foot,OpenGVLab/InternVL3-8B-hf,124,batch4,i
de13,1,the surgeons,OpenGVLab/InternVL3-8B-hf,124,batch4,i
de14,2,the man with a beard,OpenGVLab/InternVL3-8B-hf,124,batch4,i
de15,1,The flasks.,OpenGVLab/InternVL3-8B-hf,124,batch4,i
fr16,2,the dog collar,OpenGVLab/InternVL3-8B-hf,124,batch4,i
fr17,4,the diamond,OpenGVLab/InternVL3-8B-hf,124,batch4,i
fr18,2,the torch,OpenGVLab/InternVL3-8B-hf,124,batch4,i
fr19,2,the hands,OpenGVLab/InternVL3-8B-hf,124,batch4,i
fr20,1,the magnifying glass,OpenGVLab/InternVL3-8B-hf,124,batch4,i
fr21,2,the cigarette box,OpenGVLab/InternVL3-8B-hf,124,batch4,i
fr22,3,the people,OpenGVLab/InternVL3-8B-hf,124,batch4,i
fr23,1,the person,OpenGVLab/InternVL3-8B-hf,124,batch4,i
fr24,1,the mug,OpenGVLab/InternVL3-8B-hf,124,batch4,i
fr25,3,the little girl,OpenGVLab/InternVL3-8B-hf,124,batch4,i
fr26,3,the fingerprint scanner,OpenGVLab/InternVL3-8B-hf,124,batch4,i
fr27,1,the bigger globe,OpenGVLab/InternVL3-8B-hf,124,batch4,i
fr28,3,the puzzle pieces,OpenGVLab/InternVL3-8B-hf,124,batch4,i
fr29,2,the book with a brick on it,OpenGVLab/InternVL3-8B-hf,124,batch4,i
fr30,3,the VR goggle,OpenGVLab/InternVL3-8B-hf,124,batch4,i
or51,4,the lock,OpenGVLab/InternVL3-8B-hf,124,batch4,i
or52,4,Cannot say,OpenGVLab/InternVL3-8B-hf,124,batch4,i
or53,4,the shield,OpenGVLab/InternVL3-8B-hf,124,batch4,i
or54,3,the man with his hand on his chin,OpenGVLab/InternVL3-8B-hf,124,batch4,i
or55,4,the dollar sign,OpenGVLab/InternVL3-8B-hf,124,batch4,i
or56,3,the flames,OpenGVLab/InternVL3-8B-hf,124,batch4,i
or57,4,the red flower-shaped object with a pointy middle,OpenGVLab/InternVL3-8B-hf,124,batch4,i
or58,3,the lamps,OpenGVLab/InternVL3-8B-hf,124,batch4,i
or59,3,the person in a yellow shirt,OpenGVLab/InternVL3-8B-hf,124,batch4,i
or60,4,the trees in the lower left corner,OpenGVLab/InternVL3-8B-hf,124,batch4,i
cs61,3,the woman,OpenGVLab/InternVL3-8B-hf,124,batch4,i
cs62,2,the solar panel,OpenGVLab/InternVL3-8B-hf,124,batch4,i
cs63,2,the tray,OpenGVLab/InternVL3-8B-hf,124,batch4,i
cs64,2,the man,OpenGVLab/InternVL3-8B-hf,124,batch4,i
cs65,1,the baby,OpenGVLab/InternVL3-8B-hf,124,batch4,i
cs66,2,the barbed wire,OpenGVLab/InternVL3-8B-hf,124,batch4,i
cs67,2,The red rays.,OpenGVLab/InternVL3-8B-hf,124,batch4,i
cs68,2,the man,OpenGVLab/InternVL3-8B-hf,124,batch4,i
cs69,1,the crowd,OpenGVLab/InternVL3-8B-hf,124,batch4,i
cs70,1,the man's right hand,OpenGVLab/InternVL3-8B-hf,124,batch4,i
cs71,1,the open books,OpenGVLab/InternVL3-8B-hf,124,batch4,i
cs72,1,the soccer ball,OpenGVLab/InternVL3-8B-hf,124,batch4,i
cs73,1,the stool,OpenGVLab/InternVL3-8B-hf,124,batch4,i
cs74,1,the red bars,OpenGVLab/InternVL3-8B-hf,124,batch4,i
cs75,2,the lime,OpenGVLab/InternVL3-8B-hf,124,batch4,i
or46,3,The cylinders.,OpenGVLab/InternVL3-8B-hf,191,batch4,i
or47,3,the seal,OpenGVLab/InternVL3-8B-hf,191,batch4,i
or48,2,the tomatoes,OpenGVLab/InternVL3-8B-hf,191,batch4,i
or49,4,the magnifying glass,OpenGVLab/InternVL3-8B-hf,191,batch4,i
or50,4,the ape,OpenGVLab/InternVL3-8B-hf,191,batch4,i
de1,1,the kid in a striped shirt,OpenGVLab/InternVL3-8B-hf,191,batch4,i
de2,3,The brain.,OpenGVLab/InternVL3-8B-hf,191,batch4,i
de3,2,the elephant,OpenGVLab/InternVL3-8B-hf,191,batch4,i
de4,1,the laptops,OpenGVLab/InternVL3-8B-hf,191,batch4,i
de5,1,the man,OpenGVLab/InternVL3-8B-hf,191,batch4,i
de6,2,the kid in a yellow shirt,OpenGVLab/InternVL3-8B-hf,191,batch4,i
de7,2,The cloud.,OpenGVLab/InternVL3-8B-hf,191,batch4,i
de8,2,the staircase,OpenGVLab/InternVL3-8B-hf,191,batch4,i
de9,1,The phone,OpenGVLab/InternVL3-8B-hf,191,batch4,i
de10,4,the woman holding a note,OpenGVLab/InternVL3-8B-hf,191,batch4,i
de11,1,the air pump,OpenGVLab/InternVL3-8B-hf,191,batch4,i
de12,1,the woman's left foot,OpenGVLab/InternVL3-8B-hf,191,batch4,i
de13,1,the surgeons,OpenGVLab/InternVL3-8B-hf,191,batch4,i
de14,1,the house symbol,OpenGVLab/InternVL3-8B-hf,191,batch4,i
de15,1,The flasks,OpenGVLab/InternVL3-8B-hf,191,batch4,i
fr16,2,the dog collar,OpenGVLab/InternVL3-8B-hf,191,batch4,i
fr17,4,the front side of pedestal,OpenGVLab/InternVL3-8B-hf,191,batch4,i
fr18,3,the torch,OpenGVLab/InternVL3-8B-hf,191,batch4,i
fr19,3,the hands,OpenGVLab/InternVL3-8B-hf,191,batch4,i
fr20,1,the magnifying glass,OpenGVLab/InternVL3-8B-hf,191,batch4,i
fr21,2,the cigarette box,OpenGVLab/InternVL3-8B-hf,191,batch4,i
fr22,3,the people,OpenGVLab/InternVL3-8B-hf,191,batch4,i
fr23,2,the person,OpenGVLab/InternVL3-8B-hf,191,batch4,i
fr24,2,the mug,OpenGVLab/InternVL3-8B-hf,191,batch4,i
fr25,3,the little girl,OpenGVLab/InternVL3-8B-hf,191,batch4,i
fr26,4,the fingerprint scanner,OpenGVLab/InternVL3-8B-hf,191,batch4,i
fr27,1,the bigger globe,OpenGVLab/InternVL3-8B-hf,191,batch4,i
fr28,2,The puzzle pieces.,OpenGVLab/InternVL3-8B-hf,191,batch4,i
fr29,1,the magnifying glass,OpenGVLab/InternVL3-8B-hf,191,batch4,i
fr30,4,the VR goggle,OpenGVLab/InternVL3-8B-hf,191,batch4,i
or51,4,the lock,OpenGVLab/InternVL3-8B-hf,191,batch4,i
or52,4,The yellow balls.,OpenGVLab/InternVL3-8B-hf,191,batch4,i
or53,3,the shield,OpenGVLab/InternVL3-8B-hf,191,batch4,i
or54,3,the man with his hand on his chin,OpenGVLab/InternVL3-8B-hf,191,batch4,i
or55,4,the dollar sign,OpenGVLab/InternVL3-8B-hf,191,batch4,i
or56,3,the flames,OpenGVLab/InternVL3-8B-hf,191,batch4,i
or57,4,the red flower-shaped object with a pointy middle,OpenGVLab/InternVL3-8B-hf,191,batch4,i
or58,2,the lamps,OpenGVLab/InternVL3-8B-hf,191,batch4,i
or59,4,The person in a yellow shirt.,OpenGVLab/InternVL3-8B-hf,191,batch4,i
or60,4,the trees in the lower left corner,OpenGVLab/InternVL3-8B-hf,191,batch4,i
cs61,2,the woman,OpenGVLab/InternVL3-8B-hf,191,batch4,i
cs62,2,the solar panel,OpenGVLab/InternVL3-8B-hf,191,batch4,i
cs63,2,the tray,OpenGVLab/InternVL3-8B-hf,191,batch4,i
cs64,1,the man,OpenGVLab/InternVL3-8B-hf,191,batch4,i
cs65,1,the baby,OpenGVLab/InternVL3-8B-hf,191,batch4,i
cs66,1,the barbed wire,OpenGVLab/InternVL3-8B-hf,191,batch4,i
cs67,2,The red rays are at the most front of the image.,OpenGVLab/InternVL3-8B-hf,191,batch4,i
cs68,2,the man,OpenGVLab/InternVL3-8B-hf,191,batch4,i
cs69,1,the crowd,OpenGVLab/InternVL3-8B-hf,191,batch4,i
cs70,1,the man's right hand,OpenGVLab/InternVL3-8B-hf,191,batch4,i
cs71,1,The open books.,OpenGVLab/InternVL3-8B-hf,191,batch4,i
cs72,1,the soccer ball,OpenGVLab/InternVL3-8B-hf,191,batch4,i
cs73,1,the stool,OpenGVLab/InternVL3-8B-hf,191,batch4,i
cs74,2,the red bars,OpenGVLab/InternVL3-8B-hf,191,batch4,i
cs75,2,the lime,OpenGVLab/InternVL3-8B-hf,191,batch4,i
or46,4,The cylinders.,OpenGVLab/InternVL3-8B-hf,296,batch4,i
or47,3,the seal,OpenGVLab/InternVL3-8B-hf,296,batch4,i
or48,3,the corn,OpenGVLab/InternVL3-8B-hf,296,batch4,i
or49,4,the magnifying glass,OpenGVLab/InternVL3-8B-hf,296,batch4,i
or50,4,The ape.,OpenGVLab/InternVL3-8B-hf,296,batch4,i
de1,1,the kid in a striped shirt,OpenGVLab/InternVL3-8B-hf,296,batch4,i
de2,4,The brain,OpenGVLab/InternVL3-8B-hf,296,batch4,i
de3,2,The elephant.,OpenGVLab/InternVL3-8B-hf,296,batch4,i
de4,1,the laptops,OpenGVLab/InternVL3-8B-hf,296,batch4,i
de5,1,The man,OpenGVLab/InternVL3-8B-hf,296,batch4,i
de6,2,the kid in a yellow shirt,OpenGVLab/InternVL3-8B-hf,296,batch4,i
de7,3,The sun.,OpenGVLab/InternVL3-8B-hf,296,batch4,i
de8,2,the staircase,OpenGVLab/InternVL3-8B-hf,296,batch4,i
de9,2,the phone,OpenGVLab/InternVL3-8B-hf,296,batch4,i
de10,4,the woman holding a note,OpenGVLab/InternVL3-8B-hf,296,batch4,i
de11,1,the air pump,OpenGVLab/InternVL3-8B-hf,296,batch4,i
de12,1,the woman's left foot,OpenGVLab/InternVL3-8B-hf,296,batch4,i
de13,1,the surgeons,OpenGVLab/InternVL3-8B-hf,296,batch4,i
de14,2,the man with a beard,OpenGVLab/InternVL3-8B-hf,296,batch4,i
de15,1,the flasks,OpenGVLab/InternVL3-8B-hf,296,batch4,i
fr16,2,the dog collar,OpenGVLab/InternVL3-8B-hf,296,batch4,i
fr17,4,the front side of pedestal,OpenGVLab/InternVL3-8B-hf,296,batch4,i
fr18,2,the torch,OpenGVLab/InternVL3-8B-hf,296,batch4,i
fr19,3,the hands,OpenGVLab/InternVL3-8B-hf,296,batch4,i
fr20,1,The magnifying glass.,OpenGVLab/InternVL3-8B-hf,296,batch4,i
fr21,2,the cigarette box,OpenGVLab/InternVL3-8B-hf,296,batch4,i
fr22,4,The people,OpenGVLab/InternVL3-8B-hf,296,batch4,i
fr23,2,the bike,OpenGVLab/InternVL3-8B-hf,296,batch4,i
fr24,2,the mug,OpenGVLab/InternVL3-8B-hf,296,batch4,i
fr25,3,the little girl,OpenGVLab/InternVL3-8B-hf,296,batch4,i
fr26,2,the fingerprint scanner,OpenGVLab/InternVL3-8B-hf,296,batch4,i
fr27,1,the bigger globe,OpenGVLab/InternVL3-8B-hf,296,batch4,i
fr28,2,the puzzle pieces,OpenGVLab/InternVL3-8B-hf,296,batch4,i
fr29,1,the book with a brick on it,OpenGVLab/InternVL3-8B-hf,296,batch4,i
fr30,4,the VR goggle,OpenGVLab/InternVL3-8B-hf,296,batch4,i
or51,4,the lock,OpenGVLab/InternVL3-8B-hf,296,batch4,i
or52,4,The yellow balls.,OpenGVLab/InternVL3-8B-hf,296,batch4,i
or53,4,the shield,OpenGVLab/InternVL3-8B-hf,296,batch4,i
or54,4,the sitting man wearing a hat,OpenGVLab/InternVL3-8B-hf,296,batch4,i
or55,4,The dollar sign.,OpenGVLab/InternVL3-8B-hf,296,batch4,i
or56,3,the flames,OpenGVLab/InternVL3-8B-hf,296,batch4,i
or57,4,the red flower-shaped object with a pointy middle,OpenGVLab/InternVL3-8B-hf,296,batch4,i
or58,3,the lamps,OpenGVLab/InternVL3-8B-hf,296,batch4,i
or59,4,the person in a yellow shirt,OpenGVLab/InternVL3-8B-hf,296,batch4,i
or60,4,the trees in the lower left corner,OpenGVLab/InternVL3-8B-hf,296,batch4,i
cs61,2,the woman,OpenGVLab/InternVL3-8B-hf,296,batch4,i
cs62,2,the solar panel,OpenGVLab/InternVL3-8B-hf,296,batch4,i
cs63,1,the tray,OpenGVLab/InternVL3-8B-hf,296,batch4,i
cs64,2,the man,OpenGVLab/InternVL3-8B-hf,296,batch4,i
cs65,1,the baby,OpenGVLab/InternVL3-8B-hf,296,batch4,i
cs66,2,the men with their hands up,OpenGVLab/InternVL3-8B-hf,296,batch4,i
cs67,3,it is ambiguous,OpenGVLab/InternVL3-8B-hf,296,batch4,i
cs68,2,The man,OpenGVLab/InternVL3-8B-hf,296,batch4,i
cs69,1,the crowd,OpenGVLab/InternVL3-8B-hf,296,batch4,i
cs70,1,the man's right hand,OpenGVLab/InternVL3-8B-hf,296,batch4,i
cs71,1,the open books,OpenGVLab/InternVL3-8B-hf,296,batch4,i
cs72,1,the soccer ball,OpenGVLab/InternVL3-8B-hf,296,batch4,i
cs73,1,the stool,OpenGVLab/InternVL3-8B-hf,296,batch4,i
cs74,1,the red bars,OpenGVLab/InternVL3-8B-hf,296,batch4,i
cs75,1,the lime,OpenGVLab/InternVL3-8B-hf,296,batch4,i
or46,3,the cylinders,OpenGVLab/InternVL3-8B-hf,305,batch4,i
or47,3,The seal,OpenGVLab/InternVL3-8B-hf,305,batch4,i
or48,2,the corn,OpenGVLab/InternVL3-8B-hf,305,batch4,i
or49,3,the magnifying glass,OpenGVLab/InternVL3-8B-hf,305,batch4,i
or50,4,the ape,OpenGVLab/InternVL3-8B-hf,305,batch4,i
de1,1,the heart-shaped tree,OpenGVLab/InternVL3-8B-hf,305,batch4,i
de2,2,Everything equal,OpenGVLab/InternVL3-8B-hf,305,batch4,i
de3,2,The elephant.,OpenGVLab/InternVL3-8B-hf,305,batch4,i
de4,2,the man in a wheelchair,OpenGVLab/InternVL3-8B-hf,305,batch4,i
de5,1,the man,OpenGVLab/InternVL3-8B-hf,305,batch4,i
de6,2,the kid in a yellow shirt,OpenGVLab/InternVL3-8B-hf,305,batch4,i
de7,3,everything equal,OpenGVLab/InternVL3-8B-hf,305,batch4,i
de8,1,the staircase,OpenGVLab/InternVL3-8B-hf,305,batch4,i
de9,2,the phone,OpenGVLab/InternVL3-8B-hf,305,batch4,i
de10,4,the woman holding a note,OpenGVLab/InternVL3-8B-hf,305,batch4,i
de11,1,the air pump,OpenGVLab/InternVL3-8B-hf,305,batch4,i
de12,1,the woman's left foot,OpenGVLab/InternVL3-8B-hf,305,batch4,i
de13,1,the surgeons,OpenGVLab/InternVL3-8B-hf,305,batch4,i
de14,1,the man with a beard,OpenGVLab/InternVL3-8B-hf,305,batch4,i
de15,1,The flasks,OpenGVLab/InternVL3-8B-hf,305,batch4,i
fr16,2,the dog collar,OpenGVLab/InternVL3-8B-hf,305,batch4,i
fr17,4,the front side of pedestal,OpenGVLab/InternVL3-8B-hf,305,batch4,i
fr18,3,the torch,OpenGVLab/InternVL3-8B-hf,305,batch4,i
fr19,3,the hands,OpenGVLab/InternVL3-8B-hf,305,batch4,i
fr20,1,the magnifying glass,OpenGVLab/InternVL3-8B-hf,305,batch4,i
fr21,2,the cigarette box,OpenGVLab/InternVL3-8B-hf,305,batch4,i
fr22,4,The people,OpenGVLab/InternVL3-8B-hf,305,batch4,i
fr23,1,the person,OpenGVLab/InternVL3-8B-hf,305,batch4,i
fr24,2,the mug,OpenGVLab/InternVL3-8B-hf,305,batch4,i
fr25,3,the little girl,OpenGVLab/InternVL3-8B-hf,305,batch4,i
fr26,3,The fingerprint scanner.,OpenGVLab/InternVL3-8B-hf,305,batch4,i
fr27,1,the bigger globe,OpenGVLab/InternVL3-8B-hf,305,batch4,i
fr28,2,the puzzle pieces,OpenGVLab/InternVL3-8B-hf,305,batch4,i
fr29,1,the book with a brick on it,OpenGVLab/InternVL3-8B-hf,305,batch4,i
fr30,4,the VR goggle,OpenGVLab/InternVL3-8B-hf,305,batch4,i
or51,3,the lock,OpenGVLab/InternVL3-8B-hf,305,batch4,i
or52,4,the yellow balls,OpenGVLab/InternVL3-8B-hf,305,batch4,i
or53,4,the shield,OpenGVLab/InternVL3-8B-hf,305,batch4,i
or54,4,the man with his hand on his chin,OpenGVLab/InternVL3-8B-hf,305,batch4,i
or55,4,the dollar sign,OpenGVLab/InternVL3-8B-hf,305,batch4,i
or56,3,The flames,OpenGVLab/InternVL3-8B-hf,305,batch4,i
or57,4,the red flower-shaped object with a pointy middle,OpenGVLab/InternVL3-8B-hf,305,batch4,i
or58,2,the lamps,OpenGVLab/InternVL3-8B-hf,305,batch4,i
or59,4,the old-fashioned phone,OpenGVLab/InternVL3-8B-hf,305,batch4,i
or60,4,the trees in the lower left corner,OpenGVLab/InternVL3-8B-hf,305,batch4,i
cs61,2,the woman,OpenGVLab/InternVL3-8B-hf,305,batch4,i
cs62,2,the solar panel,OpenGVLab/InternVL3-8B-hf,305,batch4,i
cs63,2,the tray,OpenGVLab/InternVL3-8B-hf,305,batch4,i
cs64,3,the weight,OpenGVLab/InternVL3-8B-hf,305,batch4,i
cs65,1,the baby,OpenGVLab/InternVL3-8B-hf,305,batch4,i
cs66,1,the men with their hands up,OpenGVLab/InternVL3-8B-hf,305,batch4,i
cs67,2,The red rays.,OpenGVLab/InternVL3-8B-hf,305,batch4,i
cs68,4,The man,OpenGVLab/InternVL3-8B-hf,305,batch4,i
cs69,1,the crowd,OpenGVLab/InternVL3-8B-hf,305,batch4,i
cs70,1,the thermos,OpenGVLab/InternVL3-8B-hf,305,batch4,i
cs71,2,the open books,OpenGVLab/InternVL3-8B-hf,305,batch4,i
cs72,1,the kid on the bike,OpenGVLab/InternVL3-8B-hf,305,batch4,i
cs73,1,the stool,OpenGVLab/InternVL3-8B-hf,305,batch4,i
cs74,2,the red bars,OpenGVLab/InternVL3-8B-hf,305,batch4,i
cs75,3,the lime,OpenGVLab/InternVL3-8B-hf,305,batch4,i
or46,3,the cylinders,OpenGVLab/InternVL3-8B-hf,372,batch4,i
or47,3,The seal,OpenGVLab/InternVL3-8B-hf,372,batch4,i
or48,3,the tomatoes,OpenGVLab/InternVL3-8B-hf,372,batch4,i
or49,3,the magnifying glass,OpenGVLab/InternVL3-8B-hf,372,batch4,i
or50,3,the ape,OpenGVLab/InternVL3-8B-hf,372,batch4,i
de1,1,the kid in a striped shirt,OpenGVLab/InternVL3-8B-hf,372,batch4,i
de2,3,The brain.,OpenGVLab/InternVL3-8B-hf,372,batch4,i
de3,1,The elephant.,OpenGVLab/InternVL3-8B-hf,372,batch4,i
de4,1,the laptops,OpenGVLab/InternVL3-8B-hf,372,batch4,i
de5,2,the man,OpenGVLab/InternVL3-8B-hf,372,batch4,i
de6,2,the kid in a yellow shirt,OpenGVLab/InternVL3-8B-hf,372,batch4,i
de7,3,The cloud.,OpenGVLab/InternVL3-8B-hf,372,batch4,i
de8,1,the staircase,OpenGVLab/InternVL3-8B-hf,372,batch4,i
de9,1,the phone,OpenGVLab/InternVL3-8B-hf,372,batch4,i
de10,4,the woman holding a note,OpenGVLab/InternVL3-8B-hf,372,batch4,i
de11,1,the air pump,OpenGVLab/InternVL3-8B-hf,372,batch4,i
de12,1,the woman's left foot,OpenGVLab/InternVL3-8B-hf,372,batch4,i
de13,1,the surgeons,OpenGVLab/InternVL3-8B-hf,372,batch4,i
de14,2,the man with a beard,OpenGVLab/InternVL3-8B-hf,372,batch4,i
de15,1,the flasks,OpenGVLab/InternVL3-8B-hf,372,batch4,i
fr16,2,the dog collar,OpenGVLab/InternVL3-8B-hf,372,batch4,i
fr17,4,the front side of pedestal,OpenGVLab/InternVL3-8B-hf,372,batch4,i
fr18,3,the torch,OpenGVLab/InternVL3-8B-hf,372,batch4,i
fr19,3,the hands,OpenGVLab/InternVL3-8B-hf,372,batch4,i
fr20,1,the magnifying glass,OpenGVLab/InternVL3-8B-hf,372,batch4,i
fr21,2,the cigarette box,OpenGVLab/InternVL3-8B-hf,372,batch4,i
fr22,4,the people,OpenGVLab/InternVL3-8B-hf,372,batch4,i
fr23,1,the bike,OpenGVLab/InternVL3-8B-hf,372,batch4,i
fr24,2,the mug,OpenGVLab/InternVL3-8B-hf,372,batch4,i
fr25,3,the little girl,OpenGVLab/InternVL3-8B-hf,372,batch4,i
fr26,3,the fingerprint scanner,OpenGVLab/InternVL3-8B-hf,372,batch4,i
fr27,1,the bigger globe,OpenGVLab/InternVL3-8B-hf,372,batch4,i
fr28,2,the puzzle pieces,OpenGVLab/InternVL3-8B-hf,372,batch4,i
fr29,1,the book with a brick on it,OpenGVLab/InternVL3-8B-hf,372,batch4,i
fr30,3,the VR goggle,OpenGVLab/InternVL3-8B-hf,372,batch4,i
or51,4,the lock,OpenGVLab/InternVL3-8B-hf,372,batch4,i
or52,4,Cannot say,OpenGVLab/InternVL3-8B-hf,372,batch4,i
or53,4,the shield,OpenGVLab/InternVL3-8B-hf,372,batch4,i
or54,4,the sitting man wearing a hat,OpenGVLab/InternVL3-8B-hf,372,batch4,i
or55,4,the dollar sign,OpenGVLab/InternVL3-8B-hf,372,batch4,i
or56,3,the flames,OpenGVLab/InternVL3-8B-hf,372,batch4,i
or57,4,the red flower-shaped object with a pointy middle,OpenGVLab/InternVL3-8B-hf,372,batch4,i
or58,3,the lamps,OpenGVLab/InternVL3-8B-hf,372,batch4,i
or59,3,the old-fashioned phone,OpenGVLab/InternVL3-8B-hf,372,batch4,i
or60,3,the trees in the lower left corner,OpenGVLab/InternVL3-8B-hf,372,batch4,i
cs61,2,The woman,OpenGVLab/InternVL3-8B-hf,372,batch4,i
cs62,2,the solar panel,OpenGVLab/InternVL3-8B-hf,372,batch4,i
cs63,2,the tray,OpenGVLab/InternVL3-8B-hf,372,batch4,i
cs64,2,the man,OpenGVLab/InternVL3-8B-hf,372,batch4,i
cs65,1,the baby,OpenGVLab/InternVL3-8B-hf,372,batch4,i
cs66,2,the barbed wire,OpenGVLab/InternVL3-8B-hf,372,batch4,i
cs67,2,The red rays.,OpenGVLab/InternVL3-8B-hf,372,batch4,i
cs68,3,the man,OpenGVLab/InternVL3-8B-hf,372,batch4,i
cs69,2,the crowd,OpenGVLab/InternVL3-8B-hf,372,batch4,i
cs70,1,the man's right hand,OpenGVLab/InternVL3-8B-hf,372,batch4,i
cs71,1,The woman holding a pen.,OpenGVLab/InternVL3-8B-hf,372,batch4,i
cs72,1,the soccer ball,OpenGVLab/InternVL3-8B-hf,372,batch4,i
cs73,2,the stool,OpenGVLab/InternVL3-8B-hf,372,batch4,i
cs74,2,the red bars,OpenGVLab/InternVL3-8B-hf,372,batch4,i
cs75,1,the lime,OpenGVLab/InternVL3-8B-hf,372,batch4,i
or46,3,the cylinders,OpenGVLab/InternVL3-8B-hf,414,batch4,i
or47,3,the seal,OpenGVLab/InternVL3-8B-hf,414,batch4,i
or48,4,the tomatoes,OpenGVLab/InternVL3-8B-hf,414,batch4,i
or49,2,the magnifying glass,OpenGVLab/InternVL3-8B-hf,414,batch4,i
or50,4,the ape,OpenGVLab/InternVL3-8B-hf,414,batch4,i
de1,1,the watering cans,OpenGVLab/InternVL3-8B-hf,414,batch4,i
de2,3,the brain,OpenGVLab/InternVL3-8B-hf,414,batch4,i
de3,2,the elephant,OpenGVLab/InternVL3-8B-hf,414,batch4,i
de4,1,the man in a wheelchair,OpenGVLab/InternVL3-8B-hf,414,batch4,i
de5,1,the man,OpenGVLab/InternVL3-8B-hf,414,batch4,i
de6,3,the kid in a yellow shirt,OpenGVLab/InternVL3-8B-hf,414,batch4,i
de7,2,everything equal,OpenGVLab/InternVL3-8B-hf,414,batch4,i
de8,2,the staircase,OpenGVLab/InternVL3-8B-hf,414,batch4,i
de9,2,the phone,OpenGVLab/InternVL3-8B-hf,414,batch4,i
de10,4,the woman holding a note,OpenGVLab/InternVL3-8B-hf,414,batch4,i
de11,1,the air pump,OpenGVLab/InternVL3-8B-hf,414,batch4,i
de12,1,the woman's left foot,OpenGVLab/InternVL3-8B-hf,414,batch4,i
de13,1,the surgeons,OpenGVLab/InternVL3-8B-hf,414,batch4,i
de14,1,the man with a beard,OpenGVLab/InternVL3-8B-hf,414,batch4,i
de15,1,The flasks,OpenGVLab/InternVL3-8B-hf,414,batch4,i
fr16,3,the dog collar,OpenGVLab/InternVL3-8B-hf,414,batch4,i
fr17,4,the front side of pedestal,OpenGVLab/InternVL3-8B-hf,414,batch4,i
fr18,1,the torch,OpenGVLab/InternVL3-8B-hf,414,batch4,i
fr19,2,the hands,OpenGVLab/InternVL3-8B-hf,414,batch4,i
fr20,1,The magnifying glass.,OpenGVLab/InternVL3-8B-hf,414,batch4,i
fr21,2,the cigarette box,OpenGVLab/InternVL3-8B-hf,414,batch4,i
fr22,3,The people,OpenGVLab/InternVL3-8B-hf,414,batch4,i
fr23,1,the bike,OpenGVLab/InternVL3-8B-hf,414,batch4,i
fr24,2,the mug,OpenGVLab/InternVL3-8B-hf,414,batch4,i
fr25,3,the little girl,OpenGVLab/InternVL3-8B-hf,414,batch4,i
fr26,3,The fingerprint scanner,OpenGVLab/InternVL3-8B-hf,414,batch4,i
fr27,1,the bigger globe,OpenGVLab/InternVL3-8B-hf,414,batch4,i
fr28,1,the puzzle pieces,OpenGVLab/InternVL3-8B-hf,414,batch4,i
fr29,1,the magnifying glass,OpenGVLab/InternVL3-8B-hf,414,batch4,i
fr30,4,The VR goggle.,OpenGVLab/InternVL3-8B-hf,414,batch4,i
or51,4,the lock,OpenGVLab/InternVL3-8B-hf,414,batch4,i
or52,4,The yellow balls.,OpenGVLab/InternVL3-8B-hf,414,batch4,i
or53,3,the shield,OpenGVLab/InternVL3-8B-hf,414,batch4,i
or54,4,the man with his hand on his chin,OpenGVLab/InternVL3-8B-hf,414,batch4,i
or55,4,the dollar sign,OpenGVLab/InternVL3-8B-hf,414,batch4,i
or56,4,the flames,OpenGVLab/InternVL3-8B-hf,414,batch4,i
or57,4,the red flower-shaped object with a pointy middle,OpenGVLab/InternVL3-8B-hf,414,batch4,i
or58,3,the lamps,OpenGVLab/InternVL3-8B-hf,414,batch4,i
or59,4,the person in a yellow shirt,OpenGVLab/InternVL3-8B-hf,414,batch4,i
or60,4,the trees in the lower left corner,OpenGVLab/InternVL3-8B-hf,414,batch4,i
cs61,2,the woman,OpenGVLab/InternVL3-8B-hf,414,batch4,i
cs62,2,the solar panel,OpenGVLab/InternVL3-8B-hf,414,batch4,i
cs63,2,the tray,OpenGVLab/InternVL3-8B-hf,414,batch4,i
cs64,3,the man,OpenGVLab/InternVL3-8B-hf,414,batch4,i
cs65,1,the baby,OpenGVLab/InternVL3-8B-hf,414,batch4,i
cs66,2,the men with their hands up,OpenGVLab/InternVL3-8B-hf,414,batch4,i
cs67,2,The red rays,OpenGVLab/InternVL3-8B-hf,414,batch4,i
cs68,2,the man,OpenGVLab/InternVL3-8B-hf,414,batch4,i
cs69,1,the crowd,OpenGVLab/InternVL3-8B-hf,414,batch4,i
cs70,1,the man's right hand,OpenGVLab/InternVL3-8B-hf,414,batch4,i
cs71,1,the open books,OpenGVLab/InternVL3-8B-hf,414,batch4,i
cs72,1,the soccer ball,OpenGVLab/InternVL3-8B-hf,414,batch4,i
cs73,1,the stool,OpenGVLab/InternVL3-8B-hf,414,batch4,i
cs74,1,The red bars,OpenGVLab/InternVL3-8B-hf,414,batch4,i
cs75,1,the lime,OpenGVLab/InternVL3-8B-hf,414,batch4,i
or46,3,the cylinders,OpenGVLab/InternVL3-8B-hf,429,batch4,i
or47,3,The seal,OpenGVLab/InternVL3-8B-hf,429,batch4,i
or48,3,the tomatoes,OpenGVLab/InternVL3-8B-hf,429,batch4,i
or49,3,the magnifying glass,OpenGVLab/InternVL3-8B-hf,429,batch4,i
or50,4,The ape,OpenGVLab/InternVL3-8B-hf,429,batch4,i
de1,1,the kid in a striped shirt,OpenGVLab/InternVL3-8B-hf,429,batch4,i
de2,3,The brain.,OpenGVLab/InternVL3-8B-hf,429,batch4,i
de3,1,the elephant,OpenGVLab/InternVL3-8B-hf,429,batch4,i
de4,1,the man in a wheelchair,OpenGVLab/InternVL3-8B-hf,429,batch4,i
de5,2,the man,OpenGVLab/InternVL3-8B-hf,429,batch4,i
de6,3,the kid in a yellow shirt,OpenGVLab/InternVL3-8B-hf,429,batch4,i
de7,2,The cloud.,OpenGVLab/InternVL3-8B-hf,429,batch4,i
de8,2,the staircase,OpenGVLab/InternVL3-8B-hf,429,batch4,i
de9,2,The phone,OpenGVLab/InternVL3-8B-hf,429,batch4,i
de10,4,the woman holding a note,OpenGVLab/InternVL3-8B-hf,429,batch4,i
de11,1,the air pump,OpenGVLab/InternVL3-8B-hf,429,batch4,i
de12,1,the woman's left foot,OpenGVLab/InternVL3-8B-hf,429,batch4,i
de13,1,the surgeons,OpenGVLab/InternVL3-8B-hf,429,batch4,i
de14,2,the man with a beard,OpenGVLab/InternVL3-8B-hf,429,batch4,i
de15,1,the flasks,OpenGVLab/InternVL3-8B-hf,429,batch4,i
fr16,2,the dog collar,OpenGVLab/InternVL3-8B-hf,429,batch4,i
fr17,3,the diamond,OpenGVLab/InternVL3-8B-hf,429,batch4,i
fr18,2,the torch,OpenGVLab/InternVL3-8B-hf,429,batch4,i
fr19,3,the hands,OpenGVLab/InternVL3-8B-hf,429,batch4,i
fr20,1,the magnifying glass,OpenGVLab/InternVL3-8B-hf,429,batch4,i
fr21,2,the cigarette box,OpenGVLab/InternVL3-8B-hf,429,batch4,i
fr22,3,the people,OpenGVLab/InternVL3-8B-hf,429,batch4,i
fr23,2,the bike,OpenGVLab/InternVL3-8B-hf,429,batch4,i
fr24,3,The mug,OpenGVLab/InternVL3-8B-hf,429,batch4,i
fr25,3,the little girl,OpenGVLab/InternVL3-8B-hf,429,batch4,i
fr26,3,the fingerprint scanner,OpenGVLab/InternVL3-8B-hf,429,batch4,i
fr27,1,the bigger globe,OpenGVLab/InternVL3-8B-hf,429,batch4,i
fr28,3,the puzzle pieces,OpenGVLab/InternVL3-8B-hf,429,batch4,i
fr29,1,the book with a brick on it,OpenGVLab/InternVL3-8B-hf,429,batch4,i
fr30,3,the VR goggle,OpenGVLab/InternVL3-8B-hf,429,batch4,i
or51,4,the lock,OpenGVLab/InternVL3-8B-hf,429,batch4,i
or52,4,the yellow balls,OpenGVLab/InternVL3-8B-hf,429,batch4,i
or53,3,The shield,OpenGVLab/InternVL3-8B-hf,429,batch4,i
or54,3,the man with his hand on his chin,OpenGVLab/InternVL3-8B-hf,429,batch4,i
or55,3,the dollar sign,OpenGVLab/InternVL3-8B-hf,429,batch4,i
or56,3,the flames,OpenGVLab/InternVL3-8B-hf,429,batch4,i
or57,4,the red flower-shaped object with a pointy middle,OpenGVLab/InternVL3-8B-hf,429,batch4,i
or58,3,The lamps,OpenGVLab/InternVL3-8B-hf,429,batch4,i
or59,4,The old-fashioned phone.,OpenGVLab/InternVL3-8B-hf,429,batch4,i
or60,4,the trees in the lower left corner,OpenGVLab/InternVL3-8B-hf,429,batch4,i
cs61,2,the woman,OpenGVLab/InternVL3-8B-hf,429,batch4,i
cs62,2,the solar panel,OpenGVLab/InternVL3-8B-hf,429,batch4,i
cs63,1,the tray,OpenGVLab/InternVL3-8B-hf,429,batch4,i
cs64,2,the man,OpenGVLab/InternVL3-8B-hf,429,batch4,i
cs65,1,the baby,OpenGVLab/InternVL3-8B-hf,429,batch4,i
cs66,3,the men with their hands up,OpenGVLab/InternVL3-8B-hf,429,batch4,i
cs67,2,The red rays.,OpenGVLab/InternVL3-8B-hf,429,batch4,i
cs68,2,the man,OpenGVLab/InternVL3-8B-hf,429,batch4,i
cs69,1,the crowd,OpenGVLab/InternVL3-8B-hf,429,batch4,i
cs70,1,the man's right hand,OpenGVLab/InternVL3-8B-hf,429,batch4,i
cs71,1,the open books,OpenGVLab/InternVL3-8B-hf,429,batch4,i
cs72,1,the soccer ball,OpenGVLab/InternVL3-8B-hf,429,batch4,i
cs73,1,the stool,OpenGVLab/InternVL3-8B-hf,429,batch4,i
cs74,1,the red bars,OpenGVLab/InternVL3-8B-hf,429,batch4,i
cs75,1,the lime,OpenGVLab/InternVL3-8B-hf,429,batch4,i
or46,4,the cylinders,OpenGVLab/InternVL3-8B-hf,455,batch4,i
or47,2,The seal,OpenGVLab/InternVL3-8B-hf,455,batch4,i
or48,3,the corn,OpenGVLab/InternVL3-8B-hf,455,batch4,i
or49,3,the magnifying glass,OpenGVLab/InternVL3-8B-hf,455,batch4,i
or50,4,the ape,OpenGVLab/InternVL3-8B-hf,455,batch4,i
de1,1,the kid in a striped shirt,OpenGVLab/InternVL3-8B-hf,455,batch4,i
de2,3,The brain.,OpenGVLab/InternVL3-8B-hf,455,batch4,i
de3,1,The elephant.,OpenGVLab/InternVL3-8B-hf,455,batch4,i
de4,1,the man in a wheelchair,OpenGVLab/InternVL3-8B-hf,455,batch4,i
de5,1,the man,OpenGVLab/InternVL3-8B-hf,455,batch4,i
de6,2,the kid in a yellow shirt,OpenGVLab/InternVL3-8B-hf,455,batch4,i
de7,3,The cloud.,OpenGVLab/InternVL3-8B-hf,455,batch4,i
de8,2,the staircase,OpenGVLab/InternVL3-8B-hf,455,batch4,i
de9,1,the phone,OpenGVLab/InternVL3-8B-hf,455,batch4,i
de10,4,the woman holding a note,OpenGVLab/InternVL3-8B-hf,455,batch4,i
de11,1,the air pump,OpenGVLab/InternVL3-8B-hf,455,batch4,i
de12,1,the woman's left foot,OpenGVLab/InternVL3-8B-hf,455,batch4,i
de13,1,the surgeons,OpenGVLab/InternVL3-8B-hf,455,batch4,i
de14,1,the man with a beard,OpenGVLab/InternVL3-8B-hf,455,batch4,i
de15,1,The flasks,OpenGVLab/InternVL3-8B-hf,455,batch4,i
fr16,3,the dog collar,OpenGVLab/InternVL3-8B-hf,455,batch4,i
fr17,4,the diamond,OpenGVLab/InternVL3-8B-hf,455,batch4,i
fr18,3,the torch,OpenGVLab/InternVL3-8B-hf,455,batch4,i
fr19,2,the hands,OpenGVLab/InternVL3-8B-hf,455,batch4,i
fr20,1,the magnifying glass,OpenGVLab/InternVL3-8B-hf,455,batch4,i
fr21,2,the cigarette box,OpenGVLab/InternVL3-8B-hf,455,batch4,i
fr22,2,the people,OpenGVLab/InternVL3-8B-hf,455,batch4,i
fr23,1,the person,OpenGVLab/InternVL3-8B-hf,455,batch4,i
fr24,2,the mug,OpenGVLab/InternVL3-8B-hf,455,batch4,i
fr25,3,the little girl,OpenGVLab/InternVL3-8B-hf,455,batch4,i
fr26,3,the fingerprint scanner,OpenGVLab/InternVL3-8B-hf,455,batch4,i
fr27,1,the bigger globe,OpenGVLab/InternVL3-8B-hf,455,batch4,i
fr28,2,the puzzle pieces,OpenGVLab/InternVL3-8B-hf,455,batch4,i
fr29,2,the book with a brick on it,OpenGVLab/InternVL3-8B-hf,455,batch4,i
fr30,4,The VR goggle.,OpenGVLab/InternVL3-8B-hf,455,batch4,i
or51,4,the lock,OpenGVLab/InternVL3-8B-hf,455,batch4,i
or52,4,the yellow balls,OpenGVLab/InternVL3-8B-hf,455,batch4,i
or53,3,the shield,OpenGVLab/InternVL3-8B-hf,455,batch4,i
or54,3,the sitting man wearing a hat,OpenGVLab/InternVL3-8B-hf,455,batch4,i
or55,4,the dollar sign,OpenGVLab/InternVL3-8B-hf,455,batch4,i
or56,3,The flames,OpenGVLab/InternVL3-8B-hf,455,batch4,i
or57,4,the red flower-shaped object with a pointy middle,OpenGVLab/InternVL3-8B-hf,455,batch4,i
or58,2,The lamps.,OpenGVLab/InternVL3-8B-hf,455,batch4,i
or59,4,the person in a yellow shirt,OpenGVLab/InternVL3-8B-hf,455,batch4,i
or60,4,the trees in the lower left corner,OpenGVLab/InternVL3-8B-hf,455,batch4,i
cs61,2,the woman,OpenGVLab/InternVL3-8B-hf,455,batch4,i
cs62,2,the solar panel,OpenGVLab/InternVL3-8B-hf,455,batch4,i
cs63,2,the tray,OpenGVLab/InternVL3-8B-hf,455,batch4,i
cs64,2,the man,OpenGVLab/InternVL3-8B-hf,455,batch4,i
cs65,1,the baby,OpenGVLab/InternVL3-8B-hf,455,batch4,i
cs66,2,the men with their hands up,OpenGVLab/InternVL3-8B-hf,455,batch4,i
cs67,2,The red rays.,OpenGVLab/InternVL3-8B-hf,455,batch4,i
cs68,2,the man,OpenGVLab/InternVL3-8B-hf,455,batch4,i
cs69,1,the crowd,OpenGVLab/InternVL3-8B-hf,455,batch4,i
cs70,1,the man's right hand,OpenGVLab/InternVL3-8B-hf,455,batch4,i
cs71,1,the open books,OpenGVLab/InternVL3-8B-hf,455,batch4,i
cs72,1,the kid on the bike,OpenGVLab/InternVL3-8B-hf,455,batch4,i
cs73,1,the stool,OpenGVLab/InternVL3-8B-hf,455,batch4,i
cs74,1,the red bars,OpenGVLab/InternVL3-8B-hf,455,batch4,i
cs75,1,the lime,OpenGVLab/InternVL3-8B-hf,455,batch4,i
or46,4,the cylinders,OpenGVLab/InternVL3-8B-hf,479,batch4,i
or47,3,the seal,OpenGVLab/InternVL3-8B-hf,479,batch4,i
or48,2,the corn,OpenGVLab/InternVL3-8B-hf,479,batch4,i
or49,2,the magnifying glass,OpenGVLab/InternVL3-8B-hf,479,batch4,i
or50,3,the ape,OpenGVLab/InternVL3-8B-hf,479,batch4,i
de1,1,the watering cans,OpenGVLab/InternVL3-8B-hf,479,batch4,i
de2,3,The brain.,OpenGVLab/InternVL3-8B-hf,479,batch4,i
de3,1,the elephant,OpenGVLab/InternVL3-8B-hf,479,batch4,i
de4,1,the man in a wheelchair,OpenGVLab/InternVL3-8B-hf,479,batch4,i
de5,2,the man,OpenGVLab/InternVL3-8B-hf,479,batch4,i
de6,2,the kid in a yellow shirt,OpenGVLab/InternVL3-8B-hf,479,batch4,i
de7,2,the cloud,OpenGVLab/InternVL3-8B-hf,479,batch4,i
de8,2,the staircase,OpenGVLab/InternVL3-8B-hf,479,batch4,i
de9,1,the phone,OpenGVLab/InternVL3-8B-hf,479,batch4,i
de10,4,the woman holding a note,OpenGVLab/InternVL3-8B-hf,479,batch4,i
de11,1,the air pump,OpenGVLab/InternVL3-8B-hf,479,batch4,i
de12,1,the woman's left foot,OpenGVLab/InternVL3-8B-hf,479,batch4,i
de13,1,the surgeons,OpenGVLab/InternVL3-8B-hf,479,batch4,i
de14,2,the man with a beard,OpenGVLab/InternVL3-8B-hf,479,batch4,i
de15,1,The flasks,OpenGVLab/InternVL3-8B-hf,479,batch4,i
fr16,2,the dog collar,OpenGVLab/InternVL3-8B-hf,479,batch4,i
fr17,4,the diamond,OpenGVLab/InternVL3-8B-hf,479,batch4,i
fr18,3,the torch,OpenGVLab/InternVL3-8B-hf,479,batch4,i
fr19,3,the window,OpenGVLab/InternVL3-8B-hf,479,batch4,i
fr20,1,The magnifying glass.,OpenGVLab/InternVL3-8B-hf,479,batch4,i
fr21,2,the cigarette box,OpenGVLab/InternVL3-8B-hf,479,batch4,i
fr22,2,The people.,OpenGVLab/InternVL3-8B-hf,479,batch4,i
fr23,1,the person,OpenGVLab/InternVL3-8B-hf,479,batch4,i
fr24,2,the mug,OpenGVLab/InternVL3-8B-hf,479,batch4,i
fr25,2,the little girl,OpenGVLab/InternVL3-8B-hf,479,batch4,i
fr26,3,The fingerprint scanner.,OpenGVLab/InternVL3-8B-hf,479,batch4,i
fr27,1,the bigger globe,OpenGVLab/InternVL3-8B-hf,479,batch4,i
fr28,2,the puzzle pieces,OpenGVLab/InternVL3-8B-hf,479,batch4,i
fr29,1,the book with a brick on it,OpenGVLab/InternVL3-8B-hf,479,batch4,i
fr30,3,the VR goggle,OpenGVLab/InternVL3-8B-hf,479,batch4,i
or51,4,the lock,OpenGVLab/InternVL3-8B-hf,479,batch4,i
or52,4,Yellow balls,OpenGVLab/InternVL3-8B-hf,479,batch4,i
or53,4,the shield,OpenGVLab/InternVL3-8B-hf,479,batch4,i
or54,4,the sitting man wearing a hat,OpenGVLab/InternVL3-8B-hf,479,batch4,i
or55,3,the dollar sign,OpenGVLab/InternVL3-8B-hf,479,batch4,i
or56,3,the flames,OpenGVLab/InternVL3-8B-hf,479,batch4,i
or57,4,the red flower-shaped object with a pointy middle,OpenGVLab/InternVL3-8B-hf,479,batch4,i
or58,3,The lamps,OpenGVLab/InternVL3-8B-hf,479,batch4,i
or59,4,the person in a yellow shirt,OpenGVLab/InternVL3-8B-hf,479,batch4,i
or60,4,the trees in the lower left corner,OpenGVLab/InternVL3-8B-hf,479,batch4,i
cs61,2,the woman,OpenGVLab/InternVL3-8B-hf,479,batch4,i
cs62,2,the solar panel,OpenGVLab/InternVL3-8B-hf,479,batch4,i
cs63,2,the tray,OpenGVLab/InternVL3-8B-hf,479,batch4,i
cs64,3,the man,OpenGVLab/InternVL3-8B-hf,479,batch4,i
cs65,1,the baby,OpenGVLab/InternVL3-8B-hf,479,batch4,i
cs66,2,the men with their hands up,OpenGVLab/InternVL3-8B-hf,479,batch4,i
cs67,2,it is ambiguous,OpenGVLab/InternVL3-8B-hf,479,batch4,i
cs68,3,the man,OpenGVLab/InternVL3-8B-hf,479,batch4,i
cs69,1,the crowd,OpenGVLab/InternVL3-8B-hf,479,batch4,i
cs70,1,the man's right hand,OpenGVLab/InternVL3-8B-hf,479,batch4,i
cs71,1,The open books.,OpenGVLab/InternVL3-8B-hf,479,batch4,i
cs72,1,the soccer ball,OpenGVLab/InternVL3-8B-hf,479,batch4,i
cs73,1,the stool,OpenGVLab/InternVL3-8B-hf,479,batch4,i
cs74,2,the red bars,OpenGVLab/InternVL3-8B-hf,479,batch4,i
cs75,1,the lime,OpenGVLab/InternVL3-8B-hf,479,batch4,i
or46,3,The cylinders.,OpenGVLab/InternVL3-8B-hf,489,batch4,i
or47,2,The seal,OpenGVLab/InternVL3-8B-hf,489,batch4,i
or48,3,the tomatoes,OpenGVLab/InternVL3-8B-hf,489,batch4,i
or49,4,the magnifying glass,OpenGVLab/InternVL3-8B-hf,489,batch4,i
or50,3,the ape,OpenGVLab/InternVL3-8B-hf,489,batch4,i
de1,1,the heart-shaped tree,OpenGVLab/InternVL3-8B-hf,489,batch4,i
de2,3,The brain.,OpenGVLab/InternVL3-8B-hf,489,batch4,i
de3,2,the elephant,OpenGVLab/InternVL3-8B-hf,489,batch4,i
de4,1,the laptops,OpenGVLab/InternVL3-8B-hf,489,batch4,i
de5,1,the man,OpenGVLab/InternVL3-8B-hf,489,batch4,i
de6,1,the kid in a yellow shirt,OpenGVLab/InternVL3-8B-hf,489,batch4,i
de7,2,the sun,OpenGVLab/InternVL3-8B-hf,489,batch4,i
de8,2,the staircase,OpenGVLab/InternVL3-8B-hf,489,batch4,i
de9,1,The phone,OpenGVLab/InternVL3-8B-hf,489,batch4,i
de10,4,the woman holding a note,OpenGVLab/InternVL3-8B-hf,489,batch4,i
de11,1,the air pump,OpenGVLab/InternVL3-8B-hf,489,batch4,i
de12,1,the woman's left foot,OpenGVLab/InternVL3-8B-hf,489,batch4,i
de13,1,the surgeons,OpenGVLab/InternVL3-8B-hf,489,batch4,i
de14,1,the man with a beard,OpenGVLab/InternVL3-8B-hf,489,batch4,i
de15,1,the flasks,OpenGVLab/InternVL3-8B-hf,489,batch4,i
fr16,2,the dog collar,OpenGVLab/InternVL3-8B-hf,489,batch4,i
fr17,4,the front side of pedestal,OpenGVLab/InternVL3-8B-hf,489,batch4,i
fr18,2,the torch,OpenGVLab/InternVL3-8B-hf,489,batch4,i
fr19,3,the hands,OpenGVLab/InternVL3-8B-hf,489,batch4,i
fr20,1,The magnifying glass.,OpenGVLab/InternVL3-8B-hf,489,batch4,i
fr21,3,the cigarette box,OpenGVLab/InternVL3-8B-hf,489,batch4,i
fr22,3,the people,OpenGVLab/InternVL3-8B-hf,489,batch4,i
fr23,1,the person,OpenGVLab/InternVL3-8B-hf,489,batch4,i
fr24,2,the mug,OpenGVLab/InternVL3-8B-hf,489,batch4,i
fr25,2,the little girl,OpenGVLab/InternVL3-8B-hf,489,batch4,i
fr26,4,the fingerprint scanner,OpenGVLab/InternVL3-8B-hf,489,batch4,i
fr27,1,the bigger globe,OpenGVLab/InternVL3-8B-hf,489,batch4,i
fr28,2,the puzzle pieces,OpenGVLab/InternVL3-8B-hf,489,batch4,i
fr29,2,the magnifying glass,OpenGVLab/InternVL3-8B-hf,489,batch4,i
fr30,3,the VR goggle,OpenGVLab/InternVL3-8B-hf,489,batch4,i
or51,4,the lock,OpenGVLab/InternVL3-8B-hf,489,batch4,i
or52,4,The yellow balls.,OpenGVLab/InternVL3-8B-hf,489,batch4,i
or53,3,the shield,OpenGVLab/InternVL3-8B-hf,489,batch4,i
or54,4,the sitting man wearing a hat,OpenGVLab/InternVL3-8B-hf,489,batch4,i
or55,4,the dollar sign,OpenGVLab/InternVL3-8B-hf,489,batch4,i
or56,3,the flames,OpenGVLab/InternVL3-8B-hf,489,batch4,i
or57,4,the red flower-shaped object with a pointy middle,OpenGVLab/InternVL3-8B-hf,489,batch4,i
or58,3,the lamps,OpenGVLab/InternVL3-8B-hf,489,batch4,i
or59,4,The old-fashioned phone.,OpenGVLab/InternVL3-8B-hf,489,batch4,i
or60,4,the trees in the lower left corner,OpenGVLab/InternVL3-8B-hf,489,batch4,i
cs61,2,the woman,OpenGVLab/InternVL3-8B-hf,489,batch4,i
cs62,2,the solar panel,OpenGVLab/InternVL3-8B-hf,489,batch4,i
cs63,2,the tray,OpenGVLab/InternVL3-8B-hf,489,batch4,i
cs64,2,the man,OpenGVLab/InternVL3-8B-hf,489,batch4,i
cs65,1,the baby,OpenGVLab/InternVL3-8B-hf,489,batch4,i
cs66,1,the barbed wire,OpenGVLab/InternVL3-8B-hf,489,batch4,i
cs67,2,The red rays.,OpenGVLab/InternVL3-8B-hf,489,batch4,i
cs68,2,the man,OpenGVLab/InternVL3-8B-hf,489,batch4,i
cs69,1,the crowd,OpenGVLab/InternVL3-8B-hf,489,batch4,i
cs70,1,the man's right hand,OpenGVLab/InternVL3-8B-hf,489,batch4,i
cs71,1,the woman holding a pen,OpenGVLab/InternVL3-8B-hf,489,batch4,i
cs72,1,the soccer ball,OpenGVLab/InternVL3-8B-hf,489,batch4,i
cs73,1,the stool,OpenGVLab/InternVL3-8B-hf,489,batch4,i
cs74,2,the red bars,OpenGVLab/InternVL3-8B-hf,489,batch4,i
cs75,1,the lime,OpenGVLab/InternVL3-8B-hf,489,batch4,i
cs1,1,the watering cans,OpenGVLab/InternVL3-8B-hf,219,batch5,i
cs2,1,The brain.,OpenGVLab/InternVL3-8B-hf,219,batch5,i
cs3,1,The elephant,OpenGVLab/InternVL3-8B-hf,219,batch5,i
cs4,2,the laptops,OpenGVLab/InternVL3-8B-hf,219,batch5,i
cs5,2,the man,OpenGVLab/InternVL3-8B-hf,219,batch5,i
cs6,3,the kid in a yellow shirt,OpenGVLab/InternVL3-8B-hf,219,batch5,i
cs7,4,The cloud.,OpenGVLab/InternVL3-8B-hf,219,batch5,i
cs8,1,the staircase,OpenGVLab/InternVL3-8B-hf,219,batch5,i
cs9,1,The phone.,OpenGVLab/InternVL3-8B-hf,219,batch5,i
cs10,3,the woman holding a note,OpenGVLab/InternVL3-8B-hf,219,batch5,i
cs11,2,the air pump,OpenGVLab/InternVL3-8B-hf,219,batch5,i
cs12,1,the woman's left foot,OpenGVLab/InternVL3-8B-hf,219,batch5,i
cs13,1,the surgeons,OpenGVLab/InternVL3-8B-hf,219,batch5,i
cs14,1,the man with a beard,OpenGVLab/InternVL3-8B-hf,219,batch5,i
cs15,1,The flasks,OpenGVLab/InternVL3-8B-hf,219,batch5,i
de16,4,the dog collar,OpenGVLab/InternVL3-8B-hf,219,batch5,i
de17,3,the front side of pedestal,OpenGVLab/InternVL3-8B-hf,219,batch5,i
de18,2,the torch,OpenGVLab/InternVL3-8B-hf,219,batch5,i
de19,1,the hands,OpenGVLab/InternVL3-8B-hf,219,batch5,i
de20,1,the magnifying glass,OpenGVLab/InternVL3-8B-hf,219,batch5,i
de21,2,the cigarette box,OpenGVLab/InternVL3-8B-hf,219,batch5,i
de22,3,the people,OpenGVLab/InternVL3-8B-hf,219,batch5,i
de23,1,the person,OpenGVLab/InternVL3-8B-hf,219,batch5,i
de24,2,the mug,OpenGVLab/InternVL3-8B-hf,219,batch5,i
de25,2,the little girl,OpenGVLab/InternVL3-8B-hf,219,batch5,i
de26,2,the fingerprint scanner,OpenGVLab/InternVL3-8B-hf,219,batch5,i
de27,1,the bigger globe,OpenGVLab/InternVL3-8B-hf,219,batch5,i
de28,2,the puzzle pieces,OpenGVLab/InternVL3-8B-hf,219,batch5,i
de29,1,the magnifying glass,OpenGVLab/InternVL3-8B-hf,219,batch5,i
de30,1,the VR goggle,OpenGVLab/InternVL3-8B-hf,219,batch5,i
fr31,2,the scale,OpenGVLab/InternVL3-8B-hf,219,batch5,i
fr32,2,the couple,OpenGVLab/InternVL3-8B-hf,219,batch5,i
fr33,2,the book,OpenGVLab/InternVL3-8B-hf,219,batch5,i
fr34,1,the electrode cap,OpenGVLab/InternVL3-8B-hf,219,batch5,i
fr35,2,the animal,OpenGVLab/InternVL3-8B-hf,219,batch5,i
fr36,1,the soldiers facing forward,OpenGVLab/InternVL3-8B-hf,219,batch5,i
fr37,3,The water.,OpenGVLab/InternVL3-8B-hf,219,batch5,i
fr38,2,the big car,OpenGVLab/InternVL3-8B-hf,219,batch5,i
fr39,2,The piggy bank.,OpenGVLab/InternVL3-8B-hf,219,batch5,i
fr40,1,the faucet,OpenGVLab/InternVL3-8B-hf,219,batch5,i
fr41,1,The quill pen.,OpenGVLab/InternVL3-8B-hf,219,batch5,i
fr42,1,the pig broken in half,OpenGVLab/InternVL3-8B-hf,219,batch5,i
fr43,1,the hammer,OpenGVLab/InternVL3-8B-hf,219,batch5,i
fr44,2,the woman with a notepad,OpenGVLab/InternVL3-8B-hf,219,batch5,i
fr45,1,the orchestra,OpenGVLab/InternVL3-8B-hf,219,batch5,i
or61,4,the woman,OpenGVLab/InternVL3-8B-hf,219,batch5,i
or62,3,the solar panel,OpenGVLab/InternVL3-8B-hf,219,batch5,i
or63,4,the tray,OpenGVLab/InternVL3-8B-hf,219,batch5,i
or64,4,the man,OpenGVLab/InternVL3-8B-hf,219,batch5,i
or65,4,the baby,OpenGVLab/InternVL3-8B-hf,219,batch5,i
or66,3,the men with their hands up,OpenGVLab/InternVL3-8B-hf,219,batch5,i
or67,4,The red rays.,OpenGVLab/InternVL3-8B-hf,219,batch5,i
or68,4,the man,OpenGVLab/InternVL3-8B-hf,219,batch5,i
or69,4,the crowd,OpenGVLab/InternVL3-8B-hf,219,batch5,i
or70,1,the man's right hand,OpenGVLab/InternVL3-8B-hf,219,batch5,i
or71,4,the open books,OpenGVLab/InternVL3-8B-hf,219,batch5,i
or72,3,the soccer ball,OpenGVLab/InternVL3-8B-hf,219,batch5,i
or73,4,the stool,OpenGVLab/InternVL3-8B-hf,219,batch5,i
or74,4,The red bars.,OpenGVLab/InternVL3-8B-hf,219,batch5,i
or75,3,the lime,OpenGVLab/InternVL3-8B-hf,219,batch5,i
cs1,1,the heart-shaped tree,OpenGVLab/InternVL3-8B-hf,278,batch5,i
cs2,1,The brain,OpenGVLab/InternVL3-8B-hf,278,batch5,i
cs3,1,the elephant,OpenGVLab/InternVL3-8B-hf,278,batch5,i
cs4,2,the man in a wheelchair,OpenGVLab/InternVL3-8B-hf,278,batch5,i
cs5,2,the man,OpenGVLab/InternVL3-8B-hf,278,batch5,i
cs6,3,the kid in a yellow shirt,OpenGVLab/InternVL3-8B-hf,278,batch5,i
cs7,3,Everything equal.,OpenGVLab/InternVL3-8B-hf,278,batch5,i
cs8,1,the staircase,OpenGVLab/InternVL3-8B-hf,278,batch5,i
cs9,1,the phone,OpenGVLab/InternVL3-8B-hf,278,batch5,i
cs10,3,the woman holding a note,OpenGVLab/InternVL3-8B-hf,278,batch5,i
cs11,1,air pump,OpenGVLab/InternVL3-8B-hf,278,batch5,i
cs12,1,the woman's left foot,OpenGVLab/InternVL3-8B-hf,278,batch5,i
cs13,1,the surgeons,OpenGVLab/InternVL3-8B-hf,278,batch5,i
cs14,1,the man with a beard,OpenGVLab/InternVL3-8B-hf,278,batch5,i
cs15,1,The flasks.,OpenGVLab/InternVL3-8B-hf,278,batch5,i
de16,4,the dog collar,OpenGVLab/InternVL3-8B-hf,278,batch5,i
de17,4,the front side of pedestal,OpenGVLab/InternVL3-8B-hf,278,batch5,i
de18,1,the torch,OpenGVLab/InternVL3-8B-hf,278,batch5,i
de19,1,the hands,OpenGVLab/InternVL3-8B-hf,278,batch5,i
de20,2,the magnifying glass,OpenGVLab/InternVL3-8B-hf,278,batch5,i
de21,1,the cigarette box,OpenGVLab/InternVL3-8B-hf,278,batch5,i
de22,2,the people,OpenGVLab/InternVL3-8B-hf,278,batch5,i
de23,1,the person,OpenGVLab/InternVL3-8B-hf,278,batch5,i
de24,1,The mug.,OpenGVLab/InternVL3-8B-hf,278,batch5,i
de25,2,The little girl.,OpenGVLab/InternVL3-8B-hf,278,batch5,i
de26,2,the fingerprint scanner,OpenGVLab/InternVL3-8B-hf,278,batch5,i
de27,1,The bigger globe,OpenGVLab/InternVL3-8B-hf,278,batch5,i
de28,2,the puzzle pieces,OpenGVLab/InternVL3-8B-hf,278,batch5,i
de29,1,the book with a brick on it,OpenGVLab/InternVL3-8B-hf,278,batch5,i
de30,1,The VR goggle,OpenGVLab/InternVL3-8B-hf,278,batch5,i
fr31,1,the scale,OpenGVLab/InternVL3-8B-hf,278,batch5,i
fr32,2,the couple,OpenGVLab/InternVL3-8B-hf,278,batch5,i
fr33,2,the book,OpenGVLab/InternVL3-8B-hf,278,batch5,i
fr34,1,the electrode cap,OpenGVLab/InternVL3-8B-hf,278,batch5,i
fr35,2,the animal,OpenGVLab/InternVL3-8B-hf,278,batch5,i
fr36,1,the soldiers facing forward,OpenGVLab/InternVL3-8B-hf,278,batch5,i
fr37,3,the land,OpenGVLab/InternVL3-8B-hf,278,batch5,i
fr38,3,the big car,OpenGVLab/InternVL3-8B-hf,278,batch5,i
fr39,2,the piggy bank,OpenGVLab/InternVL3-8B-hf,278,batch5,i
fr40,1,The faucet.,OpenGVLab/InternVL3-8B-hf,278,batch5,i
fr41,2,the quill pen,OpenGVLab/InternVL3-8B-hf,278,batch5,i
fr42,1,the pig broken in half,OpenGVLab/InternVL3-8B-hf,278,batch5,i
fr43,2,the people,OpenGVLab/InternVL3-8B-hf,278,batch5,i
fr44,3,the woman with a notepad,OpenGVLab/InternVL3-8B-hf,278,batch5,i
fr45,1,the orchestra,OpenGVLab/InternVL3-8B-hf,278,batch5,i
or61,4,the woman,OpenGVLab/InternVL3-8B-hf,278,batch5,i
or62,3,the solar panel,OpenGVLab/InternVL3-8B-hf,278,batch5,i
or63,4,The tray,OpenGVLab/InternVL3-8B-hf,278,batch5,i
or64,4,the man,OpenGVLab/InternVL3-8B-hf,278,batch5,i
or65,4,the baby,OpenGVLab/InternVL3-8B-hf,278,batch5,i
or66,4,the barbed wire,OpenGVLab/InternVL3-8B-hf,278,batch5,i
or67,3,The red rays are at the most front of this image.,OpenGVLab/InternVL3-8B-hf,278,batch5,i
or68,4,the man,OpenGVLab/InternVL3-8B-hf,278,batch5,i
or69,4,the crowd,OpenGVLab/InternVL3-8B-hf,278,batch5,i
or70,4,the man's right hand,OpenGVLab/InternVL3-8B-hf,278,batch5,i
or71,4,the woman holding a pen,OpenGVLab/InternVL3-8B-hf,278,batch5,i
or72,4,the soccer ball,OpenGVLab/InternVL3-8B-hf,278,batch5,i
or73,4,the stool,OpenGVLab/InternVL3-8B-hf,278,batch5,i
or74,4,the red bars,OpenGVLab/InternVL3-8B-hf,278,batch5,i
or75,4,the lime,OpenGVLab/InternVL3-8B-hf,278,batch5,i
cs1,1,the heart-shaped tree,OpenGVLab/InternVL3-8B-hf,312,batch5,i
cs2,1,The brain.,OpenGVLab/InternVL3-8B-hf,312,batch5,i
cs3,1,the elephant,OpenGVLab/InternVL3-8B-hf,312,batch5,i
cs4,2,the laptops,OpenGVLab/InternVL3-8B-hf,312,batch5,i
cs5,3,The man.,OpenGVLab/InternVL3-8B-hf,312,batch5,i
cs6,3,the kid in a yellow shirt,OpenGVLab/InternVL3-8B-hf,312,batch5,i
cs7,4,everything equal,OpenGVLab/InternVL3-8B-hf,312,batch5,i
cs8,1,the staircase,OpenGVLab/InternVL3-8B-hf,312,batch5,i
cs9,1,the phone,OpenGVLab/InternVL3-8B-hf,312,batch5,i
cs10,3,the woman holding a note,OpenGVLab/InternVL3-8B-hf,312,batch5,i
cs11,2,the air pump,OpenGVLab/InternVL3-8B-hf,312,batch5,i
cs12,1,the woman's left foot,OpenGVLab/InternVL3-8B-hf,312,batch5,i
cs13,1,the surgeons,OpenGVLab/InternVL3-8B-hf,312,batch5,i
cs14,1,the man with a beard,OpenGVLab/InternVL3-8B-hf,312,batch5,i
cs15,1,The flasks,OpenGVLab/InternVL3-8B-hf,312,batch5,i
de16,3,the dog collar,OpenGVLab/InternVL3-8B-hf,312,batch5,i
de17,3,the front side of pedestal,OpenGVLab/InternVL3-8B-hf,312,batch5,i
de18,1,the torch,OpenGVLab/InternVL3-8B-hf,312,batch5,i
de19,1,the hands,OpenGVLab/InternVL3-8B-hf,312,batch5,i
de20,1,The magnifying glass.,OpenGVLab/InternVL3-8B-hf,312,batch5,i
de21,1,the cigarette box,OpenGVLab/InternVL3-8B-hf,312,batch5,i
de22,2,the people,OpenGVLab/InternVL3-8B-hf,312,batch5,i
de23,2,the bike,OpenGVLab/InternVL3-8B-hf,312,batch5,i
de24,1,The mug,OpenGVLab/InternVL3-8B-hf,312,batch5,i
de25,2,the little girl,OpenGVLab/InternVL3-8B-hf,312,batch5,i
de26,2,The fingerprint scanner.,OpenGVLab/InternVL3-8B-hf,312,batch5,i
de27,1,the bigger globe,OpenGVLab/InternVL3-8B-hf,312,batch5,i
de28,2,the puzzle pieces,OpenGVLab/InternVL3-8B-hf,312,batch5,i
de29,1,the book with a brick on it,OpenGVLab/InternVL3-8B-hf,312,batch5,i
de30,1,The VR goggle,OpenGVLab/InternVL3-8B-hf,312,batch5,i
fr31,1,the scale,OpenGVLab/InternVL3-8B-hf,312,batch5,i
fr32,2,The couple,OpenGVLab/InternVL3-8B-hf,312,batch5,i
fr33,2,the bathtub,OpenGVLab/InternVL3-8B-hf,312,batch5,i
fr34,1,the electrode cap,OpenGVLab/InternVL3-8B-hf,312,batch5,i
fr35,1,the animal,OpenGVLab/InternVL3-8B-hf,312,batch5,i
fr36,1,the soldiers facing forward,OpenGVLab/InternVL3-8B-hf,312,batch5,i
fr37,3,the land,OpenGVLab/InternVL3-8B-hf,312,batch5,i
fr38,2,the big car,OpenGVLab/InternVL3-8B-hf,312,batch5,i
fr39,2,The piggy bank,OpenGVLab/InternVL3-8B-hf,312,batch5,i
fr40,1,the faucet,OpenGVLab/InternVL3-8B-hf,312,batch5,i
fr41,2,the quill pen,OpenGVLab/InternVL3-8B-hf,312,batch5,i
fr42,1,the pig broken in half,OpenGVLab/InternVL3-8B-hf,312,batch5,i
fr43,1,the people,OpenGVLab/InternVL3-8B-hf,312,batch5,i
fr44,2,the woman with a notepad,OpenGVLab/InternVL3-8B-hf,312,batch5,i
fr45,1,the orchestra,OpenGVLab/InternVL3-8B-hf,312,batch5,i
or61,4,the woman,OpenGVLab/InternVL3-8B-hf,312,batch5,i
or62,3,the solar panel,OpenGVLab/InternVL3-8B-hf,312,batch5,i
or63,3,the tray,OpenGVLab/InternVL3-8B-hf,312,batch5,i
or64,4,the weight,OpenGVLab/InternVL3-8B-hf,312,batch5,i
or65,3,the baby,OpenGVLab/InternVL3-8B-hf,312,batch5,i
or66,3,the barbed wire,OpenGVLab/InternVL3-8B-hf,312,batch5,i
or67,3,The blue rays.,OpenGVLab/InternVL3-8B-hf,312,batch5,i
or68,4,the man,OpenGVLab/InternVL3-8B-hf,312,batch5,i
or69,4,the crowd,OpenGVLab/InternVL3-8B-hf,312,batch5,i
or70,1,the man's right hand,OpenGVLab/InternVL3-8B-hf,312,batch5,i
or71,4,the open books,OpenGVLab/InternVL3-8B-hf,312,batch5,i
or72,3,the soccer ball,OpenGVLab/InternVL3-8B-hf,312,batch5,i
or73,4,the stool,OpenGVLab/InternVL3-8B-hf,312,batch5,i
or74,4,the red bars,OpenGVLab/InternVL3-8B-hf,312,batch5,i
or75,3,the lime,OpenGVLab/InternVL3-8B-hf,312,batch5,i
cs1,1,the heart-shaped tree,OpenGVLab/InternVL3-8B-hf,316,batch5,i
cs2,2,The brain.,OpenGVLab/InternVL3-8B-hf,316,batch5,i
cs3,1,The elephant,OpenGVLab/InternVL3-8B-hf,316,batch5,i
cs4,2,the man in a wheelchair,OpenGVLab/InternVL3-8B-hf,316,batch5,i
cs5,3,the man,OpenGVLab/InternVL3-8B-hf,316,batch5,i
cs6,3,the kid in a yellow shirt,OpenGVLab/InternVL3-8B-hf,316,batch5,i
cs7,3,Everything equal.,OpenGVLab/InternVL3-8B-hf,316,batch5,i
cs8,1,the staircase,OpenGVLab/InternVL3-8B-hf,316,batch5,i
cs9,2,The phone,OpenGVLab/InternVL3-8B-hf,316,batch5,i
cs10,3,the woman holding a note,OpenGVLab/InternVL3-8B-hf,316,batch5,i
cs11,2,the air pump,OpenGVLab/InternVL3-8B-hf,316,batch5,i
cs12,1,the woman's left foot,OpenGVLab/InternVL3-8B-hf,316,batch5,i
cs13,1,the surgeons,OpenGVLab/InternVL3-8B-hf,316,batch5,i
cs14,1,the man with a beard,OpenGVLab/InternVL3-8B-hf,316,batch5,i
cs15,2,The flasks.,OpenGVLab/InternVL3-8B-hf,316,batch5,i
de16,4,the dog collar,OpenGVLab/InternVL3-8B-hf,316,batch5,i
de17,3,the front side of pedestal,OpenGVLab/InternVL3-8B-hf,316,batch5,i
de18,1,the torch,OpenGVLab/InternVL3-8B-hf,316,batch5,i
de19,1,the hands,OpenGVLab/InternVL3-8B-hf,316,batch5,i
de20,1,The magnifying glass.,OpenGVLab/InternVL3-8B-hf,316,batch5,i
de21,1,the cigarette box,OpenGVLab/InternVL3-8B-hf,316,batch5,i
de22,1,the people,OpenGVLab/InternVL3-8B-hf,316,batch5,i
de23,1,the person,OpenGVLab/InternVL3-8B-hf,316,batch5,i
de24,1,the mug,OpenGVLab/InternVL3-8B-hf,316,batch5,i
de25,2,the little girl,OpenGVLab/InternVL3-8B-hf,316,batch5,i
de26,2,the fingerprint scanner,OpenGVLab/InternVL3-8B-hf,316,batch5,i
de27,1,the bigger globe,OpenGVLab/InternVL3-8B-hf,316,batch5,i
de28,2,the puzzle pieces,OpenGVLab/InternVL3-8B-hf,316,batch5,i
de29,1,the book with a brick on it,OpenGVLab/InternVL3-8B-hf,316,batch5,i
de30,2,the VR goggle,OpenGVLab/InternVL3-8B-hf,316,batch5,i
fr31,1,the scale,OpenGVLab/InternVL3-8B-hf,316,batch5,i
fr32,2,the couple,OpenGVLab/InternVL3-8B-hf,316,batch5,i
fr33,2,the book,OpenGVLab/InternVL3-8B-hf,316,batch5,i
fr34,1,the electrode cap,OpenGVLab/InternVL3-8B-hf,316,batch5,i
fr35,1,the animal,OpenGVLab/InternVL3-8B-hf,316,batch5,i
fr36,1,the soldiers facing forward,OpenGVLab/InternVL3-8B-hf,316,batch5,i
fr37,2,The land.,OpenGVLab/InternVL3-8B-hf,316,batch5,i
fr38,2,the big car,OpenGVLab/InternVL3-8B-hf,316,batch5,i
fr39,2,it is ambiguous,OpenGVLab/InternVL3-8B-hf,316,batch5,i
fr40,1,the faucet,OpenGVLab/InternVL3-8B-hf,316,batch5,i
fr41,2,The quill pen.,OpenGVLab/InternVL3-8B-hf,316,batch5,i
fr42,1,The pig broken in half.,OpenGVLab/InternVL3-8B-hf,316,batch5,i
fr43,1,the people,OpenGVLab/InternVL3-8B-hf,316,batch5,i
fr44,3,the woman with a notepad,OpenGVLab/InternVL3-8B-hf,316,batch5,i
fr45,1,the orchestra,OpenGVLab/InternVL3-8B-hf,316,batch5,i
or61,4,the woman,OpenGVLab/InternVL3-8B-hf,316,batch5,i
or62,4,the solar panel,OpenGVLab/InternVL3-8B-hf,316,batch5,i
or63,3,the tray,OpenGVLab/InternVL3-8B-hf,316,batch5,i
or64,4,the man,OpenGVLab/InternVL3-8B-hf,316,batch5,i
or65,2,the baby,OpenGVLab/InternVL3-8B-hf,316,batch5,i
or66,3,the men with their hands up,OpenGVLab/InternVL3-8B-hf,316,batch5,i
or67,2,The red rays.,OpenGVLab/InternVL3-8B-hf,316,batch5,i
or68,4,the man,OpenGVLab/InternVL3-8B-hf,316,batch5,i
or69,4,the crowd,OpenGVLab/InternVL3-8B-hf,316,batch5,i
or70,1,the man's right hand,OpenGVLab/InternVL3-8B-hf,316,batch5,i
or71,4,the open books,OpenGVLab/InternVL3-8B-hf,316,batch5,i
or72,4,the kid on the bike,OpenGVLab/InternVL3-8B-hf,316,batch5,i
or73,3,the stool,OpenGVLab/InternVL3-8B-hf,316,batch5,i
or74,4,the red bars,OpenGVLab/InternVL3-8B-hf,316,batch5,i
or75,4,the lime,OpenGVLab/InternVL3-8B-hf,316,batch5,i
cs1,1,the kid in a striped shirt,OpenGVLab/InternVL3-8B-hf,360,batch5,i
cs2,1,The brain.,OpenGVLab/InternVL3-8B-hf,360,batch5,i
cs3,1,the elephant,OpenGVLab/InternVL3-8B-hf,360,batch5,i
cs4,2,the laptops,OpenGVLab/InternVL3-8B-hf,360,batch5,i
cs5,3,the man,OpenGVLab/InternVL3-8B-hf,360,batch5,i
cs6,3,the kid in a yellow shirt,OpenGVLab/InternVL3-8B-hf,360,batch5,i
cs7,2,everything equal,OpenGVLab/InternVL3-8B-hf,360,batch5,i
cs8,1,the staircase,OpenGVLab/InternVL3-8B-hf,360,batch5,i
cs9,1,the phone,OpenGVLab/InternVL3-8B-hf,360,batch5,i
cs10,4,the woman holding a note,OpenGVLab/InternVL3-8B-hf,360,batch5,i
cs11,1,the air pump,OpenGVLab/InternVL3-8B-hf,360,batch5,i
cs12,1,the woman's left foot,OpenGVLab/InternVL3-8B-hf,360,batch5,i
cs13,1,the surgeons,OpenGVLab/InternVL3-8B-hf,360,batch5,i
cs14,1,the man with a beard,OpenGVLab/InternVL3-8B-hf,360,batch5,i
cs15,1,the flasks,OpenGVLab/InternVL3-8B-hf,360,batch5,i
de16,4,the dog collar,OpenGVLab/InternVL3-8B-hf,360,batch5,i
de17,4,the front side of pedestal,OpenGVLab/InternVL3-8B-hf,360,batch5,i
de18,1,the torch,OpenGVLab/InternVL3-8B-hf,360,batch5,i
de19,1,the hands,OpenGVLab/InternVL3-8B-hf,360,batch5,i
de20,1,The magnifying glass.,OpenGVLab/InternVL3-8B-hf,360,batch5,i
de21,1,the cigarette box,OpenGVLab/InternVL3-8B-hf,360,batch5,i
de22,3,the people,OpenGVLab/InternVL3-8B-hf,360,batch5,i
de23,1,the person,OpenGVLab/InternVL3-8B-hf,360,batch5,i
de24,1,the mug,OpenGVLab/InternVL3-8B-hf,360,batch5,i
de25,2,the little girl,OpenGVLab/InternVL3-8B-hf,360,batch5,i
de26,2,the fingerprint scanner,OpenGVLab/InternVL3-8B-hf,360,batch5,i
de27,1,the bigger globe,OpenGVLab/InternVL3-8B-hf,360,batch5,i
de28,2,the puzzle pieces,OpenGVLab/InternVL3-8B-hf,360,batch5,i
de29,1,the magnifying glass,OpenGVLab/InternVL3-8B-hf,360,batch5,i
de30,1,the VR goggle,OpenGVLab/InternVL3-8B-hf,360,batch5,i
fr31,2,the scale,OpenGVLab/InternVL3-8B-hf,360,batch5,i
fr32,2,the couple,OpenGVLab/InternVL3-8B-hf,360,batch5,i
fr33,1,the book,OpenGVLab/InternVL3-8B-hf,360,batch5,i
fr34,1,The electrode cap.,OpenGVLab/InternVL3-8B-hf,360,batch5,i
fr35,1,the animal,OpenGVLab/InternVL3-8B-hf,360,batch5,i
fr36,1,the soldiers facing forward,OpenGVLab/InternVL3-8B-hf,360,batch5,i
fr37,3,the land,OpenGVLab/InternVL3-8B-hf,360,batch5,i
fr38,2,the big car,OpenGVLab/InternVL3-8B-hf,360,batch5,i
fr39,3,the piggy bank,OpenGVLab/InternVL3-8B-hf,360,batch5,i
fr40,1,the faucet,OpenGVLab/InternVL3-8B-hf,360,batch5,i
fr41,2,the quill pen,OpenGVLab/InternVL3-8B-hf,360,batch5,i
fr42,1,the pig broken in half,OpenGVLab/InternVL3-8B-hf,360,batch5,i
fr43,1,the people,OpenGVLab/InternVL3-8B-hf,360,batch5,i
fr44,3,the woman with a notepad,OpenGVLab/InternVL3-8B-hf,360,batch5,i
fr45,1,the orchestra,OpenGVLab/InternVL3-8B-hf,360,batch5,i
or61,4,the woman,OpenGVLab/InternVL3-8B-hf,360,batch5,i
or62,3,the solar panel,OpenGVLab/InternVL3-8B-hf,360,batch5,i
or63,4,the tray,OpenGVLab/InternVL3-8B-hf,360,batch5,i
or64,3,the man,OpenGVLab/InternVL3-8B-hf,360,batch5,i
or65,4,the baby,OpenGVLab/InternVL3-8B-hf,360,batch5,i
or66,4,the barbed wire,OpenGVLab/InternVL3-8B-hf,360,batch5,i
or67,3,The red rays.,OpenGVLab/InternVL3-8B-hf,360,batch5,i
or68,4,the man,OpenGVLab/InternVL3-8B-hf,360,batch5,i
or69,3,the crowd,OpenGVLab/InternVL3-8B-hf,360,batch5,i
or70,1,the man's right hand,OpenGVLab/InternVL3-8B-hf,360,batch5,i
or71,4,the open books,OpenGVLab/InternVL3-8B-hf,360,batch5,i
or72,4,the soccer ball,OpenGVLab/InternVL3-8B-hf,360,batch5,i
or73,4,the stool,OpenGVLab/InternVL3-8B-hf,360,batch5,i
or74,4,The red bars,OpenGVLab/InternVL3-8B-hf,360,batch5,i
or75,4,the lime,OpenGVLab/InternVL3-8B-hf,360,batch5,i
cs1,1,the heart-shaped tree,OpenGVLab/InternVL3-8B-hf,370,batch5,i
cs2,1,The brain.,OpenGVLab/InternVL3-8B-hf,370,batch5,i
cs3,1,the elephant,OpenGVLab/InternVL3-8B-hf,370,batch5,i
cs4,1,the laptops,OpenGVLab/InternVL3-8B-hf,370,batch5,i
cs5,3,the man,OpenGVLab/InternVL3-8B-hf,370,batch5,i
cs6,4,the kid in a yellow shirt,OpenGVLab/InternVL3-8B-hf,370,batch5,i
cs7,3,The cloud.,OpenGVLab/InternVL3-8B-hf,370,batch5,i
cs8,1,the door,OpenGVLab/InternVL3-8B-hf,370,batch5,i
cs9,2,The phone,OpenGVLab/InternVL3-8B-hf,370,batch5,i
cs10,4,the woman holding a note,OpenGVLab/InternVL3-8B-hf,370,batch5,i
cs11,2,the air pump,OpenGVLab/InternVL3-8B-hf,370,batch5,i
cs12,1,the woman's left foot,OpenGVLab/InternVL3-8B-hf,370,batch5,i
cs13,1,the surgeons,OpenGVLab/InternVL3-8B-hf,370,batch5,i
cs14,1,cannot say,OpenGVLab/InternVL3-8B-hf,370,batch5,i
cs15,2,the flasks,OpenGVLab/InternVL3-8B-hf,370,batch5,i
de16,4,the dog collar,OpenGVLab/InternVL3-8B-hf,370,batch5,i
de17,3,the front side of pedestal,OpenGVLab/InternVL3-8B-hf,370,batch5,i
de18,2,the torch,OpenGVLab/InternVL3-8B-hf,370,batch5,i
de19,2,the hands,OpenGVLab/InternVL3-8B-hf,370,batch5,i
de20,1,the magnifying glass,OpenGVLab/InternVL3-8B-hf,370,batch5,i
de21,1,the cigarette box,OpenGVLab/InternVL3-8B-hf,370,batch5,i
de22,2,the people,OpenGVLab/InternVL3-8B-hf,370,batch5,i
de23,1,the person,OpenGVLab/InternVL3-8B-hf,370,batch5,i
de24,2,the mug,OpenGVLab/InternVL3-8B-hf,370,batch5,i
de25,2,the little girl,OpenGVLab/InternVL3-8B-hf,370,batch5,i
de26,2,The fingerprint scanner.,OpenGVLab/InternVL3-8B-hf,370,batch5,i
de27,1,the bigger globe,OpenGVLab/InternVL3-8B-hf,370,batch5,i
de28,2,the puzzle pieces,OpenGVLab/InternVL3-8B-hf,370,batch5,i
de29,1,the magnifying glass,OpenGVLab/InternVL3-8B-hf,370,batch5,i
de30,1,the VR goggle,OpenGVLab/InternVL3-8B-hf,370,batch5,i
fr31,1,the scale,OpenGVLab/InternVL3-8B-hf,370,batch5,i
fr32,2,the couple,OpenGVLab/InternVL3-8B-hf,370,batch5,i
fr33,2,the bathtub,OpenGVLab/InternVL3-8B-hf,370,batch5,i
fr34,1,the electrode cap,OpenGVLab/InternVL3-8B-hf,370,batch5,i
fr35,1,the animal,OpenGVLab/InternVL3-8B-hf,370,batch5,i
fr36,1,The soldiers facing forward.,OpenGVLab/InternVL3-8B-hf,370,batch5,i
fr37,3,the land,OpenGVLab/InternVL3-8B-hf,370,batch5,i
fr38,1,the big car,OpenGVLab/InternVL3-8B-hf,370,batch5,i
fr39,3,the piggy bank,OpenGVLab/InternVL3-8B-hf,370,batch5,i
fr40,1,the faucet,OpenGVLab/InternVL3-8B-hf,370,batch5,i
fr41,2,the quill pen,OpenGVLab/InternVL3-8B-hf,370,batch5,i
fr42,1,the pig broken in half,OpenGVLab/InternVL3-8B-hf,370,batch5,i
fr43,1,the hammer,OpenGVLab/InternVL3-8B-hf,370,batch5,i
fr44,3,the woman with a notepad,OpenGVLab/InternVL3-8B-hf,370,batch5,i
fr45,1,the orchestra,OpenGVLab/InternVL3-8B-hf,370,batch5,i
or61,4,the woman,OpenGVLab/InternVL3-8B-hf,370,batch5,i
or62,3,the solar panel,OpenGVLab/InternVL3-8B-hf,370,batch5,i
or63,4,the tray,OpenGVLab/InternVL3-8B-hf,370,batch5,i
or64,4,the man,OpenGVLab/InternVL3-8B-hf,370,batch5,i
or65,4,the baby,OpenGVLab/InternVL3-8B-hf,370,batch5,i
or66,4,the barbed wire,OpenGVLab/InternVL3-8B-hf,370,batch5,i
or67,3,The red rays.,OpenGVLab/InternVL3-8B-hf,370,batch5,i
or68,4,the man,OpenGVLab/InternVL3-8B-hf,370,batch5,i
or69,3,the crowd,OpenGVLab/InternVL3-8B-hf,370,batch5,i
or70,1,the man's right hand,OpenGVLab/InternVL3-8B-hf,370,batch5,i
or71,4,The open books.,OpenGVLab/InternVL3-8B-hf,370,batch5,i
or72,4,the soccer ball,OpenGVLab/InternVL3-8B-hf,370,batch5,i
or73,4,the stool,OpenGVLab/InternVL3-8B-hf,370,batch5,i
or74,4,the red bars,OpenGVLab/InternVL3-8B-hf,370,batch5,i
or75,3,the lime,OpenGVLab/InternVL3-8B-hf,370,batch5,i
cs1,1,the heart-shaped tree,OpenGVLab/InternVL3-8B-hf,378,batch5,i
cs2,1,The brain.,OpenGVLab/InternVL3-8B-hf,378,batch5,i
cs3,1,The elephant.,OpenGVLab/InternVL3-8B-hf,378,batch5,i
cs4,2,the laptops,OpenGVLab/InternVL3-8B-hf,378,batch5,i
cs5,3,the man,OpenGVLab/InternVL3-8B-hf,378,batch5,i
cs6,3,the kid in a yellow shirt,OpenGVLab/InternVL3-8B-hf,378,batch5,i
cs7,3,everything equal,OpenGVLab/InternVL3-8B-hf,378,batch5,i
cs8,1,the staircase,OpenGVLab/InternVL3-8B-hf,378,batch5,i
cs9,2,the phone,OpenGVLab/InternVL3-8B-hf,378,batch5,i
cs10,2,the woman holding a note,OpenGVLab/InternVL3-8B-hf,378,batch5,i
cs11,2,the air pump,OpenGVLab/InternVL3-8B-hf,378,batch5,i
cs12,1,the woman's left foot,OpenGVLab/InternVL3-8B-hf,378,batch5,i
cs13,1,the surgeons,OpenGVLab/InternVL3-8B-hf,378,batch5,i
cs14,1,the man with a beard,OpenGVLab/InternVL3-8B-hf,378,batch5,i
cs15,1,The flasks,OpenGVLab/InternVL3-8B-hf,378,batch5,i
de16,3,the dog collar,OpenGVLab/InternVL3-8B-hf,378,batch5,i
de17,3,the front side of pedestal,OpenGVLab/InternVL3-8B-hf,378,batch5,i
de18,1,the torch,OpenGVLab/InternVL3-8B-hf,378,batch5,i
de19,1,the mug,OpenGVLab/InternVL3-8B-hf,378,batch5,i
de20,1,The magnifying glass.,OpenGVLab/InternVL3-8B-hf,378,batch5,i
de21,1,the cigarette box,OpenGVLab/InternVL3-8B-hf,378,batch5,i
de22,1,the people,OpenGVLab/InternVL3-8B-hf,378,batch5,i
de23,1,the person,OpenGVLab/InternVL3-8B-hf,378,batch5,i
de24,1,the mug,OpenGVLab/InternVL3-8B-hf,378,batch5,i
de25,2,the little girl,OpenGVLab/InternVL3-8B-hf,378,batch5,i
de26,2,the fingerprint scanner,OpenGVLab/InternVL3-8B-hf,378,batch5,i
de27,1,the bigger globe,OpenGVLab/InternVL3-8B-hf,378,batch5,i
de28,1,the puzzle pieces,OpenGVLab/InternVL3-8B-hf,378,batch5,i
de29,1,the book with a brick on it,OpenGVLab/InternVL3-8B-hf,378,batch5,i
de30,1,the VR goggle,OpenGVLab/InternVL3-8B-hf,378,batch5,i
fr31,1,the scale,OpenGVLab/InternVL3-8B-hf,378,batch5,i
fr32,2,the couple,OpenGVLab/InternVL3-8B-hf,378,batch5,i
fr33,2,the bathtub,OpenGVLab/InternVL3-8B-hf,378,batch5,i
fr34,1,the electrode cap,OpenGVLab/InternVL3-8B-hf,378,batch5,i
fr35,2,the animal,OpenGVLab/InternVL3-8B-hf,378,batch5,i
fr36,1,the soldiers facing forward,OpenGVLab/InternVL3-8B-hf,378,batch5,i
fr37,3,the land,OpenGVLab/InternVL3-8B-hf,378,batch5,i
fr38,2,the big car,OpenGVLab/InternVL3-8B-hf,378,batch5,i
fr39,1,the piggy bank,OpenGVLab/InternVL3-8B-hf,378,batch5,i
fr40,1,The faucet.,OpenGVLab/InternVL3-8B-hf,378,batch5,i
fr41,3,the quill pen,OpenGVLab/InternVL3-8B-hf,378,batch5,i
fr42,1,the pig broken in half,OpenGVLab/InternVL3-8B-hf,378,batch5,i
fr43,2,the people,OpenGVLab/InternVL3-8B-hf,378,batch5,i
fr44,3,the woman with a notepad,OpenGVLab/InternVL3-8B-hf,378,batch5,i
fr45,1,the orchestra,OpenGVLab/InternVL3-8B-hf,378,batch5,i
or61,4,The woman.,OpenGVLab/InternVL3-8B-hf,378,batch5,i
or62,4,the solar panel,OpenGVLab/InternVL3-8B-hf,378,batch5,i
or63,4,the tray,OpenGVLab/InternVL3-8B-hf,378,batch5,i
or64,3,the man,OpenGVLab/InternVL3-8B-hf,378,batch5,i
or65,4,the baby,OpenGVLab/InternVL3-8B-hf,378,batch5,i
or66,3,the men with their hands up,OpenGVLab/InternVL3-8B-hf,378,batch5,i
or67,3,The red rays.,OpenGVLab/InternVL3-8B-hf,378,batch5,i
or68,3,the man,OpenGVLab/InternVL3-8B-hf,378,batch5,i
or69,3,the crowd,OpenGVLab/InternVL3-8B-hf,378,batch5,i
or70,2,the man's right hand,OpenGVLab/InternVL3-8B-hf,378,batch5,i
or71,4,the open books,OpenGVLab/InternVL3-8B-hf,378,batch5,i
or72,4,the soccer ball,OpenGVLab/InternVL3-8B-hf,378,batch5,i
or73,4,the stool,OpenGVLab/InternVL3-8B-hf,378,batch5,i
or74,4,The red bars,OpenGVLab/InternVL3-8B-hf,378,batch5,i
or75,4,the lime,OpenGVLab/InternVL3-8B-hf,378,batch5,i
cs1,1,the kid in a striped shirt,OpenGVLab/InternVL3-8B-hf,411,batch5,i
cs2,1,The brain.,OpenGVLab/InternVL3-8B-hf,411,batch5,i
cs3,1,The elephant,OpenGVLab/InternVL3-8B-hf,411,batch5,i
cs4,1,the man in a wheelchair,OpenGVLab/InternVL3-8B-hf,411,batch5,i
cs5,2,The man.,OpenGVLab/InternVL3-8B-hf,411,batch5,i
cs6,2,the kid in a yellow shirt,OpenGVLab/InternVL3-8B-hf,411,batch5,i
cs7,3,everything equal,OpenGVLab/InternVL3-8B-hf,411,batch5,i
cs8,1,the staircase,OpenGVLab/InternVL3-8B-hf,411,batch5,i
cs9,1,The phone,OpenGVLab/InternVL3-8B-hf,411,batch5,i
cs10,4,the woman holding a note,OpenGVLab/InternVL3-8B-hf,411,batch5,i
cs11,2,the air pump,OpenGVLab/InternVL3-8B-hf,411,batch5,i
cs12,1,the woman's left foot,OpenGVLab/InternVL3-8B-hf,411,batch5,i
cs13,1,the surgeons,OpenGVLab/InternVL3-8B-hf,411,batch5,i
cs14,1,the man with a beard,OpenGVLab/InternVL3-8B-hf,411,batch5,i
cs15,2,The flasks,OpenGVLab/InternVL3-8B-hf,411,batch5,i
de16,4,the dog collar,OpenGVLab/InternVL3-8B-hf,411,batch5,i
de17,3,the front side of pedestal,OpenGVLab/InternVL3-8B-hf,411,batch5,i
de18,1,the torch,OpenGVLab/InternVL3-8B-hf,411,batch5,i
de19,1,the hands,OpenGVLab/InternVL3-8B-hf,411,batch5,i
de20,1,the magnifying glass,OpenGVLab/InternVL3-8B-hf,411,batch5,i
de21,1,the cigarette box,OpenGVLab/InternVL3-8B-hf,411,batch5,i
de22,2,The people.,OpenGVLab/InternVL3-8B-hf,411,batch5,i
de23,1,the bike,OpenGVLab/InternVL3-8B-hf,411,batch5,i
de24,1,The mug.,OpenGVLab/InternVL3-8B-hf,411,batch5,i
de25,2,the little girl,OpenGVLab/InternVL3-8B-hf,411,batch5,i
de26,3,The fingerprint scanner,OpenGVLab/InternVL3-8B-hf,411,batch5,i
de27,1,the bigger globe,OpenGVLab/InternVL3-8B-hf,411,batch5,i
de28,1,the puzzle pieces,OpenGVLab/InternVL3-8B-hf,411,batch5,i
de29,1,the book with a brick on it,OpenGVLab/InternVL3-8B-hf,411,batch5,i
de30,2,the VR goggle,OpenGVLab/InternVL3-8B-hf,411,batch5,i
fr31,2,the scale,OpenGVLab/InternVL3-8B-hf,411,batch5,i
fr32,2,the couple,OpenGVLab/InternVL3-8B-hf,411,batch5,i
fr33,2,the bathtub,OpenGVLab/InternVL3-8B-hf,411,batch5,i
fr34,1,the electrode cap,OpenGVLab/InternVL3-8B-hf,411,batch5,i
fr35,2,the animal,OpenGVLab/InternVL3-8B-hf,411,batch5,i
fr36,1,the soldiers facing forward,OpenGVLab/InternVL3-8B-hf,411,batch5,i
fr37,2,The land.,OpenGVLab/InternVL3-8B-hf,411,batch5,i
fr38,2,the big car,OpenGVLab/InternVL3-8B-hf,411,batch5,i
fr39,3,the piggy bank,OpenGVLab/InternVL3-8B-hf,411,batch5,i
fr40,1,The faucet.,OpenGVLab/InternVL3-8B-hf,411,batch5,i
fr41,2,The quill pen.,OpenGVLab/InternVL3-8B-hf,411,batch5,i
fr42,1,the pig broken in half,OpenGVLab/InternVL3-8B-hf,411,batch5,i
fr43,1,the people,OpenGVLab/InternVL3-8B-hf,411,batch5,i
fr44,3,the woman with a notepad,OpenGVLab/InternVL3-8B-hf,411,batch5,i
fr45,1,the orchestra,OpenGVLab/InternVL3-8B-hf,411,batch5,i
or61,4,the woman,OpenGVLab/InternVL3-8B-hf,411,batch5,i
or62,3,the solar panel,OpenGVLab/InternVL3-8B-hf,411,batch5,i
or63,4,the tray,OpenGVLab/InternVL3-8B-hf,411,batch5,i
or64,4,the man,OpenGVLab/InternVL3-8B-hf,411,batch5,i
or65,3,the baby,OpenGVLab/InternVL3-8B-hf,411,batch5,i
or66,4,the men with their hands up,OpenGVLab/InternVL3-8B-hf,411,batch5,i
or67,4,The red rays.,OpenGVLab/InternVL3-8B-hf,411,batch5,i
or68,4,the man,OpenGVLab/InternVL3-8B-hf,411,batch5,i
or69,3,the crowd,OpenGVLab/InternVL3-8B-hf,411,batch5,i
or70,2,the man's right hand,OpenGVLab/InternVL3-8B-hf,411,batch5,i
or71,3,the woman holding a pen,OpenGVLab/InternVL3-8B-hf,411,batch5,i
or72,4,the soccer ball,OpenGVLab/InternVL3-8B-hf,411,batch5,i
or73,4,the stool,OpenGVLab/InternVL3-8B-hf,411,batch5,i
or74,4,the red bars,OpenGVLab/InternVL3-8B-hf,411,batch5,i
or75,4,the lime,OpenGVLab/InternVL3-8B-hf,411,batch5,i
cs1,1,the watering cans,OpenGVLab/InternVL3-8B-hf,430,batch5,i
cs2,1,The brain.,OpenGVLab/InternVL3-8B-hf,430,batch5,i
cs3,1,the elephant,OpenGVLab/InternVL3-8B-hf,430,batch5,i
cs4,2,the laptops,OpenGVLab/InternVL3-8B-hf,430,batch5,i
cs5,2,the man,OpenGVLab/InternVL3-8B-hf,430,batch5,i
cs6,3,the kid in a yellow shirt,OpenGVLab/InternVL3-8B-hf,430,batch5,i
cs7,4,everything equal,OpenGVLab/InternVL3-8B-hf,430,batch5,i
cs8,1,the staircase,OpenGVLab/InternVL3-8B-hf,430,batch5,i
cs9,1,the phone,OpenGVLab/InternVL3-8B-hf,430,batch5,i
cs10,4,the woman holding a note,OpenGVLab/InternVL3-8B-hf,430,batch5,i
cs11,2,the air pump,OpenGVLab/InternVL3-8B-hf,430,batch5,i
cs12,1,the woman's left foot,OpenGVLab/InternVL3-8B-hf,430,batch5,i
cs13,1,the surgeons,OpenGVLab/InternVL3-8B-hf,430,batch5,i
cs14,1,the man with a beard,OpenGVLab/InternVL3-8B-hf,430,batch5,i
cs15,1,The flasks,OpenGVLab/InternVL3-8B-hf,430,batch5,i
de16,4,the dog collar,OpenGVLab/InternVL3-8B-hf,430,batch5,i
de17,3,the front side of pedestal,OpenGVLab/InternVL3-8B-hf,430,batch5,i
de18,1,the torch,OpenGVLab/InternVL3-8B-hf,430,batch5,i
de19,1,the hands,OpenGVLab/InternVL3-8B-hf,430,batch5,i
de20,1,The magnifying glass.,OpenGVLab/InternVL3-8B-hf,430,batch5,i
de21,1,the cigarette box,OpenGVLab/InternVL3-8B-hf,430,batch5,i
de22,2,The people,OpenGVLab/InternVL3-8B-hf,430,batch5,i
de23,1,the person,OpenGVLab/InternVL3-8B-hf,430,batch5,i
de24,2,the mug,OpenGVLab/InternVL3-8B-hf,430,batch5,i
de25,2,the little girl,OpenGVLab/InternVL3-8B-hf,430,batch5,i
de26,1,the fingerprint scanner,OpenGVLab/InternVL3-8B-hf,430,batch5,i
de27,1,the bigger globe,OpenGVLab/InternVL3-8B-hf,430,batch5,i
de28,2,the puzzle pieces,OpenGVLab/InternVL3-8B-hf,430,batch5,i
de29,1,the book with a brick on it,OpenGVLab/InternVL3-8B-hf,430,batch5,i
de30,1,the VR goggle,OpenGVLab/InternVL3-8B-hf,430,batch5,i
fr31,2,the scale,OpenGVLab/InternVL3-8B-hf,430,batch5,i
fr32,1,the couple,OpenGVLab/InternVL3-8B-hf,430,batch5,i
fr33,2,the bathtub,OpenGVLab/InternVL3-8B-hf,430,batch5,i
fr34,1,the electrode cap,OpenGVLab/InternVL3-8B-hf,430,batch5,i
fr35,1,the animal,OpenGVLab/InternVL3-8B-hf,430,batch5,i
fr36,1,the soldiers facing forward,OpenGVLab/InternVL3-8B-hf,430,batch5,i
fr37,3,The land.,OpenGVLab/InternVL3-8B-hf,430,batch5,i
fr38,3,the big car,OpenGVLab/InternVL3-8B-hf,430,batch5,i
fr39,2,the piggy bank,OpenGVLab/InternVL3-8B-hf,430,batch5,i
fr40,1,The faucet.,OpenGVLab/InternVL3-8B-hf,430,batch5,i
fr41,3,the quill pen,OpenGVLab/InternVL3-8B-hf,430,batch5,i
fr42,1,the pig broken in half,OpenGVLab/InternVL3-8B-hf,430,batch5,i
fr43,1,the people,OpenGVLab/InternVL3-8B-hf,430,batch5,i
fr44,3,the woman with a notepad,OpenGVLab/InternVL3-8B-hf,430,batch5,i
fr45,1,the orchestra,OpenGVLab/InternVL3-8B-hf,430,batch5,i
or61,4,the woman,OpenGVLab/InternVL3-8B-hf,430,batch5,i
or62,4,the solar panel,OpenGVLab/InternVL3-8B-hf,430,batch5,i
or63,4,the tray,OpenGVLab/InternVL3-8B-hf,430,batch5,i
or64,4,the man,OpenGVLab/InternVL3-8B-hf,430,batch5,i
or65,4,the baby,OpenGVLab/InternVL3-8B-hf,430,batch5,i
or66,3,the barbed wire,OpenGVLab/InternVL3-8B-hf,430,batch5,i
or67,3,The red rays.,OpenGVLab/InternVL3-8B-hf,430,batch5,i
or68,4,the man,OpenGVLab/InternVL3-8B-hf,430,batch5,i
or69,3,the crowd,OpenGVLab/InternVL3-8B-hf,430,batch5,i
or70,2,the man's right hand,OpenGVLab/InternVL3-8B-hf,430,batch5,i
or71,4,the woman holding a pen,OpenGVLab/InternVL3-8B-hf,430,batch5,i
or72,4,the soccer ball,OpenGVLab/InternVL3-8B-hf,430,batch5,i
or73,3,the stool,OpenGVLab/InternVL3-8B-hf,430,batch5,i
or74,4,the red bars,OpenGVLab/InternVL3-8B-hf,430,batch5,i
or75,3,the lime,OpenGVLab/InternVL3-8B-hf,430,batch5,i
cs1,1,the kid in a striped shirt,OpenGVLab/InternVL3-8B-hf,480,batch5,i
cs2,2,The brain.,OpenGVLab/InternVL3-8B-hf,480,batch5,i
cs3,1,the elephant,OpenGVLab/InternVL3-8B-hf,480,batch5,i
cs4,1,the man in a wheelchair,OpenGVLab/InternVL3-8B-hf,480,batch5,i
cs5,2,The man.,OpenGVLab/InternVL3-8B-hf,480,batch5,i
cs6,2,the kid in a yellow shirt,OpenGVLab/InternVL3-8B-hf,480,batch5,i
cs7,2,The cloud.,OpenGVLab/InternVL3-8B-hf,480,batch5,i
cs8,1,the staircase,OpenGVLab/InternVL3-8B-hf,480,batch5,i
cs9,1,The phone,OpenGVLab/InternVL3-8B-hf,480,batch5,i
cs10,3,the woman holding a note,OpenGVLab/InternVL3-8B-hf,480,batch5,i
cs11,2,the air pump,OpenGVLab/InternVL3-8B-hf,480,batch5,i
cs12,1,the woman's left foot,OpenGVLab/InternVL3-8B-hf,480,batch5,i
cs13,1,the surgeons,OpenGVLab/InternVL3-8B-hf,480,batch5,i
cs14,1,the man with a beard,OpenGVLab/InternVL3-8B-hf,480,batch5,i
cs15,1,The flasks,OpenGVLab/InternVL3-8B-hf,480,batch5,i
de16,4,the dog collar,OpenGVLab/InternVL3-8B-hf,480,batch5,i
de17,4,the front side of pedestal,OpenGVLab/InternVL3-8B-hf,480,batch5,i
de18,2,the torch,OpenGVLab/InternVL3-8B-hf,480,batch5,i
de19,1,the mug,OpenGVLab/InternVL3-8B-hf,480,batch5,i
de20,1,the magnifying glass,OpenGVLab/InternVL3-8B-hf,480,batch5,i
de21,1,the cigarette box,OpenGVLab/InternVL3-8B-hf,480,batch5,i
de22,2,the people,OpenGVLab/InternVL3-8B-hf,480,batch5,i
de23,2,the person,OpenGVLab/InternVL3-8B-hf,480,batch5,i
de24,2,the mug,OpenGVLab/InternVL3-8B-hf,480,batch5,i
de25,2,the little girl,OpenGVLab/InternVL3-8B-hf,480,batch5,i
de26,2,the fingerprint scanner,OpenGVLab/InternVL3-8B-hf,480,batch5,i
de27,1,the bigger globe,OpenGVLab/InternVL3-8B-hf,480,batch5,i
de28,2,the puzzle pieces,OpenGVLab/InternVL3-8B-hf,480,batch5,i
de29,1,the book with a brick on it,OpenGVLab/InternVL3-8B-hf,480,batch5,i
de30,1,the VR goggle,OpenGVLab/InternVL3-8B-hf,480,batch5,i
fr31,1,the scale,OpenGVLab/InternVL3-8B-hf,480,batch5,i
fr32,1,the couple,OpenGVLab/InternVL3-8B-hf,480,batch5,i
fr33,2,the book,OpenGVLab/InternVL3-8B-hf,480,batch5,i
fr34,2,the electrode cap,OpenGVLab/InternVL3-8B-hf,480,batch5,i
fr35,1,the animal,OpenGVLab/InternVL3-8B-hf,480,batch5,i
fr36,1,the soldiers facing forward,OpenGVLab/InternVL3-8B-hf,480,batch5,i
fr37,3,The water.,OpenGVLab/InternVL3-8B-hf,480,batch5,i
fr38,2,the big car,OpenGVLab/InternVL3-8B-hf,480,batch5,i
fr39,2,the piggy bank,OpenGVLab/InternVL3-8B-hf,480,batch5,i
fr40,1,the faucet,OpenGVLab/InternVL3-8B-hf,480,batch5,i
fr41,3,the quill pen,OpenGVLab/InternVL3-8B-hf,480,batch5,i
fr42,1,The pig broken in half.,OpenGVLab/InternVL3-8B-hf,480,batch5,i
fr43,1,the hammer,OpenGVLab/InternVL3-8B-hf,480,batch5,i
fr44,3,the woman with a notepad,OpenGVLab/InternVL3-8B-hf,480,batch5,i
fr45,1,the orchestra,OpenGVLab/InternVL3-8B-hf,480,batch5,i
or61,4,the woman,OpenGVLab/InternVL3-8B-hf,480,batch5,i
or62,4,the solar panel,OpenGVLab/InternVL3-8B-hf,480,batch5,i
or63,4,the tray,OpenGVLab/InternVL3-8B-hf,480,batch5,i
or64,4,the man,OpenGVLab/InternVL3-8B-hf,480,batch5,i
or65,4,the baby,OpenGVLab/InternVL3-8B-hf,480,batch5,i
or66,3,the barbed wire,OpenGVLab/InternVL3-8B-hf,480,batch5,i
or67,4,The blue rays.,OpenGVLab/InternVL3-8B-hf,480,batch5,i
or68,4,the man,OpenGVLab/InternVL3-8B-hf,480,batch5,i
or69,3,the crowd,OpenGVLab/InternVL3-8B-hf,480,batch5,i
or70,3,the man's right hand,OpenGVLab/InternVL3-8B-hf,480,batch5,i
or71,4,the open books,OpenGVLab/InternVL3-8B-hf,480,batch5,i
or72,4,the soccer ball,OpenGVLab/InternVL3-8B-hf,480,batch5,i
or73,4,the stool,OpenGVLab/InternVL3-8B-hf,480,batch5,i
or74,4,the red bars,OpenGVLab/InternVL3-8B-hf,480,batch5,i
or75,4,the lime,OpenGVLab/InternVL3-8B-hf,480,batch5,i
