name,natural,choice,model,seed,batch,condition
or1,4,the woman,Qwen/Qwen2.5-VL-7B-Instruct,103,batch1,r
or2,4,The skyscrapers,Qwen/Qwen2.5-VL-7B-Instruct,103,batch1,r
or3,4,tray,Qwen/Qwen2.5-VL-7B-Instruct,103,batch1,r
or4,3,The man,Qwen/Qwen2.5-VL-7B-Instruct,103,batch1,r
or5,3,Suitcase,Qwen/Qwen2.5-VL-7B-Instruct,103,batch1,r
or6,3,the barbed wire,Qwen/Qwen2.5-VL-7B-Instruct,103,batch1,r
or7,4,The red rays are in the foreground.,Qwen/Qwen2.5-VL-7B-Instruct,103,batch1,r
or8,3,The man,Qwen/Qwen2.5-VL-7B-Instruct,103,batch1,r
or9,3,The DJ behind the glass,Qwen/Qwen2.5-VL-7B-Instruct,103,batch1,r
or10,3,the man's right hand,Qwen/Qwen2.5-VL-7B-Instruct,103,batch1,r
or11,3,The open books.,Qwen/Qwen2.5-VL-7B-Instruct,103,batch1,r
or12,3,soccer ball,Qwen/Qwen2.5-VL-7B-Instruct,103,batch1,r
or13,3,The stool,Qwen/Qwen2.5-VL-7B-Instruct,103,batch1,r
or14,4,cannot say,Qwen/Qwen2.5-VL-7B-Instruct,103,batch1,r
or15,3,the woman in jeans,Qwen/Qwen2.5-VL-7B-Instruct,103,batch1,r
cs16,2,The heart-shaped tree.,Qwen/Qwen2.5-VL-7B-Instruct,103,batch1,r
cs17,3,everything equal,Qwen/Qwen2.5-VL-7B-Instruct,103,batch1,r
cs18,2,elephant,Qwen/Qwen2.5-VL-7B-Instruct,103,batch1,r
cs19,4,The man in a wheelchair.,Qwen/Qwen2.5-VL-7B-Instruct,103,batch1,r
cs20,1,The man.,Qwen/Qwen2.5-VL-7B-Instruct,103,batch1,r
cs21,3,the kid in a yellow shirt,Qwen/Qwen2.5-VL-7B-Instruct,103,batch1,r
cs22,3,sun,Qwen/Qwen2.5-VL-7B-Instruct,103,batch1,r
cs23,2,door,Qwen/Qwen2.5-VL-7B-Instruct,103,batch1,r
cs24,2,only say the phone,Qwen/Qwen2.5-VL-7B-Instruct,103,batch1,r
cs25,2,The light.,Qwen/Qwen2.5-VL-7B-Instruct,103,batch1,r
cs26,3,air pump,Qwen/Qwen2.5-VL-7B-Instruct,103,batch1,r
cs27,1,the woman's left foot,Qwen/Qwen2.5-VL-7B-Instruct,103,batch1,r
cs28,1,The surgeons.,Qwen/Qwen2.5-VL-7B-Instruct,103,batch1,r
cs29,2,man with a beard,Qwen/Qwen2.5-VL-7B-Instruct,103,batch1,r
cs30,4,flasks,Qwen/Qwen2.5-VL-7B-Instruct,103,batch1,r
de31,2,dog collar,Qwen/Qwen2.5-VL-7B-Instruct,103,batch1,r
de32,3,the person,Qwen/Qwen2.5-VL-7B-Instruct,103,batch1,r
de33,2,torch,Qwen/Qwen2.5-VL-7B-Instruct,103,batch1,r
de34,4,hands,Qwen/Qwen2.5-VL-7B-Instruct,103,batch1,r
de35,4,magnifying glass,Qwen/Qwen2.5-VL-7B-Instruct,103,batch1,r
de36,1,The cigarette box.,Qwen/Qwen2.5-VL-7B-Instruct,103,batch1,r
de37,1,The sun,Qwen/Qwen2.5-VL-7B-Instruct,103,batch1,r
de38,3,the chart,Qwen/Qwen2.5-VL-7B-Instruct,103,batch1,r
de39,1,The mug,Qwen/Qwen2.5-VL-7B-Instruct,103,batch1,r
de40,4,The little girl.,Qwen/Qwen2.5-VL-7B-Instruct,103,batch1,r
de41,1,The fingerprint scanner,Qwen/Qwen2.5-VL-7B-Instruct,103,batch1,r
de42,2,The big window.,Qwen/Qwen2.5-VL-7B-Instruct,103,batch1,r
de43,2,puzzle pieces,Qwen/Qwen2.5-VL-7B-Instruct,103,batch1,r
de44,2,The magnifying glass.,Qwen/Qwen2.5-VL-7B-Instruct,103,batch1,r
de45,3,The VR goggle.,Qwen/Qwen2.5-VL-7B-Instruct,103,batch1,r
fr46,3,scale,Qwen/Qwen2.5-VL-7B-Instruct,103,batch1,r
fr47,1,The bench.,Qwen/Qwen2.5-VL-7B-Instruct,103,batch1,r
fr48,3,the book,Qwen/Qwen2.5-VL-7B-Instruct,103,batch1,r
fr49,3,The electrode cap.,Qwen/Qwen2.5-VL-7B-Instruct,103,batch1,r
fr50,2,animal,Qwen/Qwen2.5-VL-7B-Instruct,103,batch1,r
fr51,2,The soldiers facing forward,Qwen/Qwen2.5-VL-7B-Instruct,103,batch1,r
fr52,2,Land,Qwen/Qwen2.5-VL-7B-Instruct,103,batch1,r
fr53,4,big car,Qwen/Qwen2.5-VL-7B-Instruct,103,batch1,r
fr54,3,The piggy bank,Qwen/Qwen2.5-VL-7B-Instruct,103,batch1,r
fr55,3,faucet,Qwen/Qwen2.5-VL-7B-Instruct,103,batch1,r
fr56,4,quill pen,Qwen/Qwen2.5-VL-7B-Instruct,103,batch1,r
fr57,3,The pig broken in half.,Qwen/Qwen2.5-VL-7B-Instruct,103,batch1,r
fr58,2,the hammer,Qwen/Qwen2.5-VL-7B-Instruct,103,batch1,r
fr59,1,The woman with a notepad.,Qwen/Qwen2.5-VL-7B-Instruct,103,batch1,r
fr60,3,The orchestra,Qwen/Qwen2.5-VL-7B-Instruct,103,batch1,r
or1,4,The woman,Qwen/Qwen2.5-VL-7B-Instruct,104,batch1,r
or2,1,The pointy trees.,Qwen/Qwen2.5-VL-7B-Instruct,104,batch1,r
or3,2,Tray,Qwen/Qwen2.5-VL-7B-Instruct,104,batch1,r
or4,3,The man.,Qwen/Qwen2.5-VL-7B-Instruct,104,batch1,r
or6,4,the barbed wire,Qwen/Qwen2.5-VL-7B-Instruct,104,batch1,r
or7,3,The red rays are at the most front of this image.,Qwen/Qwen2.5-VL-7B-Instruct,104,batch1,r
or8,4,The man,Qwen/Qwen2.5-VL-7B-Instruct,104,batch1,r
or9,4,The DJ behind the glass,Qwen/Qwen2.5-VL-7B-Instruct,104,batch1,r
or10,4,The woman's left hand.,Qwen/Qwen2.5-VL-7B-Instruct,104,batch1,r
or11,4,The open books,Qwen/Qwen2.5-VL-7B-Instruct,104,batch1,r
or12,3,soccer ball,Qwen/Qwen2.5-VL-7B-Instruct,104,batch1,r
or13,3,the stool,Qwen/Qwen2.5-VL-7B-Instruct,104,batch1,r
or14,4,Cannot say,Qwen/Qwen2.5-VL-7B-Instruct,104,batch1,r
or15,1,The woman in jeans,Qwen/Qwen2.5-VL-7B-Instruct,104,batch1,r
cs17,4,brain,Qwen/Qwen2.5-VL-7B-Instruct,104,batch1,r
cs18,2,elephant,Qwen/Qwen2.5-VL-7B-Instruct,104,batch1,r
cs19,2,The laptops,Qwen/Qwen2.5-VL-7B-Instruct,104,batch1,r
cs20,1,The man,Qwen/Qwen2.5-VL-7B-Instruct,104,batch1,r
cs21,3,the screen,Qwen/Qwen2.5-VL-7B-Instruct,104,batch1,r
cs22,3,sun,Qwen/Qwen2.5-VL-7B-Instruct,104,batch1,r
cs23,3,Staircase,Qwen/Qwen2.5-VL-7B-Instruct,104,batch1,r
cs24,2,flags,Qwen/Qwen2.5-VL-7B-Instruct,104,batch1,r
cs25,2,woman holding a note,Qwen/Qwen2.5-VL-7B-Instruct,104,batch1,r
cs26,3,air pump,Qwen/Qwen2.5-VL-7B-Instruct,104,batch1,r
cs27,1,the woman's left foot,Qwen/Qwen2.5-VL-7B-Instruct,104,batch1,r
cs28,1,The pig.,Qwen/Qwen2.5-VL-7B-Instruct,104,batch1,r
cs29,4,cannot say,Qwen/Qwen2.5-VL-7B-Instruct,104,batch1,r
cs30,3,flasks,Qwen/Qwen2.5-VL-7B-Instruct,104,batch1,r
de31,2,The dog collar.,Qwen/Qwen2.5-VL-7B-Instruct,104,batch1,r
de32,2,the person,Qwen/Qwen2.5-VL-7B-Instruct,104,batch1,r
de33,1,torch,Qwen/Qwen2.5-VL-7B-Instruct,104,batch1,r
de34,2,hands,Qwen/Qwen2.5-VL-7B-Instruct,104,batch1,r
de35,2,The magnifying glass.,Qwen/Qwen2.5-VL-7B-Instruct,104,batch1,r
de36,1,the cigarette box,Qwen/Qwen2.5-VL-7B-Instruct,104,batch1,r
de37,1,The people.,Qwen/Qwen2.5-VL-7B-Instruct,104,batch1,r
de38,3,chart,Qwen/Qwen2.5-VL-7B-Instruct,104,batch1,r
de39,2,The mug.,Qwen/Qwen2.5-VL-7B-Instruct,104,batch1,r
de40,2,little girl,Qwen/Qwen2.5-VL-7B-Instruct,104,batch1,r
de41,1,The fingerprint scanner,Qwen/Qwen2.5-VL-7B-Instruct,104,batch1,r
de42,1,The big window,Qwen/Qwen2.5-VL-7B-Instruct,104,batch1,r
de43,2,puzzle pieces,Qwen/Qwen2.5-VL-7B-Instruct,104,batch1,r
de44,1,The magnifying glass.,Qwen/Qwen2.5-VL-7B-Instruct,104,batch1,r
de45,2,The VR goggle.,Qwen/Qwen2.5-VL-7B-Instruct,104,batch1,r
fr46,2,scale,Qwen/Qwen2.5-VL-7B-Instruct,104,batch1,r
fr47,1,The bench,Qwen/Qwen2.5-VL-7B-Instruct,104,batch1,r
fr48,3,the towel,Qwen/Qwen2.5-VL-7B-Instruct,104,batch1,r
fr49,3,the electrode cap,Qwen/Qwen2.5-VL-7B-Instruct,104,batch1,r
fr50,3,animal,Qwen/Qwen2.5-VL-7B-Instruct,104,batch1,r
fr51,2,The soldiers facing forward.,Qwen/Qwen2.5-VL-7B-Instruct,104,batch1,r
fr52,4,The land,Qwen/Qwen2.5-VL-7B-Instruct,104,batch1,r
fr53,2,the big car,Qwen/Qwen2.5-VL-7B-Instruct,104,batch1,r
fr54,3,The piggy bank,Qwen/Qwen2.5-VL-7B-Instruct,104,batch1,r
fr55,3,faucet,Qwen/Qwen2.5-VL-7B-Instruct,104,batch1,r
fr56,2,The quill pen.,Qwen/Qwen2.5-VL-7B-Instruct,104,batch1,r
fr57,3,pig broken in half,Qwen/Qwen2.5-VL-7B-Instruct,104,batch1,r
fr58,4,people,Qwen/Qwen2.5-VL-7B-Instruct,104,batch1,r
fr59,2,The woman with a notepad.,Qwen/Qwen2.5-VL-7B-Instruct,104,batch1,r
fr60,3,The woman on stage.,Qwen/Qwen2.5-VL-7B-Instruct,104,batch1,r
or1,4,the woman,Qwen/Qwen2.5-VL-7B-Instruct,126,batch1,r
or2,3,The pointy trees.,Qwen/Qwen2.5-VL-7B-Instruct,126,batch1,r
or3,3,tray,Qwen/Qwen2.5-VL-7B-Instruct,126,batch1,r
or4,3,The man,Qwen/Qwen2.5-VL-7B-Instruct,126,batch1,r
or5,4,The suitcase,Qwen/Qwen2.5-VL-7B-Instruct,126,batch1,r
or6,3,The barbed wire,Qwen/Qwen2.5-VL-7B-Instruct,126,batch1,r
or7,3,The red rays are at the most front of the image.,Qwen/Qwen2.5-VL-7B-Instruct,126,batch1,r
or8,3,The man.,Qwen/Qwen2.5-VL-7B-Instruct,126,batch1,r
or9,4,DJ behind the glass,Qwen/Qwen2.5-VL-7B-Instruct,126,batch1,r
or10,4,the man's right hand,Qwen/Qwen2.5-VL-7B-Instruct,126,batch1,r
or11,3,The open books.,Qwen/Qwen2.5-VL-7B-Instruct,126,batch1,r
or12,3,soccer ball,Qwen/Qwen2.5-VL-7B-Instruct,126,batch1,r
or13,3,stool,Qwen/Qwen2.5-VL-7B-Instruct,126,batch1,r
or14,3,cannot say,Qwen/Qwen2.5-VL-7B-Instruct,126,batch1,r
or15,1,The woman in jeans,Qwen/Qwen2.5-VL-7B-Instruct,126,batch1,r
cs16,3,The kid in a striped shirt.,Qwen/Qwen2.5-VL-7B-Instruct,126,batch1,r
cs17,3,Everything equal.,Qwen/Qwen2.5-VL-7B-Instruct,126,batch1,r
cs18,1,the elephant,Qwen/Qwen2.5-VL-7B-Instruct,126,batch1,r
cs19,3,The man in a wheelchair,Qwen/Qwen2.5-VL-7B-Instruct,126,batch1,r
cs20,1,The man.,Qwen/Qwen2.5-VL-7B-Instruct,126,batch1,r
cs21,3,The screen,Qwen/Qwen2.5-VL-7B-Instruct,126,batch1,r
cs22,3,everything equal,Qwen/Qwen2.5-VL-7B-Instruct,126,batch1,r
cs23,1,The door.,Qwen/Qwen2.5-VL-7B-Instruct,126,batch1,r
cs24,3,cannot say,Qwen/Qwen2.5-VL-7B-Instruct,126,batch1,r
cs25,3,The light.,Qwen/Qwen2.5-VL-7B-Instruct,126,batch1,r
cs26,3,the bike,Qwen/Qwen2.5-VL-7B-Instruct,126,batch1,r
cs27,2,the woman's left foot,Qwen/Qwen2.5-VL-7B-Instruct,126,batch1,r
cs28,2,The pig,Qwen/Qwen2.5-VL-7B-Instruct,126,batch1,r
cs29,2,man with a beard,Qwen/Qwen2.5-VL-7B-Instruct,126,batch1,r
cs30,2,flasks,Qwen/Qwen2.5-VL-7B-Instruct,126,batch1,r
de31,4,dog collar,Qwen/Qwen2.5-VL-7B-Instruct,126,batch1,r
de32,3,the front side of pedestal,Qwen/Qwen2.5-VL-7B-Instruct,126,batch1,r
de33,3,The torch.,Qwen/Qwen2.5-VL-7B-Instruct,126,batch1,r
de34,2,The mug.,Qwen/Qwen2.5-VL-7B-Instruct,126,batch1,r
de35,1,The magnifying glass.,Qwen/Qwen2.5-VL-7B-Instruct,126,batch1,r
de36,2,cigarette box,Qwen/Qwen2.5-VL-7B-Instruct,126,batch1,r
de37,1,people,Qwen/Qwen2.5-VL-7B-Instruct,126,batch1,r
de38,1,bike,Qwen/Qwen2.5-VL-7B-Instruct,126,batch1,r
de39,1,The mug.,Qwen/Qwen2.5-VL-7B-Instruct,126,batch1,r
de40,2,The little girl.,Qwen/Qwen2.5-VL-7B-Instruct,126,batch1,r
de41,1,The fingerprint scanner,Qwen/Qwen2.5-VL-7B-Instruct,126,batch1,r
de42,2,The big window.,Qwen/Qwen2.5-VL-7B-Instruct,126,batch1,r
de43,2,puzzle pieces,Qwen/Qwen2.5-VL-7B-Instruct,126,batch1,r
de44,2,The magnifying glass.,Qwen/Qwen2.5-VL-7B-Instruct,126,batch1,r
de45,2,VR goggle,Qwen/Qwen2.5-VL-7B-Instruct,126,batch1,r
fr46,2,blackboard,Qwen/Qwen2.5-VL-7B-Instruct,126,batch1,r
fr47,1,The couple.,Qwen/Qwen2.5-VL-7B-Instruct,126,batch1,r
fr48,2,The book.,Qwen/Qwen2.5-VL-7B-Instruct,126,batch1,r
fr49,1,The electrode cap.,Qwen/Qwen2.5-VL-7B-Instruct,126,batch1,r
fr50,2,animal,Qwen/Qwen2.5-VL-7B-Instruct,126,batch1,r
fr51,2,soldiers facing forward,Qwen/Qwen2.5-VL-7B-Instruct,126,batch1,r
fr52,2,The water.,Qwen/Qwen2.5-VL-7B-Instruct,126,batch1,r
fr53,1,The big car.,Qwen/Qwen2.5-VL-7B-Instruct,126,batch1,r
fr54,2,piggy bank,Qwen/Qwen2.5-VL-7B-Instruct,126,batch1,r
fr55,3,faucet,Qwen/Qwen2.5-VL-7B-Instruct,126,batch1,r
fr56,3,The quill pen.,Qwen/Qwen2.5-VL-7B-Instruct,126,batch1,r
fr57,2,The pig broken in half.,Qwen/Qwen2.5-VL-7B-Instruct,126,batch1,r
fr58,2,the people,Qwen/Qwen2.5-VL-7B-Instruct,126,batch1,r
fr59,3,The woman with a notepad.,Qwen/Qwen2.5-VL-7B-Instruct,126,batch1,r
fr60,2,The woman on stage.,Qwen/Qwen2.5-VL-7B-Instruct,126,batch1,r
or1,3,the woman,Qwen/Qwen2.5-VL-7B-Instruct,138,batch1,r
or2,4,The solar panel.,Qwen/Qwen2.5-VL-7B-Instruct,138,batch1,r
or3,2,The tray,Qwen/Qwen2.5-VL-7B-Instruct,138,batch1,r
or4,3,The man.,Qwen/Qwen2.5-VL-7B-Instruct,138,batch1,r
or5,1,suitcase,Qwen/Qwen2.5-VL-7B-Instruct,138,batch1,r
or6,4,The barbed wire.,Qwen/Qwen2.5-VL-7B-Instruct,138,batch1,r
or7,4,The red rays are at the most front of this image.,Qwen/Qwen2.5-VL-7B-Instruct,138,batch1,r
or8,1,The man.,Qwen/Qwen2.5-VL-7B-Instruct,138,batch1,r
or9,3,the crowd,Qwen/Qwen2.5-VL-7B-Instruct,138,batch1,r
or10,3,the man's right hand,Qwen/Qwen2.5-VL-7B-Instruct,138,batch1,r
or11,3,The open books.,Qwen/Qwen2.5-VL-7B-Instruct,138,batch1,r
or12,4,soccer ball,Qwen/Qwen2.5-VL-7B-Instruct,138,batch1,r
or13,3,stool,Qwen/Qwen2.5-VL-7B-Instruct,138,batch1,r
or14,3,cannot say,Qwen/Qwen2.5-VL-7B-Instruct,138,batch1,r
or15,2,The woman with the headband,Qwen/Qwen2.5-VL-7B-Instruct,138,batch1,r
cs16,3,The heart-shaped tree.,Qwen/Qwen2.5-VL-7B-Instruct,138,batch1,r
cs17,3,The brain.,Qwen/Qwen2.5-VL-7B-Instruct,138,batch1,r
cs18,3,The elephant.,Qwen/Qwen2.5-VL-7B-Instruct,138,batch1,r
cs19,3,The man in a wheelchair.,Qwen/Qwen2.5-VL-7B-Instruct,138,batch1,r
cs20,2,The man.,Qwen/Qwen2.5-VL-7B-Instruct,138,batch1,r
cs21,3,kid in a yellow shirt,Qwen/Qwen2.5-VL-7B-Instruct,138,batch1,r
cs22,3,sun,Qwen/Qwen2.5-VL-7B-Instruct,138,batch1,r
cs23,4,door,Qwen/Qwen2.5-VL-7B-Instruct,138,batch1,r
cs24,2,The phone,Qwen/Qwen2.5-VL-7B-Instruct,138,batch1,r
cs25,1,The big circle.,Qwen/Qwen2.5-VL-7B-Instruct,138,batch1,r
cs26,3,the air pump,Qwen/Qwen2.5-VL-7B-Instruct,138,batch1,r
cs27,2,the woman's left foot,Qwen/Qwen2.5-VL-7B-Instruct,138,batch1,r
cs28,1,The surgeons,Qwen/Qwen2.5-VL-7B-Instruct,138,batch1,r
cs29,4,cannot say,Qwen/Qwen2.5-VL-7B-Instruct,138,batch1,r
cs30,3,flasks,Qwen/Qwen2.5-VL-7B-Instruct,138,batch1,r
de31,3,The dog collar,Qwen/Qwen2.5-VL-7B-Instruct,138,batch1,r
de32,1,person,Qwen/Qwen2.5-VL-7B-Instruct,138,batch1,r
de33,1,The torch.,Qwen/Qwen2.5-VL-7B-Instruct,138,batch1,r
de34,1,mug,Qwen/Qwen2.5-VL-7B-Instruct,138,batch1,r
de35,1,magnifying glass,Qwen/Qwen2.5-VL-7B-Instruct,138,batch1,r
de36,1,The cigarette box.,Qwen/Qwen2.5-VL-7B-Instruct,138,batch1,r
de37,1,people,Qwen/Qwen2.5-VL-7B-Instruct,138,batch1,r
de38,2,bike,Qwen/Qwen2.5-VL-7B-Instruct,138,batch1,r
de39,2,The mug.,Qwen/Qwen2.5-VL-7B-Instruct,138,batch1,r
de40,2,little girl,Qwen/Qwen2.5-VL-7B-Instruct,138,batch1,r
de41,1,The fingerprint scanner.,Qwen/Qwen2.5-VL-7B-Instruct,138,batch1,r
de42,2,The big window,Qwen/Qwen2.5-VL-7B-Instruct,138,batch1,r
de43,2,puzzle pieces,Qwen/Qwen2.5-VL-7B-Instruct,138,batch1,r
de44,2,The magnifying glass.,Qwen/Qwen2.5-VL-7B-Instruct,138,batch1,r
de45,3,The VR goggle,Qwen/Qwen2.5-VL-7B-Instruct,138,batch1,r
fr46,2,the door on the left,Qwen/Qwen2.5-VL-7B-Instruct,138,batch1,r
fr47,1,The couple,Qwen/Qwen2.5-VL-7B-Instruct,138,batch1,r
fr48,2,The book.,Qwen/Qwen2.5-VL-7B-Instruct,138,batch1,r
fr49,4,The electrode cap.,Qwen/Qwen2.5-VL-7B-Instruct,138,batch1,r
fr50,3,the animal,Qwen/Qwen2.5-VL-7B-Instruct,138,batch1,r
fr51,3,The soldiers facing forward.,Qwen/Qwen2.5-VL-7B-Instruct,138,batch1,r
fr52,3,cannot say,Qwen/Qwen2.5-VL-7B-Instruct,138,batch1,r
fr53,2,The big car,Qwen/Qwen2.5-VL-7B-Instruct,138,batch1,r
fr54,2,The piggy bank.,Qwen/Qwen2.5-VL-7B-Instruct,138,batch1,r
fr55,3,faucet,Qwen/Qwen2.5-VL-7B-Instruct,138,batch1,r
fr56,4,The quill pen.,Qwen/Qwen2.5-VL-7B-Instruct,138,batch1,r
fr57,4,The pig broken in half.,Qwen/Qwen2.5-VL-7B-Instruct,138,batch1,r
fr58,1,The hammer.,Qwen/Qwen2.5-VL-7B-Instruct,138,batch1,r
fr59,1,The laughing man.,Qwen/Qwen2.5-VL-7B-Instruct,138,batch1,r
fr60,2,The orchestra,Qwen/Qwen2.5-VL-7B-Instruct,138,batch1,r
or1,2,The woman.,Qwen/Qwen2.5-VL-7B-Instruct,168,batch1,r
or2,4,The pointy trees.,Qwen/Qwen2.5-VL-7B-Instruct,168,batch1,r
or3,3,The tray.,Qwen/Qwen2.5-VL-7B-Instruct,168,batch1,r
or4,3,The man,Qwen/Qwen2.5-VL-7B-Instruct,168,batch1,r
or5,2,Suitcase,Qwen/Qwen2.5-VL-7B-Instruct,168,batch1,r
or6,4,The barbed wire.,Qwen/Qwen2.5-VL-7B-Instruct,168,batch1,r
or7,4,Only say the red rays,Qwen/Qwen2.5-VL-7B-Instruct,168,batch1,r
or8,4,The man.,Qwen/Qwen2.5-VL-7B-Instruct,168,batch1,r
or9,4,DJ behind the glass,Qwen/Qwen2.5-VL-7B-Instruct,168,batch1,r
or11,2,The open books.,Qwen/Qwen2.5-VL-7B-Instruct,168,batch1,r
or12,2,Car,Qwen/Qwen2.5-VL-7B-Instruct,168,batch1,r
or13,3,the stool,Qwen/Qwen2.5-VL-7B-Instruct,168,batch1,r
or14,3,red bars,Qwen/Qwen2.5-VL-7B-Instruct,168,batch1,r
or15,1,The woman with the headband.,Qwen/Qwen2.5-VL-7B-Instruct,168,batch1,r
cs16,2,The heart-shaped tree.,Qwen/Qwen2.5-VL-7B-Instruct,168,batch1,r
cs17,3,brain,Qwen/Qwen2.5-VL-7B-Instruct,168,batch1,r
cs18,3,elephant,Qwen/Qwen2.5-VL-7B-Instruct,168,batch1,r
cs19,4,The man in a wheelchair.,Qwen/Qwen2.5-VL-7B-Instruct,168,batch1,r
cs20,2,man,Qwen/Qwen2.5-VL-7B-Instruct,168,batch1,r
cs21,4,kid in a yellow shirt,Qwen/Qwen2.5-VL-7B-Instruct,168,batch1,r
cs22,4,sun,Qwen/Qwen2.5-VL-7B-Instruct,168,batch1,r
cs23,2,staircase,Qwen/Qwen2.5-VL-7B-Instruct,168,batch1,r
cs24,1,phone,Qwen/Qwen2.5-VL-7B-Instruct,168,batch1,r
cs25,1,The woman holding a note.,Qwen/Qwen2.5-VL-7B-Instruct,168,batch1,r
cs26,3,bike,Qwen/Qwen2.5-VL-7B-Instruct,168,batch1,r
cs27,1,the woman's left foot,Qwen/Qwen2.5-VL-7B-Instruct,168,batch1,r
cs28,2,The liver.,Qwen/Qwen2.5-VL-7B-Instruct,168,batch1,r
cs29,2,Cannot say,Qwen/Qwen2.5-VL-7B-Instruct,168,batch1,r
cs30,3,cannot say,Qwen/Qwen2.5-VL-7B-Instruct,168,batch1,r
de31,4,The dog collar.,Qwen/Qwen2.5-VL-7B-Instruct,168,batch1,r
de32,3,The person,Qwen/Qwen2.5-VL-7B-Instruct,168,batch1,r
de33,3,torch,Qwen/Qwen2.5-VL-7B-Instruct,168,batch1,r
de34,3,hands,Qwen/Qwen2.5-VL-7B-Instruct,168,batch1,r
de35,2,magnifying glass,Qwen/Qwen2.5-VL-7B-Instruct,168,batch1,r
de36,2,The cigarette box,Qwen/Qwen2.5-VL-7B-Instruct,168,batch1,r
de37,2,The people.,Qwen/Qwen2.5-VL-7B-Instruct,168,batch1,r
de38,1,bike,Qwen/Qwen2.5-VL-7B-Instruct,168,batch1,r
de39,2,The mug.,Qwen/Qwen2.5-VL-7B-Instruct,168,batch1,r
de40,4,little girl,Qwen/Qwen2.5-VL-7B-Instruct,168,batch1,r
de41,1,The fingerprint scanner.,Qwen/Qwen2.5-VL-7B-Instruct,168,batch1,r
de42,2,The big window,Qwen/Qwen2.5-VL-7B-Instruct,168,batch1,r
de43,1,puzzle pieces,Qwen/Qwen2.5-VL-7B-Instruct,168,batch1,r
de44,2,The book with a brick on it.,Qwen/Qwen2.5-VL-7B-Instruct,168,batch1,r
de45,3,VR goggle,Qwen/Qwen2.5-VL-7B-Instruct,168,batch1,r
fr46,3,scale,Qwen/Qwen2.5-VL-7B-Instruct,168,batch1,r
fr47,1,bench,Qwen/Qwen2.5-VL-7B-Instruct,168,batch1,r
fr48,2,The book.,Qwen/Qwen2.5-VL-7B-Instruct,168,batch1,r
fr49,3,The electrode cap.,Qwen/Qwen2.5-VL-7B-Instruct,168,batch1,r
fr50,3,animal,Qwen/Qwen2.5-VL-7B-Instruct,168,batch1,r
fr51,2,The soldiers facing forward.,Qwen/Qwen2.5-VL-7B-Instruct,168,batch1,r
fr52,2,cannot say,Qwen/Qwen2.5-VL-7B-Instruct,168,batch1,r
fr53,2,The big car,Qwen/Qwen2.5-VL-7B-Instruct,168,batch1,r
fr54,3,piggy bank,Qwen/Qwen2.5-VL-7B-Instruct,168,batch1,r
fr55,3,faucet,Qwen/Qwen2.5-VL-7B-Instruct,168,batch1,r
fr56,4,The quill pen.,Qwen/Qwen2.5-VL-7B-Instruct,168,batch1,r
fr57,1,The pig broken in half.,Qwen/Qwen2.5-VL-7B-Instruct,168,batch1,r
fr58,4,The hammer.,Qwen/Qwen2.5-VL-7B-Instruct,168,batch1,r
fr59,3,Laughing man,Qwen/Qwen2.5-VL-7B-Instruct,168,batch1,r
fr60,2,The orchestra.,Qwen/Qwen2.5-VL-7B-Instruct,168,batch1,r
or1,2,The woman,Qwen/Qwen2.5-VL-7B-Instruct,181,batch1,r
or2,2,The pointy trees.,Qwen/Qwen2.5-VL-7B-Instruct,181,batch1,r
or3,1,tray,Qwen/Qwen2.5-VL-7B-Instruct,181,batch1,r
or4,3,The man,Qwen/Qwen2.5-VL-7B-Instruct,181,batch1,r
or5,4,the suitcase,Qwen/Qwen2.5-VL-7B-Instruct,181,batch1,r
or6,4,The barbed wire.,Qwen/Qwen2.5-VL-7B-Instruct,181,batch1,r
or7,3,The red rays are at the most front of the image.,Qwen/Qwen2.5-VL-7B-Instruct,181,batch1,r
or8,3,The man,Qwen/Qwen2.5-VL-7B-Instruct,181,batch1,r
or9,3,DJ behind the glass,Qwen/Qwen2.5-VL-7B-Instruct,181,batch1,r
or10,4,the woman's left hand,Qwen/Qwen2.5-VL-7B-Instruct,181,batch1,r
or11,3,The open books,Qwen/Qwen2.5-VL-7B-Instruct,181,batch1,r
or12,3,Car,Qwen/Qwen2.5-VL-7B-Instruct,181,batch1,r
or13,2,the green cloth,Qwen/Qwen2.5-VL-7B-Instruct,181,batch1,r
or14,3,red bars,Qwen/Qwen2.5-VL-7B-Instruct,181,batch1,r
or15,2,The lime,Qwen/Qwen2.5-VL-7B-Instruct,181,batch1,r
cs16,1,the heart-shaped tree,Qwen/Qwen2.5-VL-7B-Instruct,181,batch1,r
cs17,4,everything equal,Qwen/Qwen2.5-VL-7B-Instruct,181,batch1,r
cs18,4,the elephant,Qwen/Qwen2.5-VL-7B-Instruct,181,batch1,r
cs19,3,laptops,Qwen/Qwen2.5-VL-7B-Instruct,181,batch1,r
cs20,1,The man,Qwen/Qwen2.5-VL-7B-Instruct,181,batch1,r
cs21,2,The screen,Qwen/Qwen2.5-VL-7B-Instruct,181,batch1,r
cs22,3,sun,Qwen/Qwen2.5-VL-7B-Instruct,181,batch1,r
cs23,2,door,Qwen/Qwen2.5-VL-7B-Instruct,181,batch1,r
cs24,3,Phone,Qwen/Qwen2.5-VL-7B-Instruct,181,batch1,r
cs25,3,The light.,Qwen/Qwen2.5-VL-7B-Instruct,181,batch1,r
cs26,3,air pump,Qwen/Qwen2.5-VL-7B-Instruct,181,batch1,r
cs27,1,the woman's left foot,Qwen/Qwen2.5-VL-7B-Instruct,181,batch1,r
cs28,3,The pig,Qwen/Qwen2.5-VL-7B-Instruct,181,batch1,r
cs29,2,cannot say,Qwen/Qwen2.5-VL-7B-Instruct,181,batch1,r
cs30,2,cannot say,Qwen/Qwen2.5-VL-7B-Instruct,181,batch1,r
de31,3,Dog collar,Qwen/Qwen2.5-VL-7B-Instruct,181,batch1,r
de32,3,The front side of the pedestal,Qwen/Qwen2.5-VL-7B-Instruct,181,batch1,r
de33,1,The torch.,Qwen/Qwen2.5-VL-7B-Instruct,181,batch1,r
de34,3,hands,Qwen/Qwen2.5-VL-7B-Instruct,181,batch1,r
de35,3,The magnifying glass.,Qwen/Qwen2.5-VL-7B-Instruct,181,batch1,r
de36,1,cigarette box,Qwen/Qwen2.5-VL-7B-Instruct,181,batch1,r
de37,1,The sun,Qwen/Qwen2.5-VL-7B-Instruct,181,batch1,r
de38,2,bike,Qwen/Qwen2.5-VL-7B-Instruct,181,batch1,r
de39,4,The mug.,Qwen/Qwen2.5-VL-7B-Instruct,181,batch1,r
de40,2,little girl,Qwen/Qwen2.5-VL-7B-Instruct,181,batch1,r
de41,1,The fingerprint scanner.,Qwen/Qwen2.5-VL-7B-Instruct,181,batch1,r
de42,1,The big window.,Qwen/Qwen2.5-VL-7B-Instruct,181,batch1,r
de43,2,puzzle pieces,Qwen/Qwen2.5-VL-7B-Instruct,181,batch1,r
de44,1,Book with a brick on it,Qwen/Qwen2.5-VL-7B-Instruct,181,batch1,r
de45,3,the VR goggle,Qwen/Qwen2.5-VL-7B-Instruct,181,batch1,r
fr46,2,scale,Qwen/Qwen2.5-VL-7B-Instruct,181,batch1,r
fr47,2,the couple,Qwen/Qwen2.5-VL-7B-Instruct,181,batch1,r
fr48,4,the towel,Qwen/Qwen2.5-VL-7B-Instruct,181,batch1,r
fr49,4,The electrode cap.,Qwen/Qwen2.5-VL-7B-Instruct,181,batch1,r
fr50,2,animal,Qwen/Qwen2.5-VL-7B-Instruct,181,batch1,r
fr51,3,The trucks.,Qwen/Qwen2.5-VL-7B-Instruct,181,batch1,r
fr52,1,cannot say,Qwen/Qwen2.5-VL-7B-Instruct,181,batch1,r
fr53,3,The big car,Qwen/Qwen2.5-VL-7B-Instruct,181,batch1,r
fr54,1,The piggy bank,Qwen/Qwen2.5-VL-7B-Instruct,181,batch1,r
fr55,4,faucet,Qwen/Qwen2.5-VL-7B-Instruct,181,batch1,r
fr56,2,The quill pen,Qwen/Qwen2.5-VL-7B-Instruct,181,batch1,r
fr57,3,The pig broken in half.,Qwen/Qwen2.5-VL-7B-Instruct,181,batch1,r
fr58,2,The hammer.,Qwen/Qwen2.5-VL-7B-Instruct,181,batch1,r
fr59,2,The laughing man.,Qwen/Qwen2.5-VL-7B-Instruct,181,batch1,r
fr60,1,The woman on stage.,Qwen/Qwen2.5-VL-7B-Instruct,181,batch1,r
or1,3,The woman.,Qwen/Qwen2.5-VL-7B-Instruct,211,batch1,r
or2,3,The pointy trees,Qwen/Qwen2.5-VL-7B-Instruct,211,batch1,r
or3,2,The tray.,Qwen/Qwen2.5-VL-7B-Instruct,211,batch1,r
or4,3,The man.,Qwen/Qwen2.5-VL-7B-Instruct,211,batch1,r
or5,2,the suitcase,Qwen/Qwen2.5-VL-7B-Instruct,211,batch1,r
or6,4,The barbed wire.,Qwen/Qwen2.5-VL-7B-Instruct,211,batch1,r
or7,3,The red rays are at the most front of the image.,Qwen/Qwen2.5-VL-7B-Instruct,211,batch1,r
or8,3,the man,Qwen/Qwen2.5-VL-7B-Instruct,211,batch1,r
or9,3,The crowd,Qwen/Qwen2.5-VL-7B-Instruct,211,batch1,r
or10,4,the man's right hand,Qwen/Qwen2.5-VL-7B-Instruct,211,batch1,r
or11,3,The open books,Qwen/Qwen2.5-VL-7B-Instruct,211,batch1,r
or12,3,Soccer ball,Qwen/Qwen2.5-VL-7B-Instruct,211,batch1,r
or13,3,The stool.,Qwen/Qwen2.5-VL-7B-Instruct,211,batch1,r
or14,3,red bars,Qwen/Qwen2.5-VL-7B-Instruct,211,batch1,r
or15,2,the woman in jeans,Qwen/Qwen2.5-VL-7B-Instruct,211,batch1,r
cs16,3,The kid in a striped shirt,Qwen/Qwen2.5-VL-7B-Instruct,211,batch1,r
cs17,3,everything equal,Qwen/Qwen2.5-VL-7B-Instruct,211,batch1,r
cs18,2,elephant,Qwen/Qwen2.5-VL-7B-Instruct,211,batch1,r
cs19,2,The man in a wheelchair.,Qwen/Qwen2.5-VL-7B-Instruct,211,batch1,r
cs20,1,man,Qwen/Qwen2.5-VL-7B-Instruct,211,batch1,r
cs21,3,The screen,Qwen/Qwen2.5-VL-7B-Instruct,211,batch1,r
cs22,4,sun,Qwen/Qwen2.5-VL-7B-Instruct,211,batch1,r
cs23,1,door,Qwen/Qwen2.5-VL-7B-Instruct,211,batch1,r
cs24,4,Phone,Qwen/Qwen2.5-VL-7B-Instruct,211,batch1,r
cs25,3,the light,Qwen/Qwen2.5-VL-7B-Instruct,211,batch1,r
cs26,4,air pump,Qwen/Qwen2.5-VL-7B-Instruct,211,batch1,r
cs27,1,the woman's left foot,Qwen/Qwen2.5-VL-7B-Instruct,211,batch1,r
cs28,2,the surgeons,Qwen/Qwen2.5-VL-7B-Instruct,211,batch1,r
cs29,1,cannot say,Qwen/Qwen2.5-VL-7B-Instruct,211,batch1,r
cs30,3,flasks,Qwen/Qwen2.5-VL-7B-Instruct,211,batch1,r
de31,3,The dog collar.,Qwen/Qwen2.5-VL-7B-Instruct,211,batch1,r
de32,2,the person,Qwen/Qwen2.5-VL-7B-Instruct,211,batch1,r
de33,1,The torch.,Qwen/Qwen2.5-VL-7B-Instruct,211,batch1,r
de34,2,The mug.,Qwen/Qwen2.5-VL-7B-Instruct,211,batch1,r
de35,3,magnifying glass,Qwen/Qwen2.5-VL-7B-Instruct,211,batch1,r
de36,2,The cigarette box,Qwen/Qwen2.5-VL-7B-Instruct,211,batch1,r
de37,1,The people.,Qwen/Qwen2.5-VL-7B-Instruct,211,batch1,r
de38,3,bike,Qwen/Qwen2.5-VL-7B-Instruct,211,batch1,r
de39,1,The mug.,Qwen/Qwen2.5-VL-7B-Instruct,211,batch1,r
de40,2,little girl,Qwen/Qwen2.5-VL-7B-Instruct,211,batch1,r
de41,1,Fingerprint scanner,Qwen/Qwen2.5-VL-7B-Instruct,211,batch1,r
de42,1,The bigger globe.,Qwen/Qwen2.5-VL-7B-Instruct,211,batch1,r
de43,3,The puzzle pieces.,Qwen/Qwen2.5-VL-7B-Instruct,211,batch1,r
de44,1,The book with a brick on it,Qwen/Qwen2.5-VL-7B-Instruct,211,batch1,r
de45,4,The VR goggle.,Qwen/Qwen2.5-VL-7B-Instruct,211,batch1,r
fr46,2,scale,Qwen/Qwen2.5-VL-7B-Instruct,211,batch1,r
fr47,1,The bench.,Qwen/Qwen2.5-VL-7B-Instruct,211,batch1,r
fr48,2,the book,Qwen/Qwen2.5-VL-7B-Instruct,211,batch1,r
fr49,3,The electrode cap,Qwen/Qwen2.5-VL-7B-Instruct,211,batch1,r
fr50,2,animal,Qwen/Qwen2.5-VL-7B-Instruct,211,batch1,r
fr51,3,The soldiers facing forward.,Qwen/Qwen2.5-VL-7B-Instruct,211,batch1,r
fr52,4,water,Qwen/Qwen2.5-VL-7B-Instruct,211,batch1,r
fr53,3,The big car,Qwen/Qwen2.5-VL-7B-Instruct,211,batch1,r
fr54,4,The piggy bank,Qwen/Qwen2.5-VL-7B-Instruct,211,batch1,r
fr55,4,faucet,Qwen/Qwen2.5-VL-7B-Instruct,211,batch1,r
fr56,3,The quill pen,Qwen/Qwen2.5-VL-7B-Instruct,211,batch1,r
fr57,1,The pig broken in half.,Qwen/Qwen2.5-VL-7B-Instruct,211,batch1,r
fr58,3,The hammer.,Qwen/Qwen2.5-VL-7B-Instruct,211,batch1,r
fr59,1,The woman with a notepad.,Qwen/Qwen2.5-VL-7B-Instruct,211,batch1,r
fr60,1,the woman on stage,Qwen/Qwen2.5-VL-7B-Instruct,211,batch1,r
or1,4,woman,Qwen/Qwen2.5-VL-7B-Instruct,250,batch1,r
or2,3,solar panel,Qwen/Qwen2.5-VL-7B-Instruct,250,batch1,r
or3,2,tray,Qwen/Qwen2.5-VL-7B-Instruct,250,batch1,r
or4,3,The man,Qwen/Qwen2.5-VL-7B-Instruct,250,batch1,r
or5,3,suitcase,Qwen/Qwen2.5-VL-7B-Instruct,250,batch1,r
or6,4,The barbed wire.,Qwen/Qwen2.5-VL-7B-Instruct,250,batch1,r
or7,4,The red rays.,Qwen/Qwen2.5-VL-7B-Instruct,250,batch1,r
or8,3,The man.,Qwen/Qwen2.5-VL-7B-Instruct,250,batch1,r
or9,3,The DJ behind the glass.,Qwen/Qwen2.5-VL-7B-Instruct,250,batch1,r
or10,4,the woman's left hand,Qwen/Qwen2.5-VL-7B-Instruct,250,batch1,r
or11,4,The open books,Qwen/Qwen2.5-VL-7B-Instruct,250,batch1,r
or12,3,soccer ball,Qwen/Qwen2.5-VL-7B-Instruct,250,batch1,r
or13,4,stool,Qwen/Qwen2.5-VL-7B-Instruct,250,batch1,r
or14,4,cannot say,Qwen/Qwen2.5-VL-7B-Instruct,250,batch1,r
or15,2,The woman in jeans,Qwen/Qwen2.5-VL-7B-Instruct,250,batch1,r
cs16,4,The heart-shaped tree.,Qwen/Qwen2.5-VL-7B-Instruct,250,batch1,r
cs17,4,everything equal,Qwen/Qwen2.5-VL-7B-Instruct,250,batch1,r
cs18,3,elephant,Qwen/Qwen2.5-VL-7B-Instruct,250,batch1,r
cs19,3,The man in a wheelchair.,Qwen/Qwen2.5-VL-7B-Instruct,250,batch1,r
cs20,1,The man.,Qwen/Qwen2.5-VL-7B-Instruct,250,batch1,r
cs21,2,The kid in a yellow shirt,Qwen/Qwen2.5-VL-7B-Instruct,250,batch1,r
cs22,4,sun,Qwen/Qwen2.5-VL-7B-Instruct,250,batch1,r
cs23,3,door,Qwen/Qwen2.5-VL-7B-Instruct,250,batch1,r
cs24,2,The phone.,Qwen/Qwen2.5-VL-7B-Instruct,250,batch1,r
cs25,3,The woman holding a note.,Qwen/Qwen2.5-VL-7B-Instruct,250,batch1,r
cs26,2,the air pump,Qwen/Qwen2.5-VL-7B-Instruct,250,batch1,r
cs27,1,the woman's left foot,Qwen/Qwen2.5-VL-7B-Instruct,250,batch1,r
cs28,3,The surgeons,Qwen/Qwen2.5-VL-7B-Instruct,250,batch1,r
cs29,3,man with a beard,Qwen/Qwen2.5-VL-7B-Instruct,250,batch1,r
cs30,3,flasks,Qwen/Qwen2.5-VL-7B-Instruct,250,batch1,r
de31,1,dog collar,Qwen/Qwen2.5-VL-7B-Instruct,250,batch1,r
de32,2,The person.,Qwen/Qwen2.5-VL-7B-Instruct,250,batch1,r
de33,3,The torch.,Qwen/Qwen2.5-VL-7B-Instruct,250,batch1,r
de34,3,mug,Qwen/Qwen2.5-VL-7B-Instruct,250,batch1,r
de35,3,The magnifying glass.,Qwen/Qwen2.5-VL-7B-Instruct,250,batch1,r
de36,1,The cigarette box.,Qwen/Qwen2.5-VL-7B-Instruct,250,batch1,r
de37,1,people,Qwen/Qwen2.5-VL-7B-Instruct,250,batch1,r
de38,3,bike,Qwen/Qwen2.5-VL-7B-Instruct,250,batch1,r
de39,1,The mug.,Qwen/Qwen2.5-VL-7B-Instruct,250,batch1,r
de40,1,little girl,Qwen/Qwen2.5-VL-7B-Instruct,250,batch1,r
de41,1,The fingerprint scanner.,Qwen/Qwen2.5-VL-7B-Instruct,250,batch1,r
de42,2,The big window.,Qwen/Qwen2.5-VL-7B-Instruct,250,batch1,r
de43,2,The puzzle pieces.,Qwen/Qwen2.5-VL-7B-Instruct,250,batch1,r
de44,3,The magnifying glass,Qwen/Qwen2.5-VL-7B-Instruct,250,batch1,r
de45,4,The VR goggle,Qwen/Qwen2.5-VL-7B-Instruct,250,batch1,r
fr46,2,the blackboard,Qwen/Qwen2.5-VL-7B-Instruct,250,batch1,r
fr47,2,The couple,Qwen/Qwen2.5-VL-7B-Instruct,250,batch1,r
fr48,2,the towel,Qwen/Qwen2.5-VL-7B-Instruct,250,batch1,r
fr49,3,The electrode cap.,Qwen/Qwen2.5-VL-7B-Instruct,250,batch1,r
fr50,4,animal,Qwen/Qwen2.5-VL-7B-Instruct,250,batch1,r
fr51,3,The soldiers facing forward,Qwen/Qwen2.5-VL-7B-Instruct,250,batch1,r
fr52,3,The water.,Qwen/Qwen2.5-VL-7B-Instruct,250,batch1,r
fr53,1,The big car.,Qwen/Qwen2.5-VL-7B-Instruct,250,batch1,r
fr54,2,The piggy bank.,Qwen/Qwen2.5-VL-7B-Instruct,250,batch1,r
fr55,4,faucet,Qwen/Qwen2.5-VL-7B-Instruct,250,batch1,r
fr56,3,The quill pen.,Qwen/Qwen2.5-VL-7B-Instruct,250,batch1,r
fr57,4,The bank.,Qwen/Qwen2.5-VL-7B-Instruct,250,batch1,r
fr58,3,the people,Qwen/Qwen2.5-VL-7B-Instruct,250,batch1,r
fr59,1,The laughing man.,Qwen/Qwen2.5-VL-7B-Instruct,250,batch1,r
fr60,3,The orchestra,Qwen/Qwen2.5-VL-7B-Instruct,250,batch1,r
or1,2,The woman.,Qwen/Qwen2.5-VL-7B-Instruct,289,batch1,r
or2,3,The pointy trees.,Qwen/Qwen2.5-VL-7B-Instruct,289,batch1,r
or3,4,tray,Qwen/Qwen2.5-VL-7B-Instruct,289,batch1,r
or4,4,The man,Qwen/Qwen2.5-VL-7B-Instruct,289,batch1,r
or5,2,The suitcase.,Qwen/Qwen2.5-VL-7B-Instruct,289,batch1,r
or6,3,The barbed wire.,Qwen/Qwen2.5-VL-7B-Instruct,289,batch1,r
or7,4,The red rays,Qwen/Qwen2.5-VL-7B-Instruct,289,batch1,r
or8,3,The man.,Qwen/Qwen2.5-VL-7B-Instruct,289,batch1,r
or9,4,The DJ behind the glass.,Qwen/Qwen2.5-VL-7B-Instruct,289,batch1,r
or10,4,The thermos,Qwen/Qwen2.5-VL-7B-Instruct,289,batch1,r
or11,2,The open books.,Qwen/Qwen2.5-VL-7B-Instruct,289,batch1,r
or12,3,Soccer ball,Qwen/Qwen2.5-VL-7B-Instruct,289,batch1,r
or13,2,Stool,Qwen/Qwen2.5-VL-7B-Instruct,289,batch1,r
or14,3,cannot say,Qwen/Qwen2.5-VL-7B-Instruct,289,batch1,r
or15,3,The woman in jeans,Qwen/Qwen2.5-VL-7B-Instruct,289,batch1,r
cs16,2,The heart-shaped tree.,Qwen/Qwen2.5-VL-7B-Instruct,289,batch1,r
cs17,4,the brain,Qwen/Qwen2.5-VL-7B-Instruct,289,batch1,r
cs18,3,elephant,Qwen/Qwen2.5-VL-7B-Instruct,289,batch1,r
cs19,2,laptops,Qwen/Qwen2.5-VL-7B-Instruct,289,batch1,r
cs20,1,The man,Qwen/Qwen2.5-VL-7B-Instruct,289,batch1,r
cs22,3,the sun,Qwen/Qwen2.5-VL-7B-Instruct,289,batch1,r
cs23,1,door,Qwen/Qwen2.5-VL-7B-Instruct,289,batch1,r
cs24,3,the phone,Qwen/Qwen2.5-VL-7B-Instruct,289,batch1,r
cs25,1,the light,Qwen/Qwen2.5-VL-7B-Instruct,289,batch1,r
cs26,3,The air pump,Qwen/Qwen2.5-VL-7B-Instruct,289,batch1,r
cs27,2,The shoes,Qwen/Qwen2.5-VL-7B-Instruct,289,batch1,r
cs28,4,surgeons,Qwen/Qwen2.5-VL-7B-Instruct,289,batch1,r
cs29,3,cannot say,Qwen/Qwen2.5-VL-7B-Instruct,289,batch1,r
cs30,2,flasks,Qwen/Qwen2.5-VL-7B-Instruct,289,batch1,r
de31,1,dog collar,Qwen/Qwen2.5-VL-7B-Instruct,289,batch1,r
de32,2,The front side of pedestal,Qwen/Qwen2.5-VL-7B-Instruct,289,batch1,r
de33,3,torch,Qwen/Qwen2.5-VL-7B-Instruct,289,batch1,r
de34,2,The mug.,Qwen/Qwen2.5-VL-7B-Instruct,289,batch1,r
de35,2,The magnifying glass.,Qwen/Qwen2.5-VL-7B-Instruct,289,batch1,r
de36,1,the cigarette box,Qwen/Qwen2.5-VL-7B-Instruct,289,batch1,r
de37,2,people,Qwen/Qwen2.5-VL-7B-Instruct,289,batch1,r
de38,1,bike,Qwen/Qwen2.5-VL-7B-Instruct,289,batch1,r
de39,1,The mug.,Qwen/Qwen2.5-VL-7B-Instruct,289,batch1,r
de40,1,The little girl.,Qwen/Qwen2.5-VL-7B-Instruct,289,batch1,r
de41,1,The fingerprint scanner.,Qwen/Qwen2.5-VL-7B-Instruct,289,batch1,r
de42,2,the big window,Qwen/Qwen2.5-VL-7B-Instruct,289,batch1,r
de43,3,puzzle pieces,Qwen/Qwen2.5-VL-7B-Instruct,289,batch1,r
de44,3,The magnifying glass.,Qwen/Qwen2.5-VL-7B-Instruct,289,batch1,r
de45,4,The VR goggle,Qwen/Qwen2.5-VL-7B-Instruct,289,batch1,r
fr46,2,scale,Qwen/Qwen2.5-VL-7B-Instruct,289,batch1,r
fr47,1,The bench.,Qwen/Qwen2.5-VL-7B-Instruct,289,batch1,r
fr48,3,the book,Qwen/Qwen2.5-VL-7B-Instruct,289,batch1,r
fr49,2,The electrode cap.,Qwen/Qwen2.5-VL-7B-Instruct,289,batch1,r
fr50,3,animal,Qwen/Qwen2.5-VL-7B-Instruct,289,batch1,r
fr51,2,The soldiers facing forward.,Qwen/Qwen2.5-VL-7B-Instruct,289,batch1,r
fr52,3,cannot say,Qwen/Qwen2.5-VL-7B-Instruct,289,batch1,r
fr53,4,Big car,Qwen/Qwen2.5-VL-7B-Instruct,289,batch1,r
fr54,2,The piggy bank.,Qwen/Qwen2.5-VL-7B-Instruct,289,batch1,r
fr55,4,faucet,Qwen/Qwen2.5-VL-7B-Instruct,289,batch1,r
fr56,2,The quill pen,Qwen/Qwen2.5-VL-7B-Instruct,289,batch1,r
fr57,3,The pig broken in half.,Qwen/Qwen2.5-VL-7B-Instruct,289,batch1,r
fr58,2,The people,Qwen/Qwen2.5-VL-7B-Instruct,289,batch1,r
fr59,1,The woman with a notepad.,Qwen/Qwen2.5-VL-7B-Instruct,289,batch1,r
fr60,3,the orchestra,Qwen/Qwen2.5-VL-7B-Instruct,289,batch1,r
or1,3,The woman,Qwen/Qwen2.5-VL-7B-Instruct,309,batch1,r
or2,2,The solar panel.,Qwen/Qwen2.5-VL-7B-Instruct,309,batch1,r
or3,1,tray,Qwen/Qwen2.5-VL-7B-Instruct,309,batch1,r
or4,3,The man,Qwen/Qwen2.5-VL-7B-Instruct,309,batch1,r
or5,3,The suitcase,Qwen/Qwen2.5-VL-7B-Instruct,309,batch1,r
or6,4,The men with their hands up,Qwen/Qwen2.5-VL-7B-Instruct,309,batch1,r
or7,3,The red rays.,Qwen/Qwen2.5-VL-7B-Instruct,309,batch1,r
or8,3,The man.,Qwen/Qwen2.5-VL-7B-Instruct,309,batch1,r
or9,3,The crowd,Qwen/Qwen2.5-VL-7B-Instruct,309,batch1,r
or10,4,the woman's left hand,Qwen/Qwen2.5-VL-7B-Instruct,309,batch1,r
or11,4,The open books.,Qwen/Qwen2.5-VL-7B-Instruct,309,batch1,r
or12,3,The kid on the bike.,Qwen/Qwen2.5-VL-7B-Instruct,309,batch1,r
or13,3,stool,Qwen/Qwen2.5-VL-7B-Instruct,309,batch1,r
or14,3,Cannot say.,Qwen/Qwen2.5-VL-7B-Instruct,309,batch1,r
or15,3,The lime.,Qwen/Qwen2.5-VL-7B-Instruct,309,batch1,r
cs16,4,The heart-shaped tree,Qwen/Qwen2.5-VL-7B-Instruct,309,batch1,r
cs17,3,Everything equal.,Qwen/Qwen2.5-VL-7B-Instruct,309,batch1,r
cs18,2,The elephant,Qwen/Qwen2.5-VL-7B-Instruct,309,batch1,r
cs19,2,The man in a wheelchair.,Qwen/Qwen2.5-VL-7B-Instruct,309,batch1,r
cs20,1,The man,Qwen/Qwen2.5-VL-7B-Instruct,309,batch1,r
cs21,3,the kid in a yellow shirt,Qwen/Qwen2.5-VL-7B-Instruct,309,batch1,r
cs22,3,sun,Qwen/Qwen2.5-VL-7B-Instruct,309,batch1,r
cs23,2,The door.,Qwen/Qwen2.5-VL-7B-Instruct,309,batch1,r
cs24,3,The phone.,Qwen/Qwen2.5-VL-7B-Instruct,309,batch1,r
cs25,2,The big circle.,Qwen/Qwen2.5-VL-7B-Instruct,309,batch1,r
cs26,3,The air pump,Qwen/Qwen2.5-VL-7B-Instruct,309,batch1,r
cs27,3,the woman's left foot,Qwen/Qwen2.5-VL-7B-Instruct,309,batch1,r
cs28,4,The surgeons are at the most front of this image.,Qwen/Qwen2.5-VL-7B-Instruct,309,batch1,r
cs29,1,house symbol,Qwen/Qwen2.5-VL-7B-Instruct,309,batch1,r
cs30,3,flasks,Qwen/Qwen2.5-VL-7B-Instruct,309,batch1,r
de31,2,dog collar,Qwen/Qwen2.5-VL-7B-Instruct,309,batch1,r
de32,3,the person,Qwen/Qwen2.5-VL-7B-Instruct,309,batch1,r
de33,4,torch,Qwen/Qwen2.5-VL-7B-Instruct,309,batch1,r
de34,2,The mug,Qwen/Qwen2.5-VL-7B-Instruct,309,batch1,r
de35,1,The magnifying glass.,Qwen/Qwen2.5-VL-7B-Instruct,309,batch1,r
de36,1,The cigarette box.,Qwen/Qwen2.5-VL-7B-Instruct,309,batch1,r
de37,1,People,Qwen/Qwen2.5-VL-7B-Instruct,309,batch1,r
de38,3,bike,Qwen/Qwen2.5-VL-7B-Instruct,309,batch1,r
de39,3,The mug,Qwen/Qwen2.5-VL-7B-Instruct,309,batch1,r
de40,1,little girl,Qwen/Qwen2.5-VL-7B-Instruct,309,batch1,r
de41,2,The fingerprint scanner.,Qwen/Qwen2.5-VL-7B-Instruct,309,batch1,r
de42,3,The bigger globe.,Qwen/Qwen2.5-VL-7B-Instruct,309,batch1,r
de43,2,puzzle pieces,Qwen/Qwen2.5-VL-7B-Instruct,309,batch1,r
de44,3,The book with a brick on it.,Qwen/Qwen2.5-VL-7B-Instruct,309,batch1,r
de45,2,VR goggle,Qwen/Qwen2.5-VL-7B-Instruct,309,batch1,r
fr46,2,scale,Qwen/Qwen2.5-VL-7B-Instruct,309,batch1,r
fr47,1,The couple,Qwen/Qwen2.5-VL-7B-Instruct,309,batch1,r
fr48,2,the book,Qwen/Qwen2.5-VL-7B-Instruct,309,batch1,r
fr49,2,electrode cap,Qwen/Qwen2.5-VL-7B-Instruct,309,batch1,r
fr50,2,animal,Qwen/Qwen2.5-VL-7B-Instruct,309,batch1,r
fr51,2,The soldiers facing forward.,Qwen/Qwen2.5-VL-7B-Instruct,309,batch1,r
fr52,3,The water,Qwen/Qwen2.5-VL-7B-Instruct,309,batch1,r
fr53,3,the big car,Qwen/Qwen2.5-VL-7B-Instruct,309,batch1,r
fr54,3,the piggy bank,Qwen/Qwen2.5-VL-7B-Instruct,309,batch1,r
fr55,1,faucet,Qwen/Qwen2.5-VL-7B-Instruct,309,batch1,r
fr56,4,quill pen,Qwen/Qwen2.5-VL-7B-Instruct,309,batch1,r
fr57,2,The pig broken in half.,Qwen/Qwen2.5-VL-7B-Instruct,309,batch1,r
fr58,3,the people,Qwen/Qwen2.5-VL-7B-Instruct,309,batch1,r
fr59,1,The woman with a notepad.,Qwen/Qwen2.5-VL-7B-Instruct,309,batch1,r
fr60,2,The woman on stage.,Qwen/Qwen2.5-VL-7B-Instruct,309,batch1,r
or1,3,The woman.,Qwen/Qwen2.5-VL-7B-Instruct,321,batch1,r
or2,2,The pointy trees.,Qwen/Qwen2.5-VL-7B-Instruct,321,batch1,r
or3,3,tray,Qwen/Qwen2.5-VL-7B-Instruct,321,batch1,r
or4,4,The weight,Qwen/Qwen2.5-VL-7B-Instruct,321,batch1,r
or5,3,The suitcase.,Qwen/Qwen2.5-VL-7B-Instruct,321,batch1,r
or6,4,The barbed wire.,Qwen/Qwen2.5-VL-7B-Instruct,321,batch1,r
or7,3,The red rays are at the most front of the image.,Qwen/Qwen2.5-VL-7B-Instruct,321,batch1,r
or8,3,The man.,Qwen/Qwen2.5-VL-7B-Instruct,321,batch1,r
or9,3,The DJ behind the glass.,Qwen/Qwen2.5-VL-7B-Instruct,321,batch1,r
or10,4,the man's right hand,Qwen/Qwen2.5-VL-7B-Instruct,321,batch1,r
or11,3,"Only say the open books, the woman holding a pen, or the lights on",Qwen/Qwen2.5-VL-7B-Instruct,321,batch1,r
or12,2,The kid on the bike.,Qwen/Qwen2.5-VL-7B-Instruct,321,batch1,r
or13,2,the stool,Qwen/Qwen2.5-VL-7B-Instruct,321,batch1,r
or14,3,red bars,Qwen/Qwen2.5-VL-7B-Instruct,321,batch1,r
or15,1,The woman in jeans.,Qwen/Qwen2.5-VL-7B-Instruct,321,batch1,r
cs16,1,the heart-shaped tree,Qwen/Qwen2.5-VL-7B-Instruct,321,batch1,r
cs17,3,everything equal,Qwen/Qwen2.5-VL-7B-Instruct,321,batch1,r
cs18,4,the elephant,Qwen/Qwen2.5-VL-7B-Instruct,321,batch1,r
cs19,1,The man in a wheelchair.,Qwen/Qwen2.5-VL-7B-Instruct,321,batch1,r
cs20,2,The man.,Qwen/Qwen2.5-VL-7B-Instruct,321,batch1,r
cs21,3,kid in a yellow shirt,Qwen/Qwen2.5-VL-7B-Instruct,321,batch1,r
cs22,4,sun,Qwen/Qwen2.5-VL-7B-Instruct,321,batch1,r
cs23,2,The door,Qwen/Qwen2.5-VL-7B-Instruct,321,batch1,r
cs24,2,cannot say,Qwen/Qwen2.5-VL-7B-Instruct,321,batch1,r
cs25,1,the light,Qwen/Qwen2.5-VL-7B-Instruct,321,batch1,r
cs26,3,air pump,Qwen/Qwen2.5-VL-7B-Instruct,321,batch1,r
cs27,2,the woman's left foot,Qwen/Qwen2.5-VL-7B-Instruct,321,batch1,r
cs28,4,The pig.,Qwen/Qwen2.5-VL-7B-Instruct,321,batch1,r
cs29,4,cannot say,Qwen/Qwen2.5-VL-7B-Instruct,321,batch1,r
cs30,3,flasks,Qwen/Qwen2.5-VL-7B-Instruct,321,batch1,r
de31,2,The dog collar.,Qwen/Qwen2.5-VL-7B-Instruct,321,batch1,r
de32,2,The person,Qwen/Qwen2.5-VL-7B-Instruct,321,batch1,r
de33,2,torch,Qwen/Qwen2.5-VL-7B-Instruct,321,batch1,r
de34,2,The mug,Qwen/Qwen2.5-VL-7B-Instruct,321,batch1,r
de35,3,magnifying glass,Qwen/Qwen2.5-VL-7B-Instruct,321,batch1,r
de36,1,The cigarette box.,Qwen/Qwen2.5-VL-7B-Instruct,321,batch1,r
de37,1,people,Qwen/Qwen2.5-VL-7B-Instruct,321,batch1,r
de38,2,bike,Qwen/Qwen2.5-VL-7B-Instruct,321,batch1,r
de39,2,The mug.,Qwen/Qwen2.5-VL-7B-Instruct,321,batch1,r
de40,1,little girl,Qwen/Qwen2.5-VL-7B-Instruct,321,batch1,r
de41,2,fingerprint scanner,Qwen/Qwen2.5-VL-7B-Instruct,321,batch1,r
de42,4,The big window.,Qwen/Qwen2.5-VL-7B-Instruct,321,batch1,r
de43,3,The puzzle pieces.,Qwen/Qwen2.5-VL-7B-Instruct,321,batch1,r
de44,3,The magnifying glass.,Qwen/Qwen2.5-VL-7B-Instruct,321,batch1,r
de45,3,The VR goggle.,Qwen/Qwen2.5-VL-7B-Instruct,321,batch1,r
fr46,2,scale,Qwen/Qwen2.5-VL-7B-Instruct,321,batch1,r
fr47,1,Couple,Qwen/Qwen2.5-VL-7B-Instruct,321,batch1,r
fr48,3,the book,Qwen/Qwen2.5-VL-7B-Instruct,321,batch1,r
fr49,1,The electrode cap.,Qwen/Qwen2.5-VL-7B-Instruct,321,batch1,r
fr50,3,animal,Qwen/Qwen2.5-VL-7B-Instruct,321,batch1,r
fr51,1,the soldiers facing forward,Qwen/Qwen2.5-VL-7B-Instruct,321,batch1,r
fr52,3,the water,Qwen/Qwen2.5-VL-7B-Instruct,321,batch1,r
fr53,2,The big car,Qwen/Qwen2.5-VL-7B-Instruct,321,batch1,r
fr54,3,The piggy bank,Qwen/Qwen2.5-VL-7B-Instruct,321,batch1,r
fr55,4,faucet,Qwen/Qwen2.5-VL-7B-Instruct,321,batch1,r
fr56,3,The quill pen.,Qwen/Qwen2.5-VL-7B-Instruct,321,batch1,r
fr57,3,The pig broken in half.,Qwen/Qwen2.5-VL-7B-Instruct,321,batch1,r
fr58,2,the hammer,Qwen/Qwen2.5-VL-7B-Instruct,321,batch1,r
fr59,1,The laughing man.,Qwen/Qwen2.5-VL-7B-Instruct,321,batch1,r
fr60,2,The woman on stage.,Qwen/Qwen2.5-VL-7B-Instruct,321,batch1,r
or1,2,The woman.,Qwen/Qwen2.5-VL-7B-Instruct,324,batch1,r
or2,2,The pointy trees.,Qwen/Qwen2.5-VL-7B-Instruct,324,batch1,r
or3,3,tray,Qwen/Qwen2.5-VL-7B-Instruct,324,batch1,r
or4,3,The man.,Qwen/Qwen2.5-VL-7B-Instruct,324,batch1,r
or5,3,baby,Qwen/Qwen2.5-VL-7B-Instruct,324,batch1,r
or6,4,The barbed wire.,Qwen/Qwen2.5-VL-7B-Instruct,324,batch1,r
or7,3,The red rays.,Qwen/Qwen2.5-VL-7B-Instruct,324,batch1,r
or8,2,The man,Qwen/Qwen2.5-VL-7B-Instruct,324,batch1,r
or9,4,The DJ behind the glass.,Qwen/Qwen2.5-VL-7B-Instruct,324,batch1,r
or10,3,the man's right hand,Qwen/Qwen2.5-VL-7B-Instruct,324,batch1,r
or11,4,"Only say the open books, the woman holding a pen, or the lights on",Qwen/Qwen2.5-VL-7B-Instruct,324,batch1,r
or12,4,soccer ball,Qwen/Qwen2.5-VL-7B-Instruct,324,batch1,r
or13,4,the green cloth,Qwen/Qwen2.5-VL-7B-Instruct,324,batch1,r
or14,3,The red bars,Qwen/Qwen2.5-VL-7B-Instruct,324,batch1,r
or15,3,The woman in jeans,Qwen/Qwen2.5-VL-7B-Instruct,324,batch1,r
cs16,3,The heart-shaped tree,Qwen/Qwen2.5-VL-7B-Instruct,324,batch1,r
cs17,3,everything equal,Qwen/Qwen2.5-VL-7B-Instruct,324,batch1,r
cs18,1,The elephant.,Qwen/Qwen2.5-VL-7B-Instruct,324,batch1,r
cs19,3,The man in a wheelchair.,Qwen/Qwen2.5-VL-7B-Instruct,324,batch1,r
cs20,1,The man.,Qwen/Qwen2.5-VL-7B-Instruct,324,batch1,r
cs21,2,kid in a yellow shirt,Qwen/Qwen2.5-VL-7B-Instruct,324,batch1,r
cs22,3,sun,Qwen/Qwen2.5-VL-7B-Instruct,324,batch1,r
cs23,1,door,Qwen/Qwen2.5-VL-7B-Instruct,324,batch1,r
cs24,2,phone,Qwen/Qwen2.5-VL-7B-Instruct,324,batch1,r
cs25,2,the light,Qwen/Qwen2.5-VL-7B-Instruct,324,batch1,r
cs26,3,The air pump.,Qwen/Qwen2.5-VL-7B-Instruct,324,batch1,r
cs27,3,the woman's left foot,Qwen/Qwen2.5-VL-7B-Instruct,324,batch1,r
cs28,4,The surgeons,Qwen/Qwen2.5-VL-7B-Instruct,324,batch1,r
cs29,2,cannot say,Qwen/Qwen2.5-VL-7B-Instruct,324,batch1,r
cs30,3,flasks,Qwen/Qwen2.5-VL-7B-Instruct,324,batch1,r
de31,2,dog collar,Qwen/Qwen2.5-VL-7B-Instruct,324,batch1,r
de32,2,the person,Qwen/Qwen2.5-VL-7B-Instruct,324,batch1,r
de33,4,torch,Qwen/Qwen2.5-VL-7B-Instruct,324,batch1,r
de34,1,mug,Qwen/Qwen2.5-VL-7B-Instruct,324,batch1,r
de35,1,The magnifying glass.,Qwen/Qwen2.5-VL-7B-Instruct,324,batch1,r
de36,1,cigarette box,Qwen/Qwen2.5-VL-7B-Instruct,324,batch1,r
de37,2,people,Qwen/Qwen2.5-VL-7B-Instruct,324,batch1,r
de38,3,chart,Qwen/Qwen2.5-VL-7B-Instruct,324,batch1,r
de39,1,The mug,Qwen/Qwen2.5-VL-7B-Instruct,324,batch1,r
de40,2,the little girl,Qwen/Qwen2.5-VL-7B-Instruct,324,batch1,r
de41,2,The fingerprint scanner.,Qwen/Qwen2.5-VL-7B-Instruct,324,batch1,r
de42,3,The big window.,Qwen/Qwen2.5-VL-7B-Instruct,324,batch1,r
de43,1,puzzle pieces,Qwen/Qwen2.5-VL-7B-Instruct,324,batch1,r
de44,2,The book with a brick on it.,Qwen/Qwen2.5-VL-7B-Instruct,324,batch1,r
de45,2,VR goggle,Qwen/Qwen2.5-VL-7B-Instruct,324,batch1,r
fr46,2,scale,Qwen/Qwen2.5-VL-7B-Instruct,324,batch1,r
fr47,1,The couple.,Qwen/Qwen2.5-VL-7B-Instruct,324,batch1,r
fr48,1,the book,Qwen/Qwen2.5-VL-7B-Instruct,324,batch1,r
fr49,2,The electrode cap,Qwen/Qwen2.5-VL-7B-Instruct,324,batch1,r
fr50,2,The animal.,Qwen/Qwen2.5-VL-7B-Instruct,324,batch1,r
fr51,2,The soldiers facing forward.,Qwen/Qwen2.5-VL-7B-Instruct,324,batch1,r
fr52,2,The water,Qwen/Qwen2.5-VL-7B-Instruct,324,batch1,r
fr53,2,The helicopter.,Qwen/Qwen2.5-VL-7B-Instruct,324,batch1,r
fr54,2,The piggy bank.,Qwen/Qwen2.5-VL-7B-Instruct,324,batch1,r
fr55,2,faucet,Qwen/Qwen2.5-VL-7B-Instruct,324,batch1,r
fr56,4,The quill pen.,Qwen/Qwen2.5-VL-7B-Instruct,324,batch1,r
fr57,4,The pig broken in half.,Qwen/Qwen2.5-VL-7B-Instruct,324,batch1,r
fr58,2,people,Qwen/Qwen2.5-VL-7B-Instruct,324,batch1,r
fr59,2,The woman with a notepad.,Qwen/Qwen2.5-VL-7B-Instruct,324,batch1,r
fr60,3,The orchestra,Qwen/Qwen2.5-VL-7B-Instruct,324,batch1,r
or1,3,woman,Qwen/Qwen2.5-VL-7B-Instruct,340,batch1,r
or2,3,The pointy trees.,Qwen/Qwen2.5-VL-7B-Instruct,340,batch1,r
or3,2,The tray.,Qwen/Qwen2.5-VL-7B-Instruct,340,batch1,r
or4,3,the man,Qwen/Qwen2.5-VL-7B-Instruct,340,batch1,r
or5,4,baby,Qwen/Qwen2.5-VL-7B-Instruct,340,batch1,r
or6,4,barbed wire,Qwen/Qwen2.5-VL-7B-Instruct,340,batch1,r
or7,4,The red rays are at the most front of the image.,Qwen/Qwen2.5-VL-7B-Instruct,340,batch1,r
or8,3,man,Qwen/Qwen2.5-VL-7B-Instruct,340,batch1,r
or9,4,DJ behind the glass,Qwen/Qwen2.5-VL-7B-Instruct,340,batch1,r
or10,4,the thermos,Qwen/Qwen2.5-VL-7B-Instruct,340,batch1,r
or11,3,open books,Qwen/Qwen2.5-VL-7B-Instruct,340,batch1,r
or12,4,Kid on the bike,Qwen/Qwen2.5-VL-7B-Instruct,340,batch1,r
or13,2,stool,Qwen/Qwen2.5-VL-7B-Instruct,340,batch1,r
or14,3,cannot say,Qwen/Qwen2.5-VL-7B-Instruct,340,batch1,r
or15,1,The woman in jeans.,Qwen/Qwen2.5-VL-7B-Instruct,340,batch1,r
cs16,2,The heart-shaped tree,Qwen/Qwen2.5-VL-7B-Instruct,340,batch1,r
cs17,3,Everything equal.,Qwen/Qwen2.5-VL-7B-Instruct,340,batch1,r
cs18,2,The elephant.,Qwen/Qwen2.5-VL-7B-Instruct,340,batch1,r
cs19,2,laptops,Qwen/Qwen2.5-VL-7B-Instruct,340,batch1,r
cs20,2,The man,Qwen/Qwen2.5-VL-7B-Instruct,340,batch1,r
cs21,1,kid in a yellow shirt,Qwen/Qwen2.5-VL-7B-Instruct,340,batch1,r
cs22,4,sun,Qwen/Qwen2.5-VL-7B-Instruct,340,batch1,r
cs23,2,door,Qwen/Qwen2.5-VL-7B-Instruct,340,batch1,r
cs24,1,flags,Qwen/Qwen2.5-VL-7B-Instruct,340,batch1,r
cs25,2,the light,Qwen/Qwen2.5-VL-7B-Instruct,340,batch1,r
cs26,2,The air pump is at the most front of this image.,Qwen/Qwen2.5-VL-7B-Instruct,340,batch1,r
cs27,1,The woman's left foot,Qwen/Qwen2.5-VL-7B-Instruct,340,batch1,r
cs28,3,The surgeons.,Qwen/Qwen2.5-VL-7B-Instruct,340,batch1,r
cs29,3,cannot say,Qwen/Qwen2.5-VL-7B-Instruct,340,batch1,r
cs30,3,flasks,Qwen/Qwen2.5-VL-7B-Instruct,340,batch1,r
de31,3,dog collar,Qwen/Qwen2.5-VL-7B-Instruct,340,batch1,r
de32,2,The person.,Qwen/Qwen2.5-VL-7B-Instruct,340,batch1,r
de33,3,torch,Qwen/Qwen2.5-VL-7B-Instruct,340,batch1,r
de34,1,mug,Qwen/Qwen2.5-VL-7B-Instruct,340,batch1,r
de35,3,magnifying glass,Qwen/Qwen2.5-VL-7B-Instruct,340,batch1,r
de36,2,The cigarette box.,Qwen/Qwen2.5-VL-7B-Instruct,340,batch1,r
de37,1,The people.,Qwen/Qwen2.5-VL-7B-Instruct,340,batch1,r
de38,1,The bike.,Qwen/Qwen2.5-VL-7B-Instruct,340,batch1,r
de39,1,The mug.,Qwen/Qwen2.5-VL-7B-Instruct,340,batch1,r
de40,2,little girl,Qwen/Qwen2.5-VL-7B-Instruct,340,batch1,r
de41,1,The fingerprint scanner.,Qwen/Qwen2.5-VL-7B-Instruct,340,batch1,r
de42,2,The big window,Qwen/Qwen2.5-VL-7B-Instruct,340,batch1,r
de43,1,The puzzle pieces.,Qwen/Qwen2.5-VL-7B-Instruct,340,batch1,r
de44,4,The book with a brick on it.,Qwen/Qwen2.5-VL-7B-Instruct,340,batch1,r
de45,1,The VR goggles,Qwen/Qwen2.5-VL-7B-Instruct,340,batch1,r
fr46,2,scale,Qwen/Qwen2.5-VL-7B-Instruct,340,batch1,r
fr47,1,The couple,Qwen/Qwen2.5-VL-7B-Instruct,340,batch1,r
fr48,3,the book,Qwen/Qwen2.5-VL-7B-Instruct,340,batch1,r
fr49,3,electrode cap,Qwen/Qwen2.5-VL-7B-Instruct,340,batch1,r
fr50,2,animal,Qwen/Qwen2.5-VL-7B-Instruct,340,batch1,r
fr51,2,The soldiers facing forward.,Qwen/Qwen2.5-VL-7B-Instruct,340,batch1,r
fr52,4,Land,Qwen/Qwen2.5-VL-7B-Instruct,340,batch1,r
fr53,2,big car,Qwen/Qwen2.5-VL-7B-Instruct,340,batch1,r
fr54,1,piggy bank,Qwen/Qwen2.5-VL-7B-Instruct,340,batch1,r
fr55,4,faucet,Qwen/Qwen2.5-VL-7B-Instruct,340,batch1,r
fr56,4,The quill pen.,Qwen/Qwen2.5-VL-7B-Instruct,340,batch1,r
fr57,4,pig broken in half,Qwen/Qwen2.5-VL-7B-Instruct,340,batch1,r
fr58,3,The people.,Qwen/Qwen2.5-VL-7B-Instruct,340,batch1,r
fr59,1,The woman with a notepad.,Qwen/Qwen2.5-VL-7B-Instruct,340,batch1,r
fr60,2,the woman on stage,Qwen/Qwen2.5-VL-7B-Instruct,340,batch1,r
or1,4,the woman,Qwen/Qwen2.5-VL-7B-Instruct,346,batch1,r
or2,3,The pointy trees.,Qwen/Qwen2.5-VL-7B-Instruct,346,batch1,r
or3,1,tray,Qwen/Qwen2.5-VL-7B-Instruct,346,batch1,r
or4,2,The man.,Qwen/Qwen2.5-VL-7B-Instruct,346,batch1,r
or5,4,The suitcase.,Qwen/Qwen2.5-VL-7B-Instruct,346,batch1,r
or6,4,The barbed wire.,Qwen/Qwen2.5-VL-7B-Instruct,346,batch1,r
or7,4,The red rays are at the most front of this image.,Qwen/Qwen2.5-VL-7B-Instruct,346,batch1,r
or8,3,Man,Qwen/Qwen2.5-VL-7B-Instruct,346,batch1,r
or9,3,DJ behind the glass,Qwen/Qwen2.5-VL-7B-Instruct,346,batch1,r
or10,4,thermos,Qwen/Qwen2.5-VL-7B-Instruct,346,batch1,r
or11,4,The open books,Qwen/Qwen2.5-VL-7B-Instruct,346,batch1,r
or12,3,car,Qwen/Qwen2.5-VL-7B-Instruct,346,batch1,r
or13,4,the stool,Qwen/Qwen2.5-VL-7B-Instruct,346,batch1,r
or14,3,Can't say,Qwen/Qwen2.5-VL-7B-Instruct,346,batch1,r
or15,1,the woman in jeans,Qwen/Qwen2.5-VL-7B-Instruct,346,batch1,r
cs16,2,The heart-shaped tree.,Qwen/Qwen2.5-VL-7B-Instruct,346,batch1,r
cs17,2,Everything equal.,Qwen/Qwen2.5-VL-7B-Instruct,346,batch1,r
cs18,3,elephant,Qwen/Qwen2.5-VL-7B-Instruct,346,batch1,r
cs19,3,The man in a wheelchair.,Qwen/Qwen2.5-VL-7B-Instruct,346,batch1,r
cs20,1,The man,Qwen/Qwen2.5-VL-7B-Instruct,346,batch1,r
cs21,2,The kid in a yellow shirt,Qwen/Qwen2.5-VL-7B-Instruct,346,batch1,r
cs22,3,The sun.,Qwen/Qwen2.5-VL-7B-Instruct,346,batch1,r
cs23,2,door,Qwen/Qwen2.5-VL-7B-Instruct,346,batch1,r
cs24,3,The phone.,Qwen/Qwen2.5-VL-7B-Instruct,346,batch1,r
cs25,1,The light.,Qwen/Qwen2.5-VL-7B-Instruct,346,batch1,r
cs26,4,The air pump.,Qwen/Qwen2.5-VL-7B-Instruct,346,batch1,r
cs27,2,the woman's left foot,Qwen/Qwen2.5-VL-7B-Instruct,346,batch1,r
cs28,4,The surgeons,Qwen/Qwen2.5-VL-7B-Instruct,346,batch1,r
cs29,2,cannot say,Qwen/Qwen2.5-VL-7B-Instruct,346,batch1,r
cs30,1,flasks,Qwen/Qwen2.5-VL-7B-Instruct,346,batch1,r
de31,3,The dog collar.,Qwen/Qwen2.5-VL-7B-Instruct,346,batch1,r
de32,3,person,Qwen/Qwen2.5-VL-7B-Instruct,346,batch1,r
de33,1,The torch,Qwen/Qwen2.5-VL-7B-Instruct,346,batch1,r
de34,2,hands,Qwen/Qwen2.5-VL-7B-Instruct,346,batch1,r
de35,3,magnifying glass,Qwen/Qwen2.5-VL-7B-Instruct,346,batch1,r
de36,2,the cigarette box,Qwen/Qwen2.5-VL-7B-Instruct,346,batch1,r
de37,1,people,Qwen/Qwen2.5-VL-7B-Instruct,346,batch1,r
de38,3,The bike,Qwen/Qwen2.5-VL-7B-Instruct,346,batch1,r
de39,4,The mug.,Qwen/Qwen2.5-VL-7B-Instruct,346,batch1,r
de40,1,the little girl,Qwen/Qwen2.5-VL-7B-Instruct,346,batch1,r
de41,2,The fingerprint scanner,Qwen/Qwen2.5-VL-7B-Instruct,346,batch1,r
de42,4,The big window.,Qwen/Qwen2.5-VL-7B-Instruct,346,batch1,r
de43,2,The puzzle pieces.,Qwen/Qwen2.5-VL-7B-Instruct,346,batch1,r
de44,3,The book with a brick on it.,Qwen/Qwen2.5-VL-7B-Instruct,346,batch1,r
de45,2,The VR goggle.,Qwen/Qwen2.5-VL-7B-Instruct,346,batch1,r
fr46,2,scale,Qwen/Qwen2.5-VL-7B-Instruct,346,batch1,r
fr47,1,The couple,Qwen/Qwen2.5-VL-7B-Instruct,346,batch1,r
fr48,3,the bathtub,Qwen/Qwen2.5-VL-7B-Instruct,346,batch1,r
fr49,3,the electrode cap,Qwen/Qwen2.5-VL-7B-Instruct,346,batch1,r
fr50,3,the animal,Qwen/Qwen2.5-VL-7B-Instruct,346,batch1,r
fr51,3,The soldiers facing forward.,Qwen/Qwen2.5-VL-7B-Instruct,346,batch1,r
fr52,3,The water,Qwen/Qwen2.5-VL-7B-Instruct,346,batch1,r
fr53,2,The big car.,Qwen/Qwen2.5-VL-7B-Instruct,346,batch1,r
fr54,1,piggy bank,Qwen/Qwen2.5-VL-7B-Instruct,346,batch1,r
fr55,3,faucet,Qwen/Qwen2.5-VL-7B-Instruct,346,batch1,r
fr56,3,The quill pen.,Qwen/Qwen2.5-VL-7B-Instruct,346,batch1,r
fr57,3,pig broken in half,Qwen/Qwen2.5-VL-7B-Instruct,346,batch1,r
fr58,3,The hammer.,Qwen/Qwen2.5-VL-7B-Instruct,346,batch1,r
fr59,2,The laughing man.,Qwen/Qwen2.5-VL-7B-Instruct,346,batch1,r
fr60,3,The orchestra.,Qwen/Qwen2.5-VL-7B-Instruct,346,batch1,r
or1,3,The woman.,Qwen/Qwen2.5-VL-7B-Instruct,391,batch1,r
or2,3,pointy trees,Qwen/Qwen2.5-VL-7B-Instruct,391,batch1,r
or3,2,tray,Qwen/Qwen2.5-VL-7B-Instruct,391,batch1,r
or4,3,The man.,Qwen/Qwen2.5-VL-7B-Instruct,391,batch1,r
or5,3,The suitcase.,Qwen/Qwen2.5-VL-7B-Instruct,391,batch1,r
or6,3,barbed wire,Qwen/Qwen2.5-VL-7B-Instruct,391,batch1,r
or7,4,The red rays.,Qwen/Qwen2.5-VL-7B-Instruct,391,batch1,r
or8,3,man,Qwen/Qwen2.5-VL-7B-Instruct,391,batch1,r
or9,4,Crowd,Qwen/Qwen2.5-VL-7B-Instruct,391,batch1,r
or10,4,the woman's left hand,Qwen/Qwen2.5-VL-7B-Instruct,391,batch1,r
or11,4,The open books.,Qwen/Qwen2.5-VL-7B-Instruct,391,batch1,r
or12,3,soccer ball,Qwen/Qwen2.5-VL-7B-Instruct,391,batch1,r
or13,4,the stool,Qwen/Qwen2.5-VL-7B-Instruct,391,batch1,r
or14,2,red bars,Qwen/Qwen2.5-VL-7B-Instruct,391,batch1,r
or15,2,The lime.,Qwen/Qwen2.5-VL-7B-Instruct,391,batch1,r
cs16,1,The heart-shaped tree.,Qwen/Qwen2.5-VL-7B-Instruct,391,batch1,r
cs17,4,everything equal,Qwen/Qwen2.5-VL-7B-Instruct,391,batch1,r
cs18,2,The elephant,Qwen/Qwen2.5-VL-7B-Instruct,391,batch1,r
cs19,2,the man in a wheelchair,Qwen/Qwen2.5-VL-7B-Instruct,391,batch1,r
cs20,2,The man.,Qwen/Qwen2.5-VL-7B-Instruct,391,batch1,r
cs21,3,kid in a yellow shirt,Qwen/Qwen2.5-VL-7B-Instruct,391,batch1,r
cs22,4,sun,Qwen/Qwen2.5-VL-7B-Instruct,391,batch1,r
cs23,1,The moon.,Qwen/Qwen2.5-VL-7B-Instruct,391,batch1,r
cs24,2,cannot say,Qwen/Qwen2.5-VL-7B-Instruct,391,batch1,r
cs25,3,The big circle.,Qwen/Qwen2.5-VL-7B-Instruct,391,batch1,r
cs26,2,The air pump,Qwen/Qwen2.5-VL-7B-Instruct,391,batch1,r
cs27,1,the woman's left foot,Qwen/Qwen2.5-VL-7B-Instruct,391,batch1,r
cs28,4,The surgeons,Qwen/Qwen2.5-VL-7B-Instruct,391,batch1,r
cs29,4,cannot say,Qwen/Qwen2.5-VL-7B-Instruct,391,batch1,r
cs30,4,cannot say,Qwen/Qwen2.5-VL-7B-Instruct,391,batch1,r
de31,4,The dog collar,Qwen/Qwen2.5-VL-7B-Instruct,391,batch1,r
de32,2,The front side of the pedestal.,Qwen/Qwen2.5-VL-7B-Instruct,391,batch1,r
de33,3,torch,Qwen/Qwen2.5-VL-7B-Instruct,391,batch1,r
de34,2,mug,Qwen/Qwen2.5-VL-7B-Instruct,391,batch1,r
de35,1,magnifying glass,Qwen/Qwen2.5-VL-7B-Instruct,391,batch1,r
de36,1,The cigarette box.,Qwen/Qwen2.5-VL-7B-Instruct,391,batch1,r
de37,1,people,Qwen/Qwen2.5-VL-7B-Instruct,391,batch1,r
de38,2,bike,Qwen/Qwen2.5-VL-7B-Instruct,391,batch1,r
de39,2,The mug.,Qwen/Qwen2.5-VL-7B-Instruct,391,batch1,r
de40,4,little girl,Qwen/Qwen2.5-VL-7B-Instruct,391,batch1,r
de41,1,The fingerprint scanner,Qwen/Qwen2.5-VL-7B-Instruct,391,batch1,r
de42,2,The bigger globe.,Qwen/Qwen2.5-VL-7B-Instruct,391,batch1,r
de43,1,puzzle pieces,Qwen/Qwen2.5-VL-7B-Instruct,391,batch1,r
de44,3,The magnifying glass,Qwen/Qwen2.5-VL-7B-Instruct,391,batch1,r
de45,2,The VR goggle.,Qwen/Qwen2.5-VL-7B-Instruct,391,batch1,r
fr46,2,The scale.,Qwen/Qwen2.5-VL-7B-Instruct,391,batch1,r
fr47,2,The bench,Qwen/Qwen2.5-VL-7B-Instruct,391,batch1,r
fr48,2,the bathtub,Qwen/Qwen2.5-VL-7B-Instruct,391,batch1,r
fr49,2,The electrode cap.,Qwen/Qwen2.5-VL-7B-Instruct,391,batch1,r
fr50,1,animal,Qwen/Qwen2.5-VL-7B-Instruct,391,batch1,r
fr51,3,The soldiers facing forward.,Qwen/Qwen2.5-VL-7B-Instruct,391,batch1,r
fr52,2,The water.,Qwen/Qwen2.5-VL-7B-Instruct,391,batch1,r
fr53,2,The big car.,Qwen/Qwen2.5-VL-7B-Instruct,391,batch1,r
fr54,3,The piggy bank,Qwen/Qwen2.5-VL-7B-Instruct,391,batch1,r
fr55,4,faucet,Qwen/Qwen2.5-VL-7B-Instruct,391,batch1,r
fr56,4,The quill pen.,Qwen/Qwen2.5-VL-7B-Instruct,391,batch1,r
fr57,3,The pig broken in half.,Qwen/Qwen2.5-VL-7B-Instruct,391,batch1,r
fr58,1,the hammer,Qwen/Qwen2.5-VL-7B-Instruct,391,batch1,r
fr59,1,The woman with a notepad.,Qwen/Qwen2.5-VL-7B-Instruct,391,batch1,r
fr60,3,The orchestra.,Qwen/Qwen2.5-VL-7B-Instruct,391,batch1,r
or1,3,The woman,Qwen/Qwen2.5-VL-7B-Instruct,413,batch1,r
or2,3,The pointy trees.,Qwen/Qwen2.5-VL-7B-Instruct,413,batch1,r
or3,4,tray,Qwen/Qwen2.5-VL-7B-Instruct,413,batch1,r
or4,3,The man.,Qwen/Qwen2.5-VL-7B-Instruct,413,batch1,r
or5,3,baby,Qwen/Qwen2.5-VL-7B-Instruct,413,batch1,r
or6,2,the men with their hands up,Qwen/Qwen2.5-VL-7B-Instruct,413,batch1,r
or7,3,"Only say the red rays, it is ambiguous, or the blue rays",Qwen/Qwen2.5-VL-7B-Instruct,413,batch1,r
or8,3,The man.,Qwen/Qwen2.5-VL-7B-Instruct,413,batch1,r
or9,3,The crowd,Qwen/Qwen2.5-VL-7B-Instruct,413,batch1,r
or10,4,the man's right hand,Qwen/Qwen2.5-VL-7B-Instruct,413,batch1,r
or11,3,The open books,Qwen/Qwen2.5-VL-7B-Instruct,413,batch1,r
or12,4,The kid on the bike,Qwen/Qwen2.5-VL-7B-Instruct,413,batch1,r
or13,3,stool,Qwen/Qwen2.5-VL-7B-Instruct,413,batch1,r
or14,2,Cannot say,Qwen/Qwen2.5-VL-7B-Instruct,413,batch1,r
or15,4,the lime,Qwen/Qwen2.5-VL-7B-Instruct,413,batch1,r
cs16,2,The kid in a striped shirt,Qwen/Qwen2.5-VL-7B-Instruct,413,batch1,r
cs17,3,brain,Qwen/Qwen2.5-VL-7B-Instruct,413,batch1,r
cs18,3,The elephant,Qwen/Qwen2.5-VL-7B-Instruct,413,batch1,r
cs19,4,laptops,Qwen/Qwen2.5-VL-7B-Instruct,413,batch1,r
cs20,1,The man.,Qwen/Qwen2.5-VL-7B-Instruct,413,batch1,r
cs21,3,the kid in a yellow shirt,Qwen/Qwen2.5-VL-7B-Instruct,413,batch1,r
cs22,3,sun,Qwen/Qwen2.5-VL-7B-Instruct,413,batch1,r
cs23,2,door,Qwen/Qwen2.5-VL-7B-Instruct,413,batch1,r
cs24,2,the phone,Qwen/Qwen2.5-VL-7B-Instruct,413,batch1,r
cs25,1,the woman holding a note,Qwen/Qwen2.5-VL-7B-Instruct,413,batch1,r
cs26,3,air pump,Qwen/Qwen2.5-VL-7B-Instruct,413,batch1,r
cs27,2,the woman's left foot,Qwen/Qwen2.5-VL-7B-Instruct,413,batch1,r
cs28,4,The pig,Qwen/Qwen2.5-VL-7B-Instruct,413,batch1,r
cs29,2,cannot say,Qwen/Qwen2.5-VL-7B-Instruct,413,batch1,r
cs30,2,cannot say,Qwen/Qwen2.5-VL-7B-Instruct,413,batch1,r
de31,3,dog collar,Qwen/Qwen2.5-VL-7B-Instruct,413,batch1,r
de32,2,The person,Qwen/Qwen2.5-VL-7B-Instruct,413,batch1,r
de33,3,The torch.,Qwen/Qwen2.5-VL-7B-Instruct,413,batch1,r
de34,1,mug,Qwen/Qwen2.5-VL-7B-Instruct,413,batch1,r
de35,4,The magnifying glass.,Qwen/Qwen2.5-VL-7B-Instruct,413,batch1,r
de36,3,cigarette box,Qwen/Qwen2.5-VL-7B-Instruct,413,batch1,r
de37,2,people,Qwen/Qwen2.5-VL-7B-Instruct,413,batch1,r
de38,2,bike,Qwen/Qwen2.5-VL-7B-Instruct,413,batch1,r
de39,1,The mug,Qwen/Qwen2.5-VL-7B-Instruct,413,batch1,r
de40,1,little girl,Qwen/Qwen2.5-VL-7B-Instruct,413,batch1,r
de41,1,The fingerprint scanner.,Qwen/Qwen2.5-VL-7B-Instruct,413,batch1,r
de42,1,the big window,Qwen/Qwen2.5-VL-7B-Instruct,413,batch1,r
de43,2,keyboard,Qwen/Qwen2.5-VL-7B-Instruct,413,batch1,r
de44,1,The magnifying glass,Qwen/Qwen2.5-VL-7B-Instruct,413,batch1,r
de45,3,VR goggle,Qwen/Qwen2.5-VL-7B-Instruct,413,batch1,r
fr46,1,scale,Qwen/Qwen2.5-VL-7B-Instruct,413,batch1,r
fr47,1,The couple,Qwen/Qwen2.5-VL-7B-Instruct,413,batch1,r
fr48,2,the towel,Qwen/Qwen2.5-VL-7B-Instruct,413,batch1,r
fr49,2,The electrode cap.,Qwen/Qwen2.5-VL-7B-Instruct,413,batch1,r
fr50,2,animal,Qwen/Qwen2.5-VL-7B-Instruct,413,batch1,r
fr51,1,The soldiers facing forward.,Qwen/Qwen2.5-VL-7B-Instruct,413,batch1,r
fr52,4,cannot say,Qwen/Qwen2.5-VL-7B-Instruct,413,batch1,r
fr53,3,The big car.,Qwen/Qwen2.5-VL-7B-Instruct,413,batch1,r
fr54,3,piggy bank,Qwen/Qwen2.5-VL-7B-Instruct,413,batch1,r
fr55,3,faucet,Qwen/Qwen2.5-VL-7B-Instruct,413,batch1,r
fr56,3,The quill pen.,Qwen/Qwen2.5-VL-7B-Instruct,413,batch1,r
fr57,2,pig broken in half,Qwen/Qwen2.5-VL-7B-Instruct,413,batch1,r
fr58,2,Hammer,Qwen/Qwen2.5-VL-7B-Instruct,413,batch1,r
fr59,2,The laughing man,Qwen/Qwen2.5-VL-7B-Instruct,413,batch1,r
fr60,4,The orchestra,Qwen/Qwen2.5-VL-7B-Instruct,413,batch1,r
or1,2,The woman,Qwen/Qwen2.5-VL-7B-Instruct,436,batch1,r
or2,3,The pointy trees,Qwen/Qwen2.5-VL-7B-Instruct,436,batch1,r
or3,2,The tray,Qwen/Qwen2.5-VL-7B-Instruct,436,batch1,r
or4,4,man,Qwen/Qwen2.5-VL-7B-Instruct,436,batch1,r
or5,4,The suitcase.,Qwen/Qwen2.5-VL-7B-Instruct,436,batch1,r
or6,4,The men with their hands up.,Qwen/Qwen2.5-VL-7B-Instruct,436,batch1,r
or7,4,The red rays are in the most front of the image.,Qwen/Qwen2.5-VL-7B-Instruct,436,batch1,r
or8,3,The man.,Qwen/Qwen2.5-VL-7B-Instruct,436,batch1,r
or9,3,DJ behind the glass,Qwen/Qwen2.5-VL-7B-Instruct,436,batch1,r
or10,4,the man's right hand,Qwen/Qwen2.5-VL-7B-Instruct,436,batch1,r
or11,3,The open books,Qwen/Qwen2.5-VL-7B-Instruct,436,batch1,r
or12,3,soccer ball,Qwen/Qwen2.5-VL-7B-Instruct,436,batch1,r
or13,3,the green cloth,Qwen/Qwen2.5-VL-7B-Instruct,436,batch1,r
or14,3,cannot say,Qwen/Qwen2.5-VL-7B-Instruct,436,batch1,r
or15,1,The woman in jeans,Qwen/Qwen2.5-VL-7B-Instruct,436,batch1,r
cs16,2,The kid in a striped shirt,Qwen/Qwen2.5-VL-7B-Instruct,436,batch1,r
cs17,3,brain,Qwen/Qwen2.5-VL-7B-Instruct,436,batch1,r
cs18,3,elephant,Qwen/Qwen2.5-VL-7B-Instruct,436,batch1,r
cs19,4,laptops,Qwen/Qwen2.5-VL-7B-Instruct,436,batch1,r
cs20,1,The man,Qwen/Qwen2.5-VL-7B-Instruct,436,batch1,r
cs21,3,the kid in a yellow shirt,Qwen/Qwen2.5-VL-7B-Instruct,436,batch1,r
cs22,3,sun,Qwen/Qwen2.5-VL-7B-Instruct,436,batch1,r
cs23,2,door,Qwen/Qwen2.5-VL-7B-Instruct,436,batch1,r
cs24,3,the flags,Qwen/Qwen2.5-VL-7B-Instruct,436,batch1,r
cs25,3,the woman holding a note,Qwen/Qwen2.5-VL-7B-Instruct,436,batch1,r
cs26,2,The air pump.,Qwen/Qwen2.5-VL-7B-Instruct,436,batch1,r
cs27,1,the woman's left foot,Qwen/Qwen2.5-VL-7B-Instruct,436,batch1,r
cs28,4,The pig.,Qwen/Qwen2.5-VL-7B-Instruct,436,batch1,r
cs29,3,cannot say,Qwen/Qwen2.5-VL-7B-Instruct,436,batch1,r
cs30,4,flasks,Qwen/Qwen2.5-VL-7B-Instruct,436,batch1,r
de31,2,dog collar,Qwen/Qwen2.5-VL-7B-Instruct,436,batch1,r
de32,3,person,Qwen/Qwen2.5-VL-7B-Instruct,436,batch1,r
de33,1,torch,Qwen/Qwen2.5-VL-7B-Instruct,436,batch1,r
de34,3,hands,Qwen/Qwen2.5-VL-7B-Instruct,436,batch1,r
de35,4,magnifying glass,Qwen/Qwen2.5-VL-7B-Instruct,436,batch1,r
de36,1,The cigarette box,Qwen/Qwen2.5-VL-7B-Instruct,436,batch1,r
de37,1,people,Qwen/Qwen2.5-VL-7B-Instruct,436,batch1,r
de38,2,The bike.,Qwen/Qwen2.5-VL-7B-Instruct,436,batch1,r
de39,2,The mug.,Qwen/Qwen2.5-VL-7B-Instruct,436,batch1,r
de40,3,little girl,Qwen/Qwen2.5-VL-7B-Instruct,436,batch1,r
de41,1,The fingerprint scanner.,Qwen/Qwen2.5-VL-7B-Instruct,436,batch1,r
de42,1,The big window.,Qwen/Qwen2.5-VL-7B-Instruct,436,batch1,r
de43,2,The puzzle pieces.,Qwen/Qwen2.5-VL-7B-Instruct,436,batch1,r
de44,2,The magnifying glass,Qwen/Qwen2.5-VL-7B-Instruct,436,batch1,r
de45,2,VR goggle,Qwen/Qwen2.5-VL-7B-Instruct,436,batch1,r
fr46,1,scale,Qwen/Qwen2.5-VL-7B-Instruct,436,batch1,r
fr47,2,The bench.,Qwen/Qwen2.5-VL-7B-Instruct,436,batch1,r
fr48,1,the towel,Qwen/Qwen2.5-VL-7B-Instruct,436,batch1,r
fr49,4,The electrode cap.,Qwen/Qwen2.5-VL-7B-Instruct,436,batch1,r
fr50,2,animal,Qwen/Qwen2.5-VL-7B-Instruct,436,batch1,r
fr51,3,The trucks,Qwen/Qwen2.5-VL-7B-Instruct,436,batch1,r
fr52,3,the water,Qwen/Qwen2.5-VL-7B-Instruct,436,batch1,r
fr53,3,The big car.,Qwen/Qwen2.5-VL-7B-Instruct,436,batch1,r
fr54,3,piggy bank,Qwen/Qwen2.5-VL-7B-Instruct,436,batch1,r
fr55,4,faucet,Qwen/Qwen2.5-VL-7B-Instruct,436,batch1,r
fr56,2,The quill pen.,Qwen/Qwen2.5-VL-7B-Instruct,436,batch1,r
fr57,1,The bank,Qwen/Qwen2.5-VL-7B-Instruct,436,batch1,r
fr58,2,the hammer,Qwen/Qwen2.5-VL-7B-Instruct,436,batch1,r
fr59,2,The woman with a notepad.,Qwen/Qwen2.5-VL-7B-Instruct,436,batch1,r
fr60,2,The orchestra,Qwen/Qwen2.5-VL-7B-Instruct,436,batch1,r
or1,3,the woman,Qwen/Qwen2.5-VL-7B-Instruct,456,batch1,r
or2,1,The pointy trees.,Qwen/Qwen2.5-VL-7B-Instruct,456,batch1,r
or3,2,tray,Qwen/Qwen2.5-VL-7B-Instruct,456,batch1,r
or4,4,the man,Qwen/Qwen2.5-VL-7B-Instruct,456,batch1,r
or5,2,The suitcase,Qwen/Qwen2.5-VL-7B-Instruct,456,batch1,r
or6,4,The barbed wire.,Qwen/Qwen2.5-VL-7B-Instruct,456,batch1,r
or7,4,The red rays are at the most front of this image.,Qwen/Qwen2.5-VL-7B-Instruct,456,batch1,r
or8,3,The man.,Qwen/Qwen2.5-VL-7B-Instruct,456,batch1,r
or9,3,The DJ behind the glass.,Qwen/Qwen2.5-VL-7B-Instruct,456,batch1,r
or10,3,the man's right hand,Qwen/Qwen2.5-VL-7B-Instruct,456,batch1,r
or11,3,The open books.,Qwen/Qwen2.5-VL-7B-Instruct,456,batch1,r
or12,3,soccer ball,Qwen/Qwen2.5-VL-7B-Instruct,456,batch1,r
or13,4,the stool,Qwen/Qwen2.5-VL-7B-Instruct,456,batch1,r
or14,3,red bars,Qwen/Qwen2.5-VL-7B-Instruct,456,batch1,r
or15,1,The woman in jeans.,Qwen/Qwen2.5-VL-7B-Instruct,456,batch1,r
cs16,2,The heart-shaped tree,Qwen/Qwen2.5-VL-7B-Instruct,456,batch1,r
cs17,3,the lightning,Qwen/Qwen2.5-VL-7B-Instruct,456,batch1,r
cs18,3,The elephant,Qwen/Qwen2.5-VL-7B-Instruct,456,batch1,r
cs19,2,laptops,Qwen/Qwen2.5-VL-7B-Instruct,456,batch1,r
cs20,2,The man.,Qwen/Qwen2.5-VL-7B-Instruct,456,batch1,r
cs21,4,the kid in a yellow shirt,Qwen/Qwen2.5-VL-7B-Instruct,456,batch1,r
cs22,2,sun,Qwen/Qwen2.5-VL-7B-Instruct,456,batch1,r
cs23,2,door,Qwen/Qwen2.5-VL-7B-Instruct,456,batch1,r
cs24,3,The phone,Qwen/Qwen2.5-VL-7B-Instruct,456,batch1,r
cs25,2,the woman holding a note,Qwen/Qwen2.5-VL-7B-Instruct,456,batch1,r
cs26,3,air pump,Qwen/Qwen2.5-VL-7B-Instruct,456,batch1,r
cs27,1,the woman's left foot,Qwen/Qwen2.5-VL-7B-Instruct,456,batch1,r
cs28,4,The pig.,Qwen/Qwen2.5-VL-7B-Instruct,456,batch1,r
cs29,3,cannot say,Qwen/Qwen2.5-VL-7B-Instruct,456,batch1,r
cs30,2,cannot say,Qwen/Qwen2.5-VL-7B-Instruct,456,batch1,r
de31,3,Dog collar,Qwen/Qwen2.5-VL-7B-Instruct,456,batch1,r
de32,3,the person,Qwen/Qwen2.5-VL-7B-Instruct,456,batch1,r
de33,2,torch,Qwen/Qwen2.5-VL-7B-Instruct,456,batch1,r
de34,1,mug,Qwen/Qwen2.5-VL-7B-Instruct,456,batch1,r
de35,1,magnifying glass,Qwen/Qwen2.5-VL-7B-Instruct,456,batch1,r
de36,1,cigarette box,Qwen/Qwen2.5-VL-7B-Instruct,456,batch1,r
de37,1,the people,Qwen/Qwen2.5-VL-7B-Instruct,456,batch1,r
de38,4,The bike.,Qwen/Qwen2.5-VL-7B-Instruct,456,batch1,r
de39,1,The mug.,Qwen/Qwen2.5-VL-7B-Instruct,456,batch1,r
de40,1,The little girl.,Qwen/Qwen2.5-VL-7B-Instruct,456,batch1,r
de41,1,The fingerprint scanner.,Qwen/Qwen2.5-VL-7B-Instruct,456,batch1,r
de42,3,The big window.,Qwen/Qwen2.5-VL-7B-Instruct,456,batch1,r
de43,1,The puzzle pieces,Qwen/Qwen2.5-VL-7B-Instruct,456,batch1,r
de44,3,The book with a brick on it.,Qwen/Qwen2.5-VL-7B-Instruct,456,batch1,r
de45,3,VR goggle,Qwen/Qwen2.5-VL-7B-Instruct,456,batch1,r
fr46,3,the scale,Qwen/Qwen2.5-VL-7B-Instruct,456,batch1,r
fr47,1,The bench.,Qwen/Qwen2.5-VL-7B-Instruct,456,batch1,r
fr48,2,The towel.,Qwen/Qwen2.5-VL-7B-Instruct,456,batch1,r
fr49,4,The electrode cap.,Qwen/Qwen2.5-VL-7B-Instruct,456,batch1,r
fr50,3,animal,Qwen/Qwen2.5-VL-7B-Instruct,456,batch1,r
fr51,2,The soldiers facing forward.,Qwen/Qwen2.5-VL-7B-Instruct,456,batch1,r
fr52,2,land,Qwen/Qwen2.5-VL-7B-Instruct,456,batch1,r
fr53,3,the big car,Qwen/Qwen2.5-VL-7B-Instruct,456,batch1,r
fr54,3,The piggy bank.,Qwen/Qwen2.5-VL-7B-Instruct,456,batch1,r
fr55,4,faucet,Qwen/Qwen2.5-VL-7B-Instruct,456,batch1,r
fr56,4,The quill pen,Qwen/Qwen2.5-VL-7B-Instruct,456,batch1,r
fr57,4,The pig broken in half.,Qwen/Qwen2.5-VL-7B-Instruct,456,batch1,r
fr58,1,The hammer,Qwen/Qwen2.5-VL-7B-Instruct,456,batch1,r
fr59,2,The woman with a notepad.,Qwen/Qwen2.5-VL-7B-Instruct,456,batch1,r
fr60,3,The woman on stage.,Qwen/Qwen2.5-VL-7B-Instruct,456,batch1,r
or16,3,The heart-shaped tree.,Qwen/Qwen2.5-VL-7B-Instruct,139,batch2,r
or17,4,the brain,Qwen/Qwen2.5-VL-7B-Instruct,139,batch2,r
or18,4,The elephant.,Qwen/Qwen2.5-VL-7B-Instruct,139,batch2,r
or19,3,laptops,Qwen/Qwen2.5-VL-7B-Instruct,139,batch2,r
or20,4,The man,Qwen/Qwen2.5-VL-7B-Instruct,139,batch2,r
or21,4,the screen,Qwen/Qwen2.5-VL-7B-Instruct,139,batch2,r
or22,3,sun,Qwen/Qwen2.5-VL-7B-Instruct,139,batch2,r
or23,3,door,Qwen/Qwen2.5-VL-7B-Instruct,139,batch2,r
or24,4,phone,Qwen/Qwen2.5-VL-7B-Instruct,139,batch2,r
or25,4,The woman holding a note.,Qwen/Qwen2.5-VL-7B-Instruct,139,batch2,r
or26,3,The air pump,Qwen/Qwen2.5-VL-7B-Instruct,139,batch2,r
or27,4,the woman's left foot,Qwen/Qwen2.5-VL-7B-Instruct,139,batch2,r
or28,4,The surgeons,Qwen/Qwen2.5-VL-7B-Instruct,139,batch2,r
or29,3,can't say,Qwen/Qwen2.5-VL-7B-Instruct,139,batch2,r
or30,4,cannot say,Qwen/Qwen2.5-VL-7B-Instruct,139,batch2,r
cs31,2,The dog collar,Qwen/Qwen2.5-VL-7B-Instruct,139,batch2,r
cs32,3,person,Qwen/Qwen2.5-VL-7B-Instruct,139,batch2,r
cs33,3,torch,Qwen/Qwen2.5-VL-7B-Instruct,139,batch2,r
cs34,2,mug,Qwen/Qwen2.5-VL-7B-Instruct,139,batch2,r
cs35,2,magnifying glass,Qwen/Qwen2.5-VL-7B-Instruct,139,batch2,r
cs36,2,cigarette box,Qwen/Qwen2.5-VL-7B-Instruct,139,batch2,r
cs37,3,people,Qwen/Qwen2.5-VL-7B-Instruct,139,batch2,r
cs38,3,chart,Qwen/Qwen2.5-VL-7B-Instruct,139,batch2,r
cs39,3,The mug,Qwen/Qwen2.5-VL-7B-Instruct,139,batch2,r
cs40,1,The little girl.,Qwen/Qwen2.5-VL-7B-Instruct,139,batch2,r
cs41,3,fingerprint scanner,Qwen/Qwen2.5-VL-7B-Instruct,139,batch2,r
cs42,2,The bigger globe.,Qwen/Qwen2.5-VL-7B-Instruct,139,batch2,r
cs43,4,The puzzle pieces,Qwen/Qwen2.5-VL-7B-Instruct,139,batch2,r
cs44,3,The magnifying glass.,Qwen/Qwen2.5-VL-7B-Instruct,139,batch2,r
cs45,3,VR goggles,Qwen/Qwen2.5-VL-7B-Instruct,139,batch2,r
de46,2,The scale,Qwen/Qwen2.5-VL-7B-Instruct,139,batch2,r
de47,2,The couple.,Qwen/Qwen2.5-VL-7B-Instruct,139,batch2,r
de48,3,the book,Qwen/Qwen2.5-VL-7B-Instruct,139,batch2,r
de49,1,electrode cap,Qwen/Qwen2.5-VL-7B-Instruct,139,batch2,r
de50,2,animal,Qwen/Qwen2.5-VL-7B-Instruct,139,batch2,r
de51,2,The soldiers facing forward.,Qwen/Qwen2.5-VL-7B-Instruct,139,batch2,r
de52,2,the land,Qwen/Qwen2.5-VL-7B-Instruct,139,batch2,r
de53,3,The big car.,Qwen/Qwen2.5-VL-7B-Instruct,139,batch2,r
de54,1,piggy bank,Qwen/Qwen2.5-VL-7B-Instruct,139,batch2,r
de55,3,faucet,Qwen/Qwen2.5-VL-7B-Instruct,139,batch2,r
de56,3,The quill pen.,Qwen/Qwen2.5-VL-7B-Instruct,139,batch2,r
de57,4,the pig broken in half,Qwen/Qwen2.5-VL-7B-Instruct,139,batch2,r
de58,2,the hammer,Qwen/Qwen2.5-VL-7B-Instruct,139,batch2,r
de59,1,The laughing man,Qwen/Qwen2.5-VL-7B-Instruct,139,batch2,r
de60,2,The orchestra,Qwen/Qwen2.5-VL-7B-Instruct,139,batch2,r
fr61,3,Cylinders,Qwen/Qwen2.5-VL-7B-Instruct,139,batch2,r
fr62,1,The seal.,Qwen/Qwen2.5-VL-7B-Instruct,139,batch2,r
fr63,1,The corn.,Qwen/Qwen2.5-VL-7B-Instruct,139,batch2,r
fr64,3,The glove.,Qwen/Qwen2.5-VL-7B-Instruct,139,batch2,r
fr65,2,The ape.,Qwen/Qwen2.5-VL-7B-Instruct,139,batch2,r
fr66,2,The hourglass,Qwen/Qwen2.5-VL-7B-Instruct,139,batch2,r
fr67,3,yellow balls,Qwen/Qwen2.5-VL-7B-Instruct,139,batch2,r
fr68,2,The shield.,Qwen/Qwen2.5-VL-7B-Instruct,139,batch2,r
fr69,3,The man with his hand on his chin,Qwen/Qwen2.5-VL-7B-Instruct,139,batch2,r
fr70,2,arrow,Qwen/Qwen2.5-VL-7B-Instruct,139,batch2,r
fr71,1,flames,Qwen/Qwen2.5-VL-7B-Instruct,139,batch2,r
fr72,2,The red flower-shaped object with a pointy middle.,Qwen/Qwen2.5-VL-7B-Instruct,139,batch2,r
fr73,3,The lamps.,Qwen/Qwen2.5-VL-7B-Instruct,139,batch2,r
fr74,2,Everything equal,Qwen/Qwen2.5-VL-7B-Instruct,139,batch2,r
fr75,2,The trees in the lower left corner.,Qwen/Qwen2.5-VL-7B-Instruct,139,batch2,r
or16,2,The heart-shaped tree.,Qwen/Qwen2.5-VL-7B-Instruct,210,batch2,r
or17,3,Everything equal,Qwen/Qwen2.5-VL-7B-Instruct,210,batch2,r
or18,3,elephant,Qwen/Qwen2.5-VL-7B-Instruct,210,batch2,r
or19,3,The man in a wheelchair.,Qwen/Qwen2.5-VL-7B-Instruct,210,batch2,r
or20,3,man,Qwen/Qwen2.5-VL-7B-Instruct,210,batch2,r
or21,3,The kid in a yellow shirt,Qwen/Qwen2.5-VL-7B-Instruct,210,batch2,r
or22,3,sun,Qwen/Qwen2.5-VL-7B-Instruct,210,batch2,r
or23,3,The door.,Qwen/Qwen2.5-VL-7B-Instruct,210,batch2,r
or24,4,flags,Qwen/Qwen2.5-VL-7B-Instruct,210,batch2,r
or25,3,The light,Qwen/Qwen2.5-VL-7B-Instruct,210,batch2,r
or26,3,The air pump.,Qwen/Qwen2.5-VL-7B-Instruct,210,batch2,r
or27,3,the woman's left foot,Qwen/Qwen2.5-VL-7B-Instruct,210,batch2,r
or28,4,pig,Qwen/Qwen2.5-VL-7B-Instruct,210,batch2,r
or29,1,cannot say,Qwen/Qwen2.5-VL-7B-Instruct,210,batch2,r
or30,3,flasks,Qwen/Qwen2.5-VL-7B-Instruct,210,batch2,r
cs31,4,dog collar,Qwen/Qwen2.5-VL-7B-Instruct,210,batch2,r
cs32,3,person,Qwen/Qwen2.5-VL-7B-Instruct,210,batch2,r
cs33,1,The torch,Qwen/Qwen2.5-VL-7B-Instruct,210,batch2,r
cs34,1,hands,Qwen/Qwen2.5-VL-7B-Instruct,210,batch2,r
cs35,1,magnifying glass,Qwen/Qwen2.5-VL-7B-Instruct,210,batch2,r
cs36,2,The cigarette box.,Qwen/Qwen2.5-VL-7B-Instruct,210,batch2,r
cs37,1,People,Qwen/Qwen2.5-VL-7B-Instruct,210,batch2,r
cs38,1,bike,Qwen/Qwen2.5-VL-7B-Instruct,210,batch2,r
cs39,3,The mug,Qwen/Qwen2.5-VL-7B-Instruct,210,batch2,r
cs40,2,the little girl,Qwen/Qwen2.5-VL-7B-Instruct,210,batch2,r
cs41,3,The fingerprint scanner.,Qwen/Qwen2.5-VL-7B-Instruct,210,batch2,r
cs42,2,The big window.,Qwen/Qwen2.5-VL-7B-Instruct,210,batch2,r
cs43,3,puzzle pieces,Qwen/Qwen2.5-VL-7B-Instruct,210,batch2,r
cs44,2,the book with a brick on it,Qwen/Qwen2.5-VL-7B-Instruct,210,batch2,r
cs45,3,The VR goggle,Qwen/Qwen2.5-VL-7B-Instruct,210,batch2,r
de46,2,scale,Qwen/Qwen2.5-VL-7B-Instruct,210,batch2,r
de47,1,The bench.,Qwen/Qwen2.5-VL-7B-Instruct,210,batch2,r
de48,2,the book,Qwen/Qwen2.5-VL-7B-Instruct,210,batch2,r
de49,1,the electrode cap,Qwen/Qwen2.5-VL-7B-Instruct,210,batch2,r
de50,1,animal,Qwen/Qwen2.5-VL-7B-Instruct,210,batch2,r
de51,2,The soldiers facing forward.,Qwen/Qwen2.5-VL-7B-Instruct,210,batch2,r
de52,4,The water.,Qwen/Qwen2.5-VL-7B-Instruct,210,batch2,r
de53,1,The big car.,Qwen/Qwen2.5-VL-7B-Instruct,210,batch2,r
de55,3,faucet,Qwen/Qwen2.5-VL-7B-Instruct,210,batch2,r
de56,4,The quill pen.,Qwen/Qwen2.5-VL-7B-Instruct,210,batch2,r
de57,2,pig broken in half,Qwen/Qwen2.5-VL-7B-Instruct,210,batch2,r
de58,2,The hammer.,Qwen/Qwen2.5-VL-7B-Instruct,210,batch2,r
de59,2,The woman with a notepad.,Qwen/Qwen2.5-VL-7B-Instruct,210,batch2,r
de60,4,The woman on stage.,Qwen/Qwen2.5-VL-7B-Instruct,210,batch2,r
fr61,2,cylinders,Qwen/Qwen2.5-VL-7B-Instruct,210,batch2,r
fr62,3,The seal.,Qwen/Qwen2.5-VL-7B-Instruct,210,batch2,r
fr63,3,corn,Qwen/Qwen2.5-VL-7B-Instruct,210,batch2,r
fr64,3,The magnifying glass,Qwen/Qwen2.5-VL-7B-Instruct,210,batch2,r
fr65,1,The ape.,Qwen/Qwen2.5-VL-7B-Instruct,210,batch2,r
fr66,2,lock,Qwen/Qwen2.5-VL-7B-Instruct,210,batch2,r
fr67,4,cannot say,Qwen/Qwen2.5-VL-7B-Instruct,210,batch2,r
fr68,1,shield,Qwen/Qwen2.5-VL-7B-Instruct,210,batch2,r
fr69,2,The sitting man wearing a hat.,Qwen/Qwen2.5-VL-7B-Instruct,210,batch2,r
fr70,2,arrow,Qwen/Qwen2.5-VL-7B-Instruct,210,batch2,r
fr71,2,the flames,Qwen/Qwen2.5-VL-7B-Instruct,210,batch2,r
fr72,1,The red flower-shaped object with a pointy middle.,Qwen/Qwen2.5-VL-7B-Instruct,210,batch2,r
fr73,3,The lamps.,Qwen/Qwen2.5-VL-7B-Instruct,210,batch2,r
fr74,4,The person in a yellow shirt,Qwen/Qwen2.5-VL-7B-Instruct,210,batch2,r
fr75,2,The trees in the lower left corner,Qwen/Qwen2.5-VL-7B-Instruct,210,batch2,r
or16,3,The heart-shaped tree.,Qwen/Qwen2.5-VL-7B-Instruct,333,batch2,r
or17,4,Everything equal,Qwen/Qwen2.5-VL-7B-Instruct,333,batch2,r
or18,4,the elephant,Qwen/Qwen2.5-VL-7B-Instruct,333,batch2,r
or19,4,The man in a wheelchair.,Qwen/Qwen2.5-VL-7B-Instruct,333,batch2,r
or20,4,The man,Qwen/Qwen2.5-VL-7B-Instruct,333,batch2,r
or21,4,kid in a yellow shirt,Qwen/Qwen2.5-VL-7B-Instruct,333,batch2,r
or22,4,sun,Qwen/Qwen2.5-VL-7B-Instruct,333,batch2,r
or23,3,door,Qwen/Qwen2.5-VL-7B-Instruct,333,batch2,r
or24,3,phone,Qwen/Qwen2.5-VL-7B-Instruct,333,batch2,r
or25,3,the woman holding a note,Qwen/Qwen2.5-VL-7B-Instruct,333,batch2,r
or26,3,air pump,Qwen/Qwen2.5-VL-7B-Instruct,333,batch2,r
or27,4,the woman's left foot,Qwen/Qwen2.5-VL-7B-Instruct,333,batch2,r
or28,4,The surgeons,Qwen/Qwen2.5-VL-7B-Instruct,333,batch2,r
or29,3,cannot say,Qwen/Qwen2.5-VL-7B-Instruct,333,batch2,r
or30,3,cannot say,Qwen/Qwen2.5-VL-7B-Instruct,333,batch2,r
cs31,2,dog collar,Qwen/Qwen2.5-VL-7B-Instruct,333,batch2,r
cs32,2,The front side of pedestal,Qwen/Qwen2.5-VL-7B-Instruct,333,batch2,r
cs33,3,torch,Qwen/Qwen2.5-VL-7B-Instruct,333,batch2,r
cs34,3,mug,Qwen/Qwen2.5-VL-7B-Instruct,333,batch2,r
cs35,1,magnifying glass,Qwen/Qwen2.5-VL-7B-Instruct,333,batch2,r
cs36,4,The cigarette box.,Qwen/Qwen2.5-VL-7B-Instruct,333,batch2,r
cs37,1,The people.,Qwen/Qwen2.5-VL-7B-Instruct,333,batch2,r
cs38,1,chart,Qwen/Qwen2.5-VL-7B-Instruct,333,batch2,r
cs39,4,mug,Qwen/Qwen2.5-VL-7B-Instruct,333,batch2,r
cs40,1,little girl,Qwen/Qwen2.5-VL-7B-Instruct,333,batch2,r
cs41,1,The fingerprint scanner.,Qwen/Qwen2.5-VL-7B-Instruct,333,batch2,r
cs42,1,The bigger globe.,Qwen/Qwen2.5-VL-7B-Instruct,333,batch2,r
cs43,4,Puzzle pieces,Qwen/Qwen2.5-VL-7B-Instruct,333,batch2,r
cs44,2,Book with a brick on it.,Qwen/Qwen2.5-VL-7B-Instruct,333,batch2,r
cs45,1,The VR goggle.,Qwen/Qwen2.5-VL-7B-Instruct,333,batch2,r
de46,3,The scale.,Qwen/Qwen2.5-VL-7B-Instruct,333,batch2,r
de47,1,the couple,Qwen/Qwen2.5-VL-7B-Instruct,333,batch2,r
de48,3,the book,Qwen/Qwen2.5-VL-7B-Instruct,333,batch2,r
de49,2,The electrode cap,Qwen/Qwen2.5-VL-7B-Instruct,333,batch2,r
de50,3,animal,Qwen/Qwen2.5-VL-7B-Instruct,333,batch2,r
de51,3,The soldiers facing forward,Qwen/Qwen2.5-VL-7B-Instruct,333,batch2,r
de52,2,the land,Qwen/Qwen2.5-VL-7B-Instruct,333,batch2,r
de53,2,The big car.,Qwen/Qwen2.5-VL-7B-Instruct,333,batch2,r
de54,3,piggy bank,Qwen/Qwen2.5-VL-7B-Instruct,333,batch2,r
de55,3,faucet,Qwen/Qwen2.5-VL-7B-Instruct,333,batch2,r
de56,4,The quill pen,Qwen/Qwen2.5-VL-7B-Instruct,333,batch2,r
de57,2,The bank.,Qwen/Qwen2.5-VL-7B-Instruct,333,batch2,r
de58,3,The hammer.,Qwen/Qwen2.5-VL-7B-Instruct,333,batch2,r
de59,2,Woman with a notepad,Qwen/Qwen2.5-VL-7B-Instruct,333,batch2,r
de60,2,The orchestra,Qwen/Qwen2.5-VL-7B-Instruct,333,batch2,r
fr61,3,The cylinders.,Qwen/Qwen2.5-VL-7B-Instruct,333,batch2,r
fr62,3,The seal.,Qwen/Qwen2.5-VL-7B-Instruct,333,batch2,r
fr63,2,The corn.,Qwen/Qwen2.5-VL-7B-Instruct,333,batch2,r
fr64,3,The magnifying glass,Qwen/Qwen2.5-VL-7B-Instruct,333,batch2,r
fr65,2,The ape.,Qwen/Qwen2.5-VL-7B-Instruct,333,batch2,r
fr66,2,lock,Qwen/Qwen2.5-VL-7B-Instruct,333,batch2,r
fr67,3,cannot say,Qwen/Qwen2.5-VL-7B-Instruct,333,batch2,r
fr68,2,The shield,Qwen/Qwen2.5-VL-7B-Instruct,333,batch2,r
fr69,4,The sitting man wearing a hat.,Qwen/Qwen2.5-VL-7B-Instruct,333,batch2,r
fr70,2,the dollar sign,Qwen/Qwen2.5-VL-7B-Instruct,333,batch2,r
fr71,1,The flames.,Qwen/Qwen2.5-VL-7B-Instruct,333,batch2,r
fr72,3,The red flower-shaped object with a pointy middle.,Qwen/Qwen2.5-VL-7B-Instruct,333,batch2,r
fr73,2,The lamps.,Qwen/Qwen2.5-VL-7B-Instruct,333,batch2,r
fr74,4,person in a yellow shirt,Qwen/Qwen2.5-VL-7B-Instruct,333,batch2,r
fr75,1,trees in the lower left corner,Qwen/Qwen2.5-VL-7B-Instruct,333,batch2,r
or16,4,the heart-shaped tree,Qwen/Qwen2.5-VL-7B-Instruct,408,batch2,r
or17,3,everything equal,Qwen/Qwen2.5-VL-7B-Instruct,408,batch2,r
or18,3,elephant,Qwen/Qwen2.5-VL-7B-Instruct,408,batch2,r
or19,4,laptops,Qwen/Qwen2.5-VL-7B-Instruct,408,batch2,r
or20,3,The man.,Qwen/Qwen2.5-VL-7B-Instruct,408,batch2,r
or21,4,The kid in a yellow shirt,Qwen/Qwen2.5-VL-7B-Instruct,408,batch2,r
or22,3,sun,Qwen/Qwen2.5-VL-7B-Instruct,408,batch2,r
or23,4,door,Qwen/Qwen2.5-VL-7B-Instruct,408,batch2,r
or24,4,phone,Qwen/Qwen2.5-VL-7B-Instruct,408,batch2,r
or25,4,the woman holding a note,Qwen/Qwen2.5-VL-7B-Instruct,408,batch2,r
or26,4,air pump,Qwen/Qwen2.5-VL-7B-Instruct,408,batch2,r
or27,3,the woman's left foot,Qwen/Qwen2.5-VL-7B-Instruct,408,batch2,r
or28,3,pig,Qwen/Qwen2.5-VL-7B-Instruct,408,batch2,r
or29,3,cannot say,Qwen/Qwen2.5-VL-7B-Instruct,408,batch2,r
or30,3,flasks,Qwen/Qwen2.5-VL-7B-Instruct,408,batch2,r
cs31,2,The dog collar.,Qwen/Qwen2.5-VL-7B-Instruct,408,batch2,r
cs32,2,Person,Qwen/Qwen2.5-VL-7B-Instruct,408,batch2,r
cs33,2,torch,Qwen/Qwen2.5-VL-7B-Instruct,408,batch2,r
cs34,2,The mug is at the most front of the image.,Qwen/Qwen2.5-VL-7B-Instruct,408,batch2,r
cs35,2,The magnifying glass.,Qwen/Qwen2.5-VL-7B-Instruct,408,batch2,r
cs36,2,cigarette,Qwen/Qwen2.5-VL-7B-Instruct,408,batch2,r
cs37,1,The people.,Qwen/Qwen2.5-VL-7B-Instruct,408,batch2,r
cs38,2,chart,Qwen/Qwen2.5-VL-7B-Instruct,408,batch2,r
cs39,3,The mug.,Qwen/Qwen2.5-VL-7B-Instruct,408,batch2,r
cs40,3,The little girl.,Qwen/Qwen2.5-VL-7B-Instruct,408,batch2,r
cs41,3,The fingerprint scanner.,Qwen/Qwen2.5-VL-7B-Instruct,408,batch2,r
cs42,1,The big window.,Qwen/Qwen2.5-VL-7B-Instruct,408,batch2,r
cs43,4,puzzle pieces,Qwen/Qwen2.5-VL-7B-Instruct,408,batch2,r
cs44,1,book with a brick on it,Qwen/Qwen2.5-VL-7B-Instruct,408,batch2,r
cs45,3,VR goggle,Qwen/Qwen2.5-VL-7B-Instruct,408,batch2,r
de46,3,The scale,Qwen/Qwen2.5-VL-7B-Instruct,408,batch2,r
de47,1,couple,Qwen/Qwen2.5-VL-7B-Instruct,408,batch2,r
de48,2,The bathtub.,Qwen/Qwen2.5-VL-7B-Instruct,408,batch2,r
de49,1,electrode cap,Qwen/Qwen2.5-VL-7B-Instruct,408,batch2,r
de50,1,The animal.,Qwen/Qwen2.5-VL-7B-Instruct,408,batch2,r
de51,2,The soldiers facing forward.,Qwen/Qwen2.5-VL-7B-Instruct,408,batch2,r
de52,4,The water,Qwen/Qwen2.5-VL-7B-Instruct,408,batch2,r
de53,3,The big car.,Qwen/Qwen2.5-VL-7B-Instruct,408,batch2,r
de54,2,The piggy bank,Qwen/Qwen2.5-VL-7B-Instruct,408,batch2,r
de55,4,faucet,Qwen/Qwen2.5-VL-7B-Instruct,408,batch2,r
de56,3,quill pen,Qwen/Qwen2.5-VL-7B-Instruct,408,batch2,r
de57,3,pig broken in half,Qwen/Qwen2.5-VL-7B-Instruct,408,batch2,r
de58,4,The people.,Qwen/Qwen2.5-VL-7B-Instruct,408,batch2,r
de59,2,The woman with a notepad,Qwen/Qwen2.5-VL-7B-Instruct,408,batch2,r
de60,4,The orchestra,Qwen/Qwen2.5-VL-7B-Instruct,408,batch2,r
fr61,3,cylinders,Qwen/Qwen2.5-VL-7B-Instruct,408,batch2,r
fr62,3,The seal.,Qwen/Qwen2.5-VL-7B-Instruct,408,batch2,r
fr63,3,The corn.,Qwen/Qwen2.5-VL-7B-Instruct,408,batch2,r
fr64,3,Magnifying glass,Qwen/Qwen2.5-VL-7B-Instruct,408,batch2,r
fr65,3,The ape,Qwen/Qwen2.5-VL-7B-Instruct,408,batch2,r
fr66,2,The lock.,Qwen/Qwen2.5-VL-7B-Instruct,408,batch2,r
fr67,3,yellow balls,Qwen/Qwen2.5-VL-7B-Instruct,408,batch2,r
fr68,3,The shield.,Qwen/Qwen2.5-VL-7B-Instruct,408,batch2,r
fr69,3,the sitting man wearing a hat,Qwen/Qwen2.5-VL-7B-Instruct,408,batch2,r
fr70,1,The arrow.,Qwen/Qwen2.5-VL-7B-Instruct,408,batch2,r
fr71,4,The flames.,Qwen/Qwen2.5-VL-7B-Instruct,408,batch2,r
fr72,1,The red flower-shaped object with a pointy middle.,Qwen/Qwen2.5-VL-7B-Instruct,408,batch2,r
fr73,2,The lamps,Qwen/Qwen2.5-VL-7B-Instruct,408,batch2,r
fr74,2,The person in a yellow shirt,Qwen/Qwen2.5-VL-7B-Instruct,408,batch2,r
fr75,2,the cliffs on the right,Qwen/Qwen2.5-VL-7B-Instruct,408,batch2,r
or16,4,the heart-shaped tree,Qwen/Qwen2.5-VL-7B-Instruct,452,batch2,r
or17,3,Everything equal,Qwen/Qwen2.5-VL-7B-Instruct,452,batch2,r
or18,4,elephant,Qwen/Qwen2.5-VL-7B-Instruct,452,batch2,r
or19,3,man in a wheelchair,Qwen/Qwen2.5-VL-7B-Instruct,452,batch2,r
or20,4,The man.,Qwen/Qwen2.5-VL-7B-Instruct,452,batch2,r
or21,4,kid in a yellow shirt,Qwen/Qwen2.5-VL-7B-Instruct,452,batch2,r
or22,3,sun,Qwen/Qwen2.5-VL-7B-Instruct,452,batch2,r
or23,3,The door.,Qwen/Qwen2.5-VL-7B-Instruct,452,batch2,r
or24,4,The flags,Qwen/Qwen2.5-VL-7B-Instruct,452,batch2,r
or25,4,woman holding a note,Qwen/Qwen2.5-VL-7B-Instruct,452,batch2,r
or26,3,air pump,Qwen/Qwen2.5-VL-7B-Instruct,452,batch2,r
or27,4,the woman's left foot,Qwen/Qwen2.5-VL-7B-Instruct,452,batch2,r
or28,4,pig,Qwen/Qwen2.5-VL-7B-Instruct,452,batch2,r
or29,3,Cannot say,Qwen/Qwen2.5-VL-7B-Instruct,452,batch2,r
or30,2,flasks,Qwen/Qwen2.5-VL-7B-Instruct,452,batch2,r
cs31,2,the dog collar,Qwen/Qwen2.5-VL-7B-Instruct,452,batch2,r
cs32,3,The diamond,Qwen/Qwen2.5-VL-7B-Instruct,452,batch2,r
cs33,2,torch,Qwen/Qwen2.5-VL-7B-Instruct,452,batch2,r
cs34,3,hands,Qwen/Qwen2.5-VL-7B-Instruct,452,batch2,r
cs35,3,The magnifying glass.,Qwen/Qwen2.5-VL-7B-Instruct,452,batch2,r
cs36,2,The cigarette box.,Qwen/Qwen2.5-VL-7B-Instruct,452,batch2,r
cs37,1,people,Qwen/Qwen2.5-VL-7B-Instruct,452,batch2,r
cs38,4,bike,Qwen/Qwen2.5-VL-7B-Instruct,452,batch2,r
cs39,4,The mug.,Qwen/Qwen2.5-VL-7B-Instruct,452,batch2,r
cs40,1,little girl,Qwen/Qwen2.5-VL-7B-Instruct,452,batch2,r
cs41,1,The fingerprint scanner.,Qwen/Qwen2.5-VL-7B-Instruct,452,batch2,r
cs42,1,big window,Qwen/Qwen2.5-VL-7B-Instruct,452,batch2,r
cs43,2,puzzle pieces,Qwen/Qwen2.5-VL-7B-Instruct,452,batch2,r
cs44,4,The magnifying glass,Qwen/Qwen2.5-VL-7B-Instruct,452,batch2,r
cs45,2,The VR goggles.,Qwen/Qwen2.5-VL-7B-Instruct,452,batch2,r
de46,3,scale,Qwen/Qwen2.5-VL-7B-Instruct,452,batch2,r
de48,2,The towel.,Qwen/Qwen2.5-VL-7B-Instruct,452,batch2,r
de49,2,The electrode cap.,Qwen/Qwen2.5-VL-7B-Instruct,452,batch2,r
de50,1,animal,Qwen/Qwen2.5-VL-7B-Instruct,452,batch2,r
de51,2,The soldiers facing forward.,Qwen/Qwen2.5-VL-7B-Instruct,452,batch2,r
de52,3,the water,Qwen/Qwen2.5-VL-7B-Instruct,452,batch2,r
de53,1,The big car.,Qwen/Qwen2.5-VL-7B-Instruct,452,batch2,r
de54,4,piggy bank,Qwen/Qwen2.5-VL-7B-Instruct,452,batch2,r
de55,3,faucet,Qwen/Qwen2.5-VL-7B-Instruct,452,batch2,r
de56,1,The quill pen.,Qwen/Qwen2.5-VL-7B-Instruct,452,batch2,r
de57,3,The pig broken in half.,Qwen/Qwen2.5-VL-7B-Instruct,452,batch2,r
de58,2,the hammer,Qwen/Qwen2.5-VL-7B-Instruct,452,batch2,r
de59,2,The woman with a notepad.,Qwen/Qwen2.5-VL-7B-Instruct,452,batch2,r
de60,2,The orchestra,Qwen/Qwen2.5-VL-7B-Instruct,452,batch2,r
fr61,3,cylinders,Qwen/Qwen2.5-VL-7B-Instruct,452,batch2,r
fr62,2,The seal.,Qwen/Qwen2.5-VL-7B-Instruct,452,batch2,r
fr63,3,The corn.,Qwen/Qwen2.5-VL-7B-Instruct,452,batch2,r
fr64,3,The magnifying glass.,Qwen/Qwen2.5-VL-7B-Instruct,452,batch2,r
fr65,4,the ape,Qwen/Qwen2.5-VL-7B-Instruct,452,batch2,r
fr66,3,-lock,Qwen/Qwen2.5-VL-7B-Instruct,452,batch2,r
fr67,3,yellow balls,Qwen/Qwen2.5-VL-7B-Instruct,452,batch2,r
fr68,2,Shield,Qwen/Qwen2.5-VL-7B-Instruct,452,batch2,r
fr69,2,The sitting man wearing a hat.,Qwen/Qwen2.5-VL-7B-Instruct,452,batch2,r
fr70,2,arrow,Qwen/Qwen2.5-VL-7B-Instruct,452,batch2,r
fr71,1,flames,Qwen/Qwen2.5-VL-7B-Instruct,452,batch2,r
fr72,2,The red flower-shaped object with a pointy middle is at the most front of,Qwen/Qwen2.5-VL-7B-Instruct,452,batch2,r
fr73,2,The lamps,Qwen/Qwen2.5-VL-7B-Instruct,452,batch2,r
fr74,4,The person in a yellow shirt.,Qwen/Qwen2.5-VL-7B-Instruct,452,batch2,r
fr75,3,trees in the lower left corner,Qwen/Qwen2.5-VL-7B-Instruct,452,batch2,r
or16,4,the kid in a striped shirt,Qwen/Qwen2.5-VL-7B-Instruct,456,batch2,r
or17,3,brain,Qwen/Qwen2.5-VL-7B-Instruct,456,batch2,r
or18,4,The elephant.,Qwen/Qwen2.5-VL-7B-Instruct,456,batch2,r
or19,2,The man in a wheelchair.,Qwen/Qwen2.5-VL-7B-Instruct,456,batch2,r
or20,4,The man.,Qwen/Qwen2.5-VL-7B-Instruct,456,batch2,r
or21,4,The screen.,Qwen/Qwen2.5-VL-7B-Instruct,456,batch2,r
or22,3,sun,Qwen/Qwen2.5-VL-7B-Instruct,456,batch2,r
or23,3,The staircase,Qwen/Qwen2.5-VL-7B-Instruct,456,batch2,r
or24,4,The phone,Qwen/Qwen2.5-VL-7B-Instruct,456,batch2,r
or25,4,The light,Qwen/Qwen2.5-VL-7B-Instruct,456,batch2,r
or26,3,air pump,Qwen/Qwen2.5-VL-7B-Instruct,456,batch2,r
or27,4,the woman's left foot,Qwen/Qwen2.5-VL-7B-Instruct,456,batch2,r
or28,4,The pig.,Qwen/Qwen2.5-VL-7B-Instruct,456,batch2,r
or29,3,cannot say,Qwen/Qwen2.5-VL-7B-Instruct,456,batch2,r
or30,3,flasks,Qwen/Qwen2.5-VL-7B-Instruct,456,batch2,r
cs31,2,dog collar,Qwen/Qwen2.5-VL-7B-Instruct,456,batch2,r
cs32,1,The person.,Qwen/Qwen2.5-VL-7B-Instruct,456,batch2,r
cs33,3,torch,Qwen/Qwen2.5-VL-7B-Instruct,456,batch2,r
cs34,2,the mug,Qwen/Qwen2.5-VL-7B-Instruct,456,batch2,r
cs35,1,The magnifying glass.,Qwen/Qwen2.5-VL-7B-Instruct,456,batch2,r
cs36,1,cigarette box,Qwen/Qwen2.5-VL-7B-Instruct,456,batch2,r
cs37,2,The sun.,Qwen/Qwen2.5-VL-7B-Instruct,456,batch2,r
cs38,2,bike,Qwen/Qwen2.5-VL-7B-Instruct,456,batch2,r
cs39,3,The mug.,Qwen/Qwen2.5-VL-7B-Instruct,456,batch2,r
cs40,2,little girl,Qwen/Qwen2.5-VL-7B-Instruct,456,batch2,r
cs41,1,The fingerprint scanner.,Qwen/Qwen2.5-VL-7B-Instruct,456,batch2,r
cs42,2,The big window.,Qwen/Qwen2.5-VL-7B-Instruct,456,batch2,r
cs43,3,puzzle pieces,Qwen/Qwen2.5-VL-7B-Instruct,456,batch2,r
cs44,3,The magnifying glass.,Qwen/Qwen2.5-VL-7B-Instruct,456,batch2,r
cs45,2,VR goggles,Qwen/Qwen2.5-VL-7B-Instruct,456,batch2,r
de46,3,scale,Qwen/Qwen2.5-VL-7B-Instruct,456,batch2,r
de47,1,bench,Qwen/Qwen2.5-VL-7B-Instruct,456,batch2,r
de48,2,the towel,Qwen/Qwen2.5-VL-7B-Instruct,456,batch2,r
de49,1,The electrode cap.,Qwen/Qwen2.5-VL-7B-Instruct,456,batch2,r
de50,1,animal,Qwen/Qwen2.5-VL-7B-Instruct,456,batch2,r
de51,2,The trucks.,Qwen/Qwen2.5-VL-7B-Instruct,456,batch2,r
de52,3,The water,Qwen/Qwen2.5-VL-7B-Instruct,456,batch2,r
de53,2,The big car.,Qwen/Qwen2.5-VL-7B-Instruct,456,batch2,r
de54,1,The piggy bank.,Qwen/Qwen2.5-VL-7B-Instruct,456,batch2,r
de55,4,faucet,Qwen/Qwen2.5-VL-7B-Instruct,456,batch2,r
de56,3,the quill pen,Qwen/Qwen2.5-VL-7B-Instruct,456,batch2,r
de57,3,pig broken in half,Qwen/Qwen2.5-VL-7B-Instruct,456,batch2,r
de58,2,the hammer,Qwen/Qwen2.5-VL-7B-Instruct,456,batch2,r
de59,3,The woman with a notepad.,Qwen/Qwen2.5-VL-7B-Instruct,456,batch2,r
de60,1,The woman on stage,Qwen/Qwen2.5-VL-7B-Instruct,456,batch2,r
fr61,3,The cylinders.,Qwen/Qwen2.5-VL-7B-Instruct,456,batch2,r
fr62,3,the seal,Qwen/Qwen2.5-VL-7B-Instruct,456,batch2,r
fr63,3,The corn,Qwen/Qwen2.5-VL-7B-Instruct,456,batch2,r
fr64,2,The glove,Qwen/Qwen2.5-VL-7B-Instruct,456,batch2,r
fr65,3,the ape,Qwen/Qwen2.5-VL-7B-Instruct,456,batch2,r
fr66,2,lock,Qwen/Qwen2.5-VL-7B-Instruct,456,batch2,r
fr67,3,yellow balls,Qwen/Qwen2.5-VL-7B-Instruct,456,batch2,r
fr68,2,shield,Qwen/Qwen2.5-VL-7B-Instruct,456,batch2,r
fr69,2,The sitting man wearing a hat.,Qwen/Qwen2.5-VL-7B-Instruct,456,batch2,r
fr70,2,arrow,Qwen/Qwen2.5-VL-7B-Instruct,456,batch2,r
fr71,1,flames,Qwen/Qwen2.5-VL-7B-Instruct,456,batch2,r
fr72,4,red flower-shaped object with a pointy middle,Qwen/Qwen2.5-VL-7B-Instruct,456,batch2,r
fr73,2,The lamps,Qwen/Qwen2.5-VL-7B-Instruct,456,batch2,r
fr74,4,The person in a yellow shirt,Qwen/Qwen2.5-VL-7B-Instruct,456,batch2,r
fr75,1,The cliffs on the right.,Qwen/Qwen2.5-VL-7B-Instruct,456,batch2,r
or16,4,the heart-shaped tree,Qwen/Qwen2.5-VL-7B-Instruct,465,batch2,r
or17,4,everything equal,Qwen/Qwen2.5-VL-7B-Instruct,465,batch2,r
or18,4,The elephant.,Qwen/Qwen2.5-VL-7B-Instruct,465,batch2,r
or19,3,The man in a wheelchair.,Qwen/Qwen2.5-VL-7B-Instruct,465,batch2,r
or20,3,The man.,Qwen/Qwen2.5-VL-7B-Instruct,465,batch2,r
or21,4,the screen,Qwen/Qwen2.5-VL-7B-Instruct,465,batch2,r
or22,3,sun,Qwen/Qwen2.5-VL-7B-Instruct,465,batch2,r
or23,3,The door,Qwen/Qwen2.5-VL-7B-Instruct,465,batch2,r
or24,4,phone,Qwen/Qwen2.5-VL-7B-Instruct,465,batch2,r
or25,4,The light,Qwen/Qwen2.5-VL-7B-Instruct,465,batch2,r
or26,3,air pump,Qwen/Qwen2.5-VL-7B-Instruct,465,batch2,r
or27,2,the shoes,Qwen/Qwen2.5-VL-7B-Instruct,465,batch2,r
or28,2,The pig,Qwen/Qwen2.5-VL-7B-Instruct,465,batch2,r
or29,2,cannot say,Qwen/Qwen2.5-VL-7B-Instruct,465,batch2,r
or30,3,flasks,Qwen/Qwen2.5-VL-7B-Instruct,465,batch2,r
cs31,2,The dog collar,Qwen/Qwen2.5-VL-7B-Instruct,465,batch2,r
cs32,3,person,Qwen/Qwen2.5-VL-7B-Instruct,465,batch2,r
cs33,4,torch,Qwen/Qwen2.5-VL-7B-Instruct,465,batch2,r
cs34,2,the mug,Qwen/Qwen2.5-VL-7B-Instruct,465,batch2,r
cs35,1,The magnifying glass.,Qwen/Qwen2.5-VL-7B-Instruct,465,batch2,r
cs36,1,cigarette box,Qwen/Qwen2.5-VL-7B-Instruct,465,batch2,r
cs37,4,sun,Qwen/Qwen2.5-VL-7B-Instruct,465,batch2,r
cs38,2,chart,Qwen/Qwen2.5-VL-7B-Instruct,465,batch2,r
cs39,2,The mug,Qwen/Qwen2.5-VL-7B-Instruct,465,batch2,r
cs40,3,little girl,Qwen/Qwen2.5-VL-7B-Instruct,465,batch2,r
cs41,3,The fingerprint scanner,Qwen/Qwen2.5-VL-7B-Instruct,465,batch2,r
cs42,1,The big window,Qwen/Qwen2.5-VL-7B-Instruct,465,batch2,r
cs43,4,puzzle pieces,Qwen/Qwen2.5-VL-7B-Instruct,465,batch2,r
cs44,1,The magnifying glass,Qwen/Qwen2.5-VL-7B-Instruct,465,batch2,r
cs45,1,VR goggles,Qwen/Qwen2.5-VL-7B-Instruct,465,batch2,r
de46,3,scale,Qwen/Qwen2.5-VL-7B-Instruct,465,batch2,r
de47,1,The couple,Qwen/Qwen2.5-VL-7B-Instruct,465,batch2,r
de48,4,the book,Qwen/Qwen2.5-VL-7B-Instruct,465,batch2,r
de49,1,The electrode cap.,Qwen/Qwen2.5-VL-7B-Instruct,465,batch2,r
de50,1,The animal.,Qwen/Qwen2.5-VL-7B-Instruct,465,batch2,r
de51,3,The soldiers facing forward.,Qwen/Qwen2.5-VL-7B-Instruct,465,batch2,r
de52,2,the land,Qwen/Qwen2.5-VL-7B-Instruct,465,batch2,r
de53,1,The big car.,Qwen/Qwen2.5-VL-7B-Instruct,465,batch2,r
de54,3,piggy bank,Qwen/Qwen2.5-VL-7B-Instruct,465,batch2,r
de55,3,faucet,Qwen/Qwen2.5-VL-7B-Instruct,465,batch2,r
de56,3,The quill pen.,Qwen/Qwen2.5-VL-7B-Instruct,465,batch2,r
de57,2,The pig broken in half.,Qwen/Qwen2.5-VL-7B-Instruct,465,batch2,r
de58,2,the hammer,Qwen/Qwen2.5-VL-7B-Instruct,465,batch2,r
de60,1,the woman on stage,Qwen/Qwen2.5-VL-7B-Instruct,465,batch2,r
fr61,3,The cylinders.,Qwen/Qwen2.5-VL-7B-Instruct,465,batch2,r
fr62,3,The seal,Qwen/Qwen2.5-VL-7B-Instruct,465,batch2,r
fr63,3,tomatoes,Qwen/Qwen2.5-VL-7B-Instruct,465,batch2,r
fr64,1,The glove.,Qwen/Qwen2.5-VL-7B-Instruct,465,batch2,r
fr65,2,The ape.,Qwen/Qwen2.5-VL-7B-Instruct,465,batch2,r
fr66,2,hourglass,Qwen/Qwen2.5-VL-7B-Instruct,465,batch2,r
fr67,3,cannot say,Qwen/Qwen2.5-VL-7B-Instruct,465,batch2,r
fr68,4,The shield.,Qwen/Qwen2.5-VL-7B-Instruct,465,batch2,r
fr69,2,The sitting man wearing a hat,Qwen/Qwen2.5-VL-7B-Instruct,465,batch2,r
fr70,3,The arrow.,Qwen/Qwen2.5-VL-7B-Instruct,465,batch2,r
fr71,2,the flames,Qwen/Qwen2.5-VL-7B-Instruct,465,batch2,r
fr72,2,The red flower-shaped object with a pointy middle.,Qwen/Qwen2.5-VL-7B-Instruct,465,batch2,r
fr73,3,The lamps.,Qwen/Qwen2.5-VL-7B-Instruct,465,batch2,r
fr74,1,The person in a yellow shirt,Qwen/Qwen2.5-VL-7B-Instruct,465,batch2,r
fr75,2,The cliffs on the right,Qwen/Qwen2.5-VL-7B-Instruct,465,batch2,r
or16,3,the heart-shaped tree,Qwen/Qwen2.5-VL-7B-Instruct,468,batch2,r
or17,3,Everything equal,Qwen/Qwen2.5-VL-7B-Instruct,468,batch2,r
or18,4,The elephant,Qwen/Qwen2.5-VL-7B-Instruct,468,batch2,r
or19,2,The man in a wheelchair.,Qwen/Qwen2.5-VL-7B-Instruct,468,batch2,r
or20,4,The man.,Qwen/Qwen2.5-VL-7B-Instruct,468,batch2,r
or21,3,screen,Qwen/Qwen2.5-VL-7B-Instruct,468,batch2,r
or22,4,The sun,Qwen/Qwen2.5-VL-7B-Instruct,468,batch2,r
or23,3,door,Qwen/Qwen2.5-VL-7B-Instruct,468,batch2,r
or24,2,the phone,Qwen/Qwen2.5-VL-7B-Instruct,468,batch2,r
or25,4,the light,Qwen/Qwen2.5-VL-7B-Instruct,468,batch2,r
or26,4,The air pump,Qwen/Qwen2.5-VL-7B-Instruct,468,batch2,r
or27,4,the woman's left foot,Qwen/Qwen2.5-VL-7B-Instruct,468,batch2,r
or28,4,The liver.,Qwen/Qwen2.5-VL-7B-Instruct,468,batch2,r
or29,4,cannot say,Qwen/Qwen2.5-VL-7B-Instruct,468,batch2,r
or30,4,flasks,Qwen/Qwen2.5-VL-7B-Instruct,468,batch2,r
cs31,2,the dog collar,Qwen/Qwen2.5-VL-7B-Instruct,468,batch2,r
cs32,4,The person,Qwen/Qwen2.5-VL-7B-Instruct,468,batch2,r
cs33,4,The torch.,Qwen/Qwen2.5-VL-7B-Instruct,468,batch2,r
cs34,3,hands,Qwen/Qwen2.5-VL-7B-Instruct,468,batch2,r
cs35,2,The magnifying glass.,Qwen/Qwen2.5-VL-7B-Instruct,468,batch2,r
cs36,2,The cigarette,Qwen/Qwen2.5-VL-7B-Instruct,468,batch2,r
cs37,1,The people.,Qwen/Qwen2.5-VL-7B-Instruct,468,batch2,r
cs38,4,The bike,Qwen/Qwen2.5-VL-7B-Instruct,468,batch2,r
cs39,2,The mug.,Qwen/Qwen2.5-VL-7B-Instruct,468,batch2,r
cs40,1,The little girl.,Qwen/Qwen2.5-VL-7B-Instruct,468,batch2,r
cs41,2,The fingerprint scanner.,Qwen/Qwen2.5-VL-7B-Instruct,468,batch2,r
cs42,1,The big window.,Qwen/Qwen2.5-VL-7B-Instruct,468,batch2,r
cs43,1,puzzle pieces,Qwen/Qwen2.5-VL-7B-Instruct,468,batch2,r
cs44,2,The magnifying glass.,Qwen/Qwen2.5-VL-7B-Instruct,468,batch2,r
cs45,2,VR goggle,Qwen/Qwen2.5-VL-7B-Instruct,468,batch2,r
de46,3,The scale.,Qwen/Qwen2.5-VL-7B-Instruct,468,batch2,r
de47,1,The bench.,Qwen/Qwen2.5-VL-7B-Instruct,468,batch2,r
de48,4,The book.,Qwen/Qwen2.5-VL-7B-Instruct,468,batch2,r
de49,1,The electrode cap.,Qwen/Qwen2.5-VL-7B-Instruct,468,batch2,r
de50,2,animal,Qwen/Qwen2.5-VL-7B-Instruct,468,batch2,r
de51,2,The soldiers facing forward.,Qwen/Qwen2.5-VL-7B-Instruct,468,batch2,r
de52,4,land,Qwen/Qwen2.5-VL-7B-Instruct,468,batch2,r
de53,1,The big car.,Qwen/Qwen2.5-VL-7B-Instruct,468,batch2,r
de54,2,The piggy bank,Qwen/Qwen2.5-VL-7B-Instruct,468,batch2,r
de55,4,faucet,Qwen/Qwen2.5-VL-7B-Instruct,468,batch2,r
de56,4,The quill pen.,Qwen/Qwen2.5-VL-7B-Instruct,468,batch2,r
de57,1,pig broken in half,Qwen/Qwen2.5-VL-7B-Instruct,468,batch2,r
de58,3,the hammer,Qwen/Qwen2.5-VL-7B-Instruct,468,batch2,r
de59,1,The laughing man.,Qwen/Qwen2.5-VL-7B-Instruct,468,batch2,r
de60,3,the woman on stage,Qwen/Qwen2.5-VL-7B-Instruct,468,batch2,r
fr61,3,The cylinders.,Qwen/Qwen2.5-VL-7B-Instruct,468,batch2,r
fr62,3,seal,Qwen/Qwen2.5-VL-7B-Instruct,468,batch2,r
fr63,2,The corn.,Qwen/Qwen2.5-VL-7B-Instruct,468,batch2,r
fr64,3,The magnifying glass.,Qwen/Qwen2.5-VL-7B-Instruct,468,batch2,r
fr65,3,The ape.,Qwen/Qwen2.5-VL-7B-Instruct,468,batch2,r
fr66,2,lock,Qwen/Qwen2.5-VL-7B-Instruct,468,batch2,r
fr67,3,cannot say,Qwen/Qwen2.5-VL-7B-Instruct,468,batch2,r
fr68,2,The shield,Qwen/Qwen2.5-VL-7B-Instruct,468,batch2,r
fr69,2,The chalkboard,Qwen/Qwen2.5-VL-7B-Instruct,468,batch2,r
fr70,1,arrow,Qwen/Qwen2.5-VL-7B-Instruct,468,batch2,r
fr71,2,The flames,Qwen/Qwen2.5-VL-7B-Instruct,468,batch2,r
fr72,3,The red flower-shaped object with a pointy middle.,Qwen/Qwen2.5-VL-7B-Instruct,468,batch2,r
fr73,2,The lamps,Qwen/Qwen2.5-VL-7B-Instruct,468,batch2,r
fr74,3,Person in a yellow shirt,Qwen/Qwen2.5-VL-7B-Instruct,468,batch2,r
fr75,3,The trees in the lower left corner.,Qwen/Qwen2.5-VL-7B-Instruct,468,batch2,r
or16,3,The heart-shaped tree,Qwen/Qwen2.5-VL-7B-Instruct,476,batch2,r
or17,3,the brain,Qwen/Qwen2.5-VL-7B-Instruct,476,batch2,r
or18,4,The elephant.,Qwen/Qwen2.5-VL-7B-Instruct,476,batch2,r
or19,4,The man in a wheelchair,Qwen/Qwen2.5-VL-7B-Instruct,476,batch2,r
or20,4,The man,Qwen/Qwen2.5-VL-7B-Instruct,476,batch2,r
or21,4,The kid in a yellow shirt,Qwen/Qwen2.5-VL-7B-Instruct,476,batch2,r
or22,3,sun,Qwen/Qwen2.5-VL-7B-Instruct,476,batch2,r
or23,2,door,Qwen/Qwen2.5-VL-7B-Instruct,476,batch2,r
or24,4,The phone,Qwen/Qwen2.5-VL-7B-Instruct,476,batch2,r
or25,4,the woman holding a note,Qwen/Qwen2.5-VL-7B-Instruct,476,batch2,r
or26,2,the bike,Qwen/Qwen2.5-VL-7B-Instruct,476,batch2,r
or27,4,the woman's left foot,Qwen/Qwen2.5-VL-7B-Instruct,476,batch2,r
or28,4,The pig.,Qwen/Qwen2.5-VL-7B-Instruct,476,batch2,r
or29,3,Man with a beard,Qwen/Qwen2.5-VL-7B-Instruct,476,batch2,r
or30,3,flasks,Qwen/Qwen2.5-VL-7B-Instruct,476,batch2,r
cs31,4,The dog collar,Qwen/Qwen2.5-VL-7B-Instruct,476,batch2,r
cs32,4,The diamond,Qwen/Qwen2.5-VL-7B-Instruct,476,batch2,r
cs33,3,The torch.,Qwen/Qwen2.5-VL-7B-Instruct,476,batch2,r
cs34,3,hands,Qwen/Qwen2.5-VL-7B-Instruct,476,batch2,r
cs35,1,The magnifying glass,Qwen/Qwen2.5-VL-7B-Instruct,476,batch2,r
cs36,2,The cigarette.,Qwen/Qwen2.5-VL-7B-Instruct,476,batch2,r
cs37,1,The people,Qwen/Qwen2.5-VL-7B-Instruct,476,batch2,r
cs38,1,chart,Qwen/Qwen2.5-VL-7B-Instruct,476,batch2,r
cs39,3,The mug.,Qwen/Qwen2.5-VL-7B-Instruct,476,batch2,r
cs40,2,little girl,Qwen/Qwen2.5-VL-7B-Instruct,476,batch2,r
cs41,1,The fingerprint scanner is at the most front of the image.,Qwen/Qwen2.5-VL-7B-Instruct,476,batch2,r
cs42,1,The solar panels.,Qwen/Qwen2.5-VL-7B-Instruct,476,batch2,r
cs43,3,Puzzle pieces,Qwen/Qwen2.5-VL-7B-Instruct,476,batch2,r
cs44,3,The book with a brick on it.,Qwen/Qwen2.5-VL-7B-Instruct,476,batch2,r
cs45,1,The VR goggles.,Qwen/Qwen2.5-VL-7B-Instruct,476,batch2,r
de46,4,scale,Qwen/Qwen2.5-VL-7B-Instruct,476,batch2,r
de47,1,The bench.,Qwen/Qwen2.5-VL-7B-Instruct,476,batch2,r
de48,1,the bathtub,Qwen/Qwen2.5-VL-7B-Instruct,476,batch2,r
de49,2,electrode cap,Qwen/Qwen2.5-VL-7B-Instruct,476,batch2,r
de50,2,animal,Qwen/Qwen2.5-VL-7B-Instruct,476,batch2,r
de51,3,The soldiers facing forward.,Qwen/Qwen2.5-VL-7B-Instruct,476,batch2,r
de52,3,The water,Qwen/Qwen2.5-VL-7B-Instruct,476,batch2,r
de53,2,The big car.,Qwen/Qwen2.5-VL-7B-Instruct,476,batch2,r
de54,4,Piggy bank,Qwen/Qwen2.5-VL-7B-Instruct,476,batch2,r
de55,4,faucet,Qwen/Qwen2.5-VL-7B-Instruct,476,batch2,r
de56,4,the quill pen,Qwen/Qwen2.5-VL-7B-Instruct,476,batch2,r
de57,3,The pig broken in half.,Qwen/Qwen2.5-VL-7B-Instruct,476,batch2,r
de58,2,the hammer,Qwen/Qwen2.5-VL-7B-Instruct,476,batch2,r
de59,1,The woman with a notepad.,Qwen/Qwen2.5-VL-7B-Instruct,476,batch2,r
de60,2,The orchestra.,Qwen/Qwen2.5-VL-7B-Instruct,476,batch2,r
fr61,2,The cylinders.,Qwen/Qwen2.5-VL-7B-Instruct,476,batch2,r
fr62,3,The seal,Qwen/Qwen2.5-VL-7B-Instruct,476,batch2,r
fr63,4,The corn.,Qwen/Qwen2.5-VL-7B-Instruct,476,batch2,r
fr64,4,The glove.,Qwen/Qwen2.5-VL-7B-Instruct,476,batch2,r
fr65,2,The ape.,Qwen/Qwen2.5-VL-7B-Instruct,476,batch2,r
fr66,2,The lock.,Qwen/Qwen2.5-VL-7B-Instruct,476,batch2,r
fr67,3,yellow balls,Qwen/Qwen2.5-VL-7B-Instruct,476,batch2,r
fr68,2,The shield,Qwen/Qwen2.5-VL-7B-Instruct,476,batch2,r
fr69,1,The sitting man wearing a hat.,Qwen/Qwen2.5-VL-7B-Instruct,476,batch2,r
fr70,2,The arrow.,Qwen/Qwen2.5-VL-7B-Instruct,476,batch2,r
fr71,1,flames,Qwen/Qwen2.5-VL-7B-Instruct,476,batch2,r
fr72,2,The red flower-shaped object with a pointy middle.,Qwen/Qwen2.5-VL-7B-Instruct,476,batch2,r
fr73,2,The lamps.,Qwen/Qwen2.5-VL-7B-Instruct,476,batch2,r
fr74,1,The person in a yellow shirt.,Qwen/Qwen2.5-VL-7B-Instruct,476,batch2,r
fr75,2,trees in the lower left corner,Qwen/Qwen2.5-VL-7B-Instruct,476,batch2,r
or31,3,The dog collar.,Qwen/Qwen2.5-VL-7B-Instruct,112,batch3,r
or32,4,person,Qwen/Qwen2.5-VL-7B-Instruct,112,batch3,r
or33,3,torch,Qwen/Qwen2.5-VL-7B-Instruct,112,batch3,r
or34,3,hands,Qwen/Qwen2.5-VL-7B-Instruct,112,batch3,r
or35,4,The magnifying glass,Qwen/Qwen2.5-VL-7B-Instruct,112,batch3,r
or36,3,cigarette box,Qwen/Qwen2.5-VL-7B-Instruct,112,batch3,r
or37,2,the sun,Qwen/Qwen2.5-VL-7B-Instruct,112,batch3,r
or38,3,chart,Qwen/Qwen2.5-VL-7B-Instruct,112,batch3,r
or39,3,The mug,Qwen/Qwen2.5-VL-7B-Instruct,112,batch3,r
or40,3,the little girl,Qwen/Qwen2.5-VL-7B-Instruct,112,batch3,r
or41,4,The fingerprint scanner.,Qwen/Qwen2.5-VL-7B-Instruct,112,batch3,r
or42,4,The bigger globe.,Qwen/Qwen2.5-VL-7B-Instruct,112,batch3,r
or43,3,The puzzle pieces,Qwen/Qwen2.5-VL-7B-Instruct,112,batch3,r
or44,4,The magnifying glass,Qwen/Qwen2.5-VL-7B-Instruct,112,batch3,r
or45,4,VR goggle,Qwen/Qwen2.5-VL-7B-Instruct,112,batch3,r
cs46,2,the scale,Qwen/Qwen2.5-VL-7B-Instruct,112,batch3,r
cs47,2,The couple,Qwen/Qwen2.5-VL-7B-Instruct,112,batch3,r
cs48,1,the book,Qwen/Qwen2.5-VL-7B-Instruct,112,batch3,r
cs49,2,The electrode cap,Qwen/Qwen2.5-VL-7B-Instruct,112,batch3,r
cs50,1,animal,Qwen/Qwen2.5-VL-7B-Instruct,112,batch3,r
fr2,2,The pointy trees,Qwen/Qwen2.5-VL-7B-Instruct,112,batch3,r
fr3,2,tray,Qwen/Qwen2.5-VL-7B-Instruct,112,batch3,r
fr4,3,It is ambiguous.,Qwen/Qwen2.5-VL-7B-Instruct,112,batch3,r
fr5,2,The suitcase,Qwen/Qwen2.5-VL-7B-Instruct,112,batch3,r
fr6,2,The drones.,Qwen/Qwen2.5-VL-7B-Instruct,112,batch3,r
fr7,4,The red rays are at the most front of this image.,Qwen/Qwen2.5-VL-7B-Instruct,112,batch3,r
fr8,2,The man.,Qwen/Qwen2.5-VL-7B-Instruct,112,batch3,r
fr9,2,The crowd,Qwen/Qwen2.5-VL-7B-Instruct,112,batch3,r
fr10,3,the man's right hand,Qwen/Qwen2.5-VL-7B-Instruct,112,batch3,r
fr11,1,The open books.,Qwen/Qwen2.5-VL-7B-Instruct,112,batch3,r
fr12,4,soccer ball,Qwen/Qwen2.5-VL-7B-Instruct,112,batch3,r
fr13,1,the stool,Qwen/Qwen2.5-VL-7B-Instruct,112,batch3,r
fr14,1,red bars,Qwen/Qwen2.5-VL-7B-Instruct,112,batch3,r
fr15,1,The woman with the headband,Qwen/Qwen2.5-VL-7B-Instruct,112,batch3,r
cs51,2,The soldiers facing forward.,Qwen/Qwen2.5-VL-7B-Instruct,112,batch3,r
cs52,3,The land,Qwen/Qwen2.5-VL-7B-Instruct,112,batch3,r
cs53,3,The big car.,Qwen/Qwen2.5-VL-7B-Instruct,112,batch3,r
cs54,2,piggy bank,Qwen/Qwen2.5-VL-7B-Instruct,112,batch3,r
cs55,4,faucet,Qwen/Qwen2.5-VL-7B-Instruct,112,batch3,r
cs56,1,The quill pen.,Qwen/Qwen2.5-VL-7B-Instruct,112,batch3,r
cs57,3,pig broken in half,Qwen/Qwen2.5-VL-7B-Instruct,112,batch3,r
cs58,3,The hammer.,Qwen/Qwen2.5-VL-7B-Instruct,112,batch3,r
cs59,3,The woman with a notepad.,Qwen/Qwen2.5-VL-7B-Instruct,112,batch3,r
cs60,3,The orchestra,Qwen/Qwen2.5-VL-7B-Instruct,112,batch3,r
de61,3,cylinders,Qwen/Qwen2.5-VL-7B-Instruct,112,batch3,r
de62,2,The seal.,Qwen/Qwen2.5-VL-7B-Instruct,112,batch3,r
de63,1,The corn.,Qwen/Qwen2.5-VL-7B-Instruct,112,batch3,r
de64,2,The magnifying glass.,Qwen/Qwen2.5-VL-7B-Instruct,112,batch3,r
de65,2,The ape,Qwen/Qwen2.5-VL-7B-Instruct,112,batch3,r
de66,3,lock,Qwen/Qwen2.5-VL-7B-Instruct,112,batch3,r
de67,1,yellow balls,Qwen/Qwen2.5-VL-7B-Instruct,112,batch3,r
de68,4,The shield.,Qwen/Qwen2.5-VL-7B-Instruct,112,batch3,r
de69,4,The sitting man wearing a hat.,Qwen/Qwen2.5-VL-7B-Instruct,112,batch3,r
de70,1,The arrow.,Qwen/Qwen2.5-VL-7B-Instruct,112,batch3,r
de71,2,fumes,Qwen/Qwen2.5-VL-7B-Instruct,112,batch3,r
de72,2,The red flower-shaped object with a pointy middle.,Qwen/Qwen2.5-VL-7B-Instruct,112,batch3,r
de73,2,The lamps,Qwen/Qwen2.5-VL-7B-Instruct,112,batch3,r
de74,4,The person in a yellow shirt,Qwen/Qwen2.5-VL-7B-Instruct,112,batch3,r
de75,1,trees in the lower left corner,Qwen/Qwen2.5-VL-7B-Instruct,112,batch3,r
or31,4,The dog collar.,Qwen/Qwen2.5-VL-7B-Instruct,233,batch3,r
or32,4,the diamond,Qwen/Qwen2.5-VL-7B-Instruct,233,batch3,r
or33,4,torch,Qwen/Qwen2.5-VL-7B-Instruct,233,batch3,r
or34,4,mug,Qwen/Qwen2.5-VL-7B-Instruct,233,batch3,r
or35,3,The magnifying glass.,Qwen/Qwen2.5-VL-7B-Instruct,233,batch3,r
or36,2,The cigarette box,Qwen/Qwen2.5-VL-7B-Instruct,233,batch3,r
or37,2,The people.,Qwen/Qwen2.5-VL-7B-Instruct,233,batch3,r
or38,4,The bike.,Qwen/Qwen2.5-VL-7B-Instruct,233,batch3,r
or39,4,The mug.,Qwen/Qwen2.5-VL-7B-Instruct,233,batch3,r
or40,1,little girl,Qwen/Qwen2.5-VL-7B-Instruct,233,batch3,r
or41,3,The fingerprint scanner.,Qwen/Qwen2.5-VL-7B-Instruct,233,batch3,r
or42,3,bigger globe,Qwen/Qwen2.5-VL-7B-Instruct,233,batch3,r
or43,3,puzzle pieces,Qwen/Qwen2.5-VL-7B-Instruct,233,batch3,r
or44,4,The magnifying glass,Qwen/Qwen2.5-VL-7B-Instruct,233,batch3,r
or45,3,The VR goggles,Qwen/Qwen2.5-VL-7B-Instruct,233,batch3,r
cs46,2,Scale,Qwen/Qwen2.5-VL-7B-Instruct,233,batch3,r
cs47,3,The couple.,Qwen/Qwen2.5-VL-7B-Instruct,233,batch3,r
cs48,2,the towel,Qwen/Qwen2.5-VL-7B-Instruct,233,batch3,r
cs49,1,The electrode cap.,Qwen/Qwen2.5-VL-7B-Instruct,233,batch3,r
cs50,4,animal,Qwen/Qwen2.5-VL-7B-Instruct,233,batch3,r
fr1,2,the woman,Qwen/Qwen2.5-VL-7B-Instruct,233,batch3,r
fr2,3,The pointy trees,Qwen/Qwen2.5-VL-7B-Instruct,233,batch3,r
fr3,2,tray,Qwen/Qwen2.5-VL-7B-Instruct,233,batch3,r
fr4,2,The man,Qwen/Qwen2.5-VL-7B-Instruct,233,batch3,r
fr5,3,The baby.,Qwen/Qwen2.5-VL-7B-Instruct,233,batch3,r
fr6,3,barbed wire,Qwen/Qwen2.5-VL-7B-Instruct,233,batch3,r
fr7,4,the red rays,Qwen/Qwen2.5-VL-7B-Instruct,233,batch3,r
fr8,3,The man.,Qwen/Qwen2.5-VL-7B-Instruct,233,batch3,r
fr9,1,The crowd,Qwen/Qwen2.5-VL-7B-Instruct,233,batch3,r
fr10,4,the thermos,Qwen/Qwen2.5-VL-7B-Instruct,233,batch3,r
fr11,2,The open books.,Qwen/Qwen2.5-VL-7B-Instruct,233,batch3,r
fr12,2,The kid on the bike.,Qwen/Qwen2.5-VL-7B-Instruct,233,batch3,r
fr13,3,the stool,Qwen/Qwen2.5-VL-7B-Instruct,233,batch3,r
fr14,3,red bars,Qwen/Qwen2.5-VL-7B-Instruct,233,batch3,r
fr15,1,The woman in jeans,Qwen/Qwen2.5-VL-7B-Instruct,233,batch3,r
cs51,2,The soldiers facing forward.,Qwen/Qwen2.5-VL-7B-Instruct,233,batch3,r
cs52,2,Land,Qwen/Qwen2.5-VL-7B-Instruct,233,batch3,r
cs53,2,The big car.,Qwen/Qwen2.5-VL-7B-Instruct,233,batch3,r
cs54,2,The piggy bank.,Qwen/Qwen2.5-VL-7B-Instruct,233,batch3,r
cs55,4,faucet,Qwen/Qwen2.5-VL-7B-Instruct,233,batch3,r
cs56,1,The quill pen,Qwen/Qwen2.5-VL-7B-Instruct,233,batch3,r
cs57,3,The pig broken in half.,Qwen/Qwen2.5-VL-7B-Instruct,233,batch3,r
cs58,2,people,Qwen/Qwen2.5-VL-7B-Instruct,233,batch3,r
cs59,1,Laughing man,Qwen/Qwen2.5-VL-7B-Instruct,233,batch3,r
cs60,1,The orchestra,Qwen/Qwen2.5-VL-7B-Instruct,233,batch3,r
de61,3,cylinders,Qwen/Qwen2.5-VL-7B-Instruct,233,batch3,r
de62,1,The seal.,Qwen/Qwen2.5-VL-7B-Instruct,233,batch3,r
de63,2,corn,Qwen/Qwen2.5-VL-7B-Instruct,233,batch3,r
de64,3,The glove.,Qwen/Qwen2.5-VL-7B-Instruct,233,batch3,r
de65,1,the ball next to a monitor,Qwen/Qwen2.5-VL-7B-Instruct,233,batch3,r
de66,2,The hourglass.,Qwen/Qwen2.5-VL-7B-Instruct,233,batch3,r
de67,4,Cannot say,Qwen/Qwen2.5-VL-7B-Instruct,233,batch3,r
de68,4,The shield,Qwen/Qwen2.5-VL-7B-Instruct,233,batch3,r
de69,2,The sitting man wearing a hat.,Qwen/Qwen2.5-VL-7B-Instruct,233,batch3,r
de70,1,arrow,Qwen/Qwen2.5-VL-7B-Instruct,233,batch3,r
de71,2,flames,Qwen/Qwen2.5-VL-7B-Instruct,233,batch3,r
de72,1,The red flower-shaped object with a pointy middle.,Qwen/Qwen2.5-VL-7B-Instruct,233,batch3,r
de73,2,lamps,Qwen/Qwen2.5-VL-7B-Instruct,233,batch3,r
de74,3,Person in a yellow shirt,Qwen/Qwen2.5-VL-7B-Instruct,233,batch3,r
de75,1,The cliffs on the right.,Qwen/Qwen2.5-VL-7B-Instruct,233,batch3,r
or31,4,dog collar,Qwen/Qwen2.5-VL-7B-Instruct,258,batch3,r
or32,4,the front side of pedestal,Qwen/Qwen2.5-VL-7B-Instruct,258,batch3,r
or33,4,The torch.,Qwen/Qwen2.5-VL-7B-Instruct,258,batch3,r
or34,3,hands,Qwen/Qwen2.5-VL-7B-Instruct,258,batch3,r
or35,2,magnifying glass,Qwen/Qwen2.5-VL-7B-Instruct,258,batch3,r
or36,3,cigarette box,Qwen/Qwen2.5-VL-7B-Instruct,258,batch3,r
or37,3,The people.,Qwen/Qwen2.5-VL-7B-Instruct,258,batch3,r
or38,4,bike,Qwen/Qwen2.5-VL-7B-Instruct,258,batch3,r
or39,4,The mug.,Qwen/Qwen2.5-VL-7B-Instruct,258,batch3,r
or40,3,little girl,Qwen/Qwen2.5-VL-7B-Instruct,258,batch3,r
or41,4,The fingerprint scanner,Qwen/Qwen2.5-VL-7B-Instruct,258,batch3,r
or42,3,The big window.,Qwen/Qwen2.5-VL-7B-Instruct,258,batch3,r
or43,4,puzzle pieces,Qwen/Qwen2.5-VL-7B-Instruct,258,batch3,r
or44,4,The magnifying glass,Qwen/Qwen2.5-VL-7B-Instruct,258,batch3,r
or45,3,The VR goggle.,Qwen/Qwen2.5-VL-7B-Instruct,258,batch3,r
cs46,2,scale,Qwen/Qwen2.5-VL-7B-Instruct,258,batch3,r
cs47,3,couple,Qwen/Qwen2.5-VL-7B-Instruct,258,batch3,r
cs48,3,the towel,Qwen/Qwen2.5-VL-7B-Instruct,258,batch3,r
cs49,2,The electrode cap.,Qwen/Qwen2.5-VL-7B-Instruct,258,batch3,r
cs50,3,animal,Qwen/Qwen2.5-VL-7B-Instruct,258,batch3,r
fr1,3,The woman.,Qwen/Qwen2.5-VL-7B-Instruct,258,batch3,r
fr2,3,solar panel,Qwen/Qwen2.5-VL-7B-Instruct,258,batch3,r
fr3,1,tray,Qwen/Qwen2.5-VL-7B-Instruct,258,batch3,r
fr4,3,The man.,Qwen/Qwen2.5-VL-7B-Instruct,258,batch3,r
fr5,1,The suitcase,Qwen/Qwen2.5-VL-7B-Instruct,258,batch3,r
fr6,2,the barbed wire,Qwen/Qwen2.5-VL-7B-Instruct,258,batch3,r
fr7,3,The red rays.,Qwen/Qwen2.5-VL-7B-Instruct,258,batch3,r
fr8,4,The man,Qwen/Qwen2.5-VL-7B-Instruct,258,batch3,r
fr9,3,Crowd,Qwen/Qwen2.5-VL-7B-Instruct,258,batch3,r
fr10,4,the woman's left hand,Qwen/Qwen2.5-VL-7B-Instruct,258,batch3,r
fr11,1,The open books.,Qwen/Qwen2.5-VL-7B-Instruct,258,batch3,r
fr12,3,The car.,Qwen/Qwen2.5-VL-7B-Instruct,258,batch3,r
fr13,2,stool,Qwen/Qwen2.5-VL-7B-Instruct,258,batch3,r
fr14,2,Cannot say,Qwen/Qwen2.5-VL-7B-Instruct,258,batch3,r
fr15,2,The woman in jeans.,Qwen/Qwen2.5-VL-7B-Instruct,258,batch3,r
cs51,3,The soldiers facing forward.,Qwen/Qwen2.5-VL-7B-Instruct,258,batch3,r
cs52,2,The water.,Qwen/Qwen2.5-VL-7B-Instruct,258,batch3,r
cs53,3,The big car,Qwen/Qwen2.5-VL-7B-Instruct,258,batch3,r
cs54,2,piggy bank,Qwen/Qwen2.5-VL-7B-Instruct,258,batch3,r
cs55,4,faucet,Qwen/Qwen2.5-VL-7B-Instruct,258,batch3,r
cs56,1,quill pen,Qwen/Qwen2.5-VL-7B-Instruct,258,batch3,r
cs57,3,The pig broken in half.,Qwen/Qwen2.5-VL-7B-Instruct,258,batch3,r
cs58,2,people,Qwen/Qwen2.5-VL-7B-Instruct,258,batch3,r
cs59,1,the laughing man,Qwen/Qwen2.5-VL-7B-Instruct,258,batch3,r
cs60,2,the woman on stage,Qwen/Qwen2.5-VL-7B-Instruct,258,batch3,r
de61,2,cylinders,Qwen/Qwen2.5-VL-7B-Instruct,258,batch3,r
de62,2,The magnifying glass.,Qwen/Qwen2.5-VL-7B-Instruct,258,batch3,r
de63,1,The corn.,Qwen/Qwen2.5-VL-7B-Instruct,258,batch3,r
de64,4,The magnifying glass,Qwen/Qwen2.5-VL-7B-Instruct,258,batch3,r
de65,1,The ball next to a monitor.,Qwen/Qwen2.5-VL-7B-Instruct,258,batch3,r
de66,3,lock,Qwen/Qwen2.5-VL-7B-Instruct,258,batch3,r
de67,3,Cannot say,Qwen/Qwen2.5-VL-7B-Instruct,258,batch3,r
de68,3,Shield,Qwen/Qwen2.5-VL-7B-Instruct,258,batch3,r
de69,2,The sitting man wearing a hat.,Qwen/Qwen2.5-VL-7B-Instruct,258,batch3,r
de70,2,dollar sign,Qwen/Qwen2.5-VL-7B-Instruct,258,batch3,r
de71,1,flames,Qwen/Qwen2.5-VL-7B-Instruct,258,batch3,r
de72,1,The red flower-shaped object with a pointy middle.,Qwen/Qwen2.5-VL-7B-Instruct,258,batch3,r
de73,3,The lamps.,Qwen/Qwen2.5-VL-7B-Instruct,258,batch3,r
de74,3,The person in a yellow shirt.,Qwen/Qwen2.5-VL-7B-Instruct,258,batch3,r
de75,1,Trees in the lower left corner,Qwen/Qwen2.5-VL-7B-Instruct,258,batch3,r
or31,3,dog collar,Qwen/Qwen2.5-VL-7B-Instruct,295,batch3,r
or32,3,The person.,Qwen/Qwen2.5-VL-7B-Instruct,295,batch3,r
or33,4,The torch.,Qwen/Qwen2.5-VL-7B-Instruct,295,batch3,r
or34,2,The mug.,Qwen/Qwen2.5-VL-7B-Instruct,295,batch3,r
or35,3,The magnifying glass.,Qwen/Qwen2.5-VL-7B-Instruct,295,batch3,r
or36,2,The cigarette box,Qwen/Qwen2.5-VL-7B-Instruct,295,batch3,r
or37,2,The people.,Qwen/Qwen2.5-VL-7B-Instruct,295,batch3,r
or38,3,bike,Qwen/Qwen2.5-VL-7B-Instruct,295,batch3,r
or39,4,The mug.,Qwen/Qwen2.5-VL-7B-Instruct,295,batch3,r
or40,2,little girl,Qwen/Qwen2.5-VL-7B-Instruct,295,batch3,r
or41,3,The fingerprint scanner,Qwen/Qwen2.5-VL-7B-Instruct,295,batch3,r
or42,4,The big window.,Qwen/Qwen2.5-VL-7B-Instruct,295,batch3,r
or43,3,The puzzle pieces,Qwen/Qwen2.5-VL-7B-Instruct,295,batch3,r
or44,3,The magnifying glass.,Qwen/Qwen2.5-VL-7B-Instruct,295,batch3,r
or45,3,The VR goggle,Qwen/Qwen2.5-VL-7B-Instruct,295,batch3,r
cs46,2,The blackboard,Qwen/Qwen2.5-VL-7B-Instruct,295,batch3,r
cs47,2,couple,Qwen/Qwen2.5-VL-7B-Instruct,295,batch3,r
cs48,2,The book,Qwen/Qwen2.5-VL-7B-Instruct,295,batch3,r
cs49,2,The electrode cap.,Qwen/Qwen2.5-VL-7B-Instruct,295,batch3,r
cs50,2,animal,Qwen/Qwen2.5-VL-7B-Instruct,295,batch3,r
fr1,2,the woman,Qwen/Qwen2.5-VL-7B-Instruct,295,batch3,r
fr2,2,Pointy trees,Qwen/Qwen2.5-VL-7B-Instruct,295,batch3,r
fr3,2,The tray.,Qwen/Qwen2.5-VL-7B-Instruct,295,batch3,r
fr4,3,The man.,Qwen/Qwen2.5-VL-7B-Instruct,295,batch3,r
fr5,3,suitcase,Qwen/Qwen2.5-VL-7B-Instruct,295,batch3,r
fr6,3,The barbed wire.,Qwen/Qwen2.5-VL-7B-Instruct,295,batch3,r
fr7,4,The red rays.,Qwen/Qwen2.5-VL-7B-Instruct,295,batch3,r
fr8,3,The man.,Qwen/Qwen2.5-VL-7B-Instruct,295,batch3,r
fr9,1,crowd,Qwen/Qwen2.5-VL-7B-Instruct,295,batch3,r
fr10,2,the man's right hand,Qwen/Qwen2.5-VL-7B-Instruct,295,batch3,r
fr11,1,The open books,Qwen/Qwen2.5-VL-7B-Instruct,295,batch3,r
fr12,3,car,Qwen/Qwen2.5-VL-7B-Instruct,295,batch3,r
fr13,1,the stool,Qwen/Qwen2.5-VL-7B-Instruct,295,batch3,r
fr14,2,red bars,Qwen/Qwen2.5-VL-7B-Instruct,295,batch3,r
fr15,2,The woman in jeans.,Qwen/Qwen2.5-VL-7B-Instruct,295,batch3,r
cs51,1,the soldiers facing forward,Qwen/Qwen2.5-VL-7B-Instruct,295,batch3,r
cs52,2,cannot say,Qwen/Qwen2.5-VL-7B-Instruct,295,batch3,r
cs53,2,big car,Qwen/Qwen2.5-VL-7B-Instruct,295,batch3,r
cs54,2,Piggy bank,Qwen/Qwen2.5-VL-7B-Instruct,295,batch3,r
cs55,4,faucet,Qwen/Qwen2.5-VL-7B-Instruct,295,batch3,r
cs56,1,The quill pen.,Qwen/Qwen2.5-VL-7B-Instruct,295,batch3,r
cs57,3,pig broken in half,Qwen/Qwen2.5-VL-7B-Instruct,295,batch3,r
cs58,2,The hammer.,Qwen/Qwen2.5-VL-7B-Instruct,295,batch3,r
cs59,3,The woman with a notepad.,Qwen/Qwen2.5-VL-7B-Instruct,295,batch3,r
cs60,2,The orchestra.,Qwen/Qwen2.5-VL-7B-Instruct,295,batch3,r
de61,4,Cylinders,Qwen/Qwen2.5-VL-7B-Instruct,295,batch3,r
de62,1,The seal.,Qwen/Qwen2.5-VL-7B-Instruct,295,batch3,r
de63,1,The corn.,Qwen/Qwen2.5-VL-7B-Instruct,295,batch3,r
de64,3,The glove.,Qwen/Qwen2.5-VL-7B-Instruct,295,batch3,r
de65,2,The ape.,Qwen/Qwen2.5-VL-7B-Instruct,295,batch3,r
de66,2,The lock.,Qwen/Qwen2.5-VL-7B-Instruct,295,batch3,r
de67,3,cannot say,Qwen/Qwen2.5-VL-7B-Instruct,295,batch3,r
de68,3,The shield.,Qwen/Qwen2.5-VL-7B-Instruct,295,batch3,r
de69,2,The sitting man wearing a hat.,Qwen/Qwen2.5-VL-7B-Instruct,295,batch3,r
de70,4,The arrow.,Qwen/Qwen2.5-VL-7B-Instruct,295,batch3,r
de71,2,flames,Qwen/Qwen2.5-VL-7B-Instruct,295,batch3,r
de72,2,red hat-shaped object,Qwen/Qwen2.5-VL-7B-Instruct,295,batch3,r
de73,3,The lamps,Qwen/Qwen2.5-VL-7B-Instruct,295,batch3,r
de74,4,The person in a yellow shirt,Qwen/Qwen2.5-VL-7B-Instruct,295,batch3,r
de75,1,The cliffs on the right.,Qwen/Qwen2.5-VL-7B-Instruct,295,batch3,r
or31,3,dog collar,Qwen/Qwen2.5-VL-7B-Instruct,305,batch3,r
or32,3,The front side of pedestal.,Qwen/Qwen2.5-VL-7B-Instruct,305,batch3,r
or33,3,torch,Qwen/Qwen2.5-VL-7B-Instruct,305,batch3,r
or34,3,hands,Qwen/Qwen2.5-VL-7B-Instruct,305,batch3,r
or35,2,The magnifying glass.,Qwen/Qwen2.5-VL-7B-Instruct,305,batch3,r
or36,3,cigarette,Qwen/Qwen2.5-VL-7B-Instruct,305,batch3,r
or38,3,The bike.,Qwen/Qwen2.5-VL-7B-Instruct,305,batch3,r
or39,4,The mug.,Qwen/Qwen2.5-VL-7B-Instruct,305,batch3,r
or40,3,the little girl,Qwen/Qwen2.5-VL-7B-Instruct,305,batch3,r
or41,4,fingerprint scanner,Qwen/Qwen2.5-VL-7B-Instruct,305,batch3,r
or42,3,The bigger globe.,Qwen/Qwen2.5-VL-7B-Instruct,305,batch3,r
or43,1,puzzle pieces,Qwen/Qwen2.5-VL-7B-Instruct,305,batch3,r
or44,2,The magnifying glass.,Qwen/Qwen2.5-VL-7B-Instruct,305,batch3,r
or45,4,The VR goggle,Qwen/Qwen2.5-VL-7B-Instruct,305,batch3,r
cs46,3,The scale.,Qwen/Qwen2.5-VL-7B-Instruct,305,batch3,r
cs47,1,couple,Qwen/Qwen2.5-VL-7B-Instruct,305,batch3,r
cs48,1,the towel,Qwen/Qwen2.5-VL-7B-Instruct,305,batch3,r
cs49,2,The electrode cap.,Qwen/Qwen2.5-VL-7B-Instruct,305,batch3,r
cs50,1,animal,Qwen/Qwen2.5-VL-7B-Instruct,305,batch3,r
fr1,2,the woman,Qwen/Qwen2.5-VL-7B-Instruct,305,batch3,r
fr2,2,The solar panel,Qwen/Qwen2.5-VL-7B-Instruct,305,batch3,r
fr3,1,tray,Qwen/Qwen2.5-VL-7B-Instruct,305,batch3,r
fr4,3,The man.,Qwen/Qwen2.5-VL-7B-Instruct,305,batch3,r
fr5,3,The suitcase.,Qwen/Qwen2.5-VL-7B-Instruct,305,batch3,r
fr6,2,The barbed wire.,Qwen/Qwen2.5-VL-7B-Instruct,305,batch3,r
fr7,4,The red rays are at the most front of this image.,Qwen/Qwen2.5-VL-7B-Instruct,305,batch3,r
fr8,2,The man.,Qwen/Qwen2.5-VL-7B-Instruct,305,batch3,r
fr9,2,The crowd,Qwen/Qwen2.5-VL-7B-Instruct,305,batch3,r
fr10,3,the man's right hand,Qwen/Qwen2.5-VL-7B-Instruct,305,batch3,r
fr11,1,the lights on the ceiling,Qwen/Qwen2.5-VL-7B-Instruct,305,batch3,r
fr12,4,The soccer ball,Qwen/Qwen2.5-VL-7B-Instruct,305,batch3,r
fr13,2,Stool,Qwen/Qwen2.5-VL-7B-Instruct,305,batch3,r
fr14,1,cannot say,Qwen/Qwen2.5-VL-7B-Instruct,305,batch3,r
fr15,2,The woman in jeans.,Qwen/Qwen2.5-VL-7B-Instruct,305,batch3,r
cs51,2,The soldiers facing forward,Qwen/Qwen2.5-VL-7B-Instruct,305,batch3,r
cs52,4,The land,Qwen/Qwen2.5-VL-7B-Instruct,305,batch3,r
cs53,4,The big car.,Qwen/Qwen2.5-VL-7B-Instruct,305,batch3,r
cs54,2,The piggy bank.,Qwen/Qwen2.5-VL-7B-Instruct,305,batch3,r
cs55,3,faucet,Qwen/Qwen2.5-VL-7B-Instruct,305,batch3,r
cs56,1,The quill pen.,Qwen/Qwen2.5-VL-7B-Instruct,305,batch3,r
cs57,3,The pig broken in half.,Qwen/Qwen2.5-VL-7B-Instruct,305,batch3,r
cs58,2,people,Qwen/Qwen2.5-VL-7B-Instruct,305,batch3,r
cs59,2,The woman with a notepad.,Qwen/Qwen2.5-VL-7B-Instruct,305,batch3,r
cs60,3,The orchestra,Qwen/Qwen2.5-VL-7B-Instruct,305,batch3,r
de61,2,cylinders,Qwen/Qwen2.5-VL-7B-Instruct,305,batch3,r
de62,3,The seal.,Qwen/Qwen2.5-VL-7B-Instruct,305,batch3,r
de63,2,corn,Qwen/Qwen2.5-VL-7B-Instruct,305,batch3,r
de64,3,The magnifying glass,Qwen/Qwen2.5-VL-7B-Instruct,305,batch3,r
de65,2,The ape.,Qwen/Qwen2.5-VL-7B-Instruct,305,batch3,r
de66,1,The lock.,Qwen/Qwen2.5-VL-7B-Instruct,305,batch3,r
de67,3,cannot say,Qwen/Qwen2.5-VL-7B-Instruct,305,batch3,r
de68,2,The shield.,Qwen/Qwen2.5-VL-7B-Instruct,305,batch3,r
de69,2,The sitting man wearing a hat,Qwen/Qwen2.5-VL-7B-Instruct,305,batch3,r
de70,1,arrow,Qwen/Qwen2.5-VL-7B-Instruct,305,batch3,r
de71,1,The flames.,Qwen/Qwen2.5-VL-7B-Instruct,305,batch3,r
de72,2,The red flower-shaped object with a pointy middle.,Qwen/Qwen2.5-VL-7B-Instruct,305,batch3,r
de73,4,The lamps.,Qwen/Qwen2.5-VL-7B-Instruct,305,batch3,r
de74,3,The person in a yellow shirt,Qwen/Qwen2.5-VL-7B-Instruct,305,batch3,r
de75,2,The cliffs on the right.,Qwen/Qwen2.5-VL-7B-Instruct,305,batch3,r
or31,4,The dog collar.,Qwen/Qwen2.5-VL-7B-Instruct,343,batch3,r
or32,3,the diamond,Qwen/Qwen2.5-VL-7B-Instruct,343,batch3,r
or33,4,torch,Qwen/Qwen2.5-VL-7B-Instruct,343,batch3,r
or34,4,mug,Qwen/Qwen2.5-VL-7B-Instruct,343,batch3,r
or35,3,The magnifying glass,Qwen/Qwen2.5-VL-7B-Instruct,343,batch3,r
or36,2,The cigarette box is at the most front of the image.,Qwen/Qwen2.5-VL-7B-Instruct,343,batch3,r
or37,3,The people.,Qwen/Qwen2.5-VL-7B-Instruct,343,batch3,r
or38,3,the bike,Qwen/Qwen2.5-VL-7B-Instruct,343,batch3,r
or39,4,The mug.,Qwen/Qwen2.5-VL-7B-Instruct,343,batch3,r
or40,2,little girl,Qwen/Qwen2.5-VL-7B-Instruct,343,batch3,r
or41,4,fingerprint scanner,Qwen/Qwen2.5-VL-7B-Instruct,343,batch3,r
or42,3,The bigger globe.,Qwen/Qwen2.5-VL-7B-Instruct,343,batch3,r
or43,3,The puzzle pieces.,Qwen/Qwen2.5-VL-7B-Instruct,343,batch3,r
or44,4,The book with a brick on it.,Qwen/Qwen2.5-VL-7B-Instruct,343,batch3,r
or45,3,VR goggle,Qwen/Qwen2.5-VL-7B-Instruct,343,batch3,r
cs46,2,scale,Qwen/Qwen2.5-VL-7B-Instruct,343,batch3,r
cs47,1,The bench.,Qwen/Qwen2.5-VL-7B-Instruct,343,batch3,r
cs48,2,the book,Qwen/Qwen2.5-VL-7B-Instruct,343,batch3,r
cs49,2,The electrode cap.,Qwen/Qwen2.5-VL-7B-Instruct,343,batch3,r
cs50,1,animal,Qwen/Qwen2.5-VL-7B-Instruct,343,batch3,r
fr1,2,The woman.,Qwen/Qwen2.5-VL-7B-Instruct,343,batch3,r
fr2,2,The pointy trees.,Qwen/Qwen2.5-VL-7B-Instruct,343,batch3,r
fr3,2,tray,Qwen/Qwen2.5-VL-7B-Instruct,343,batch3,r
fr4,2,The man,Qwen/Qwen2.5-VL-7B-Instruct,343,batch3,r
fr5,3,The suitcase.,Qwen/Qwen2.5-VL-7B-Instruct,343,batch3,r
fr6,3,The barbed wire.,Qwen/Qwen2.5-VL-7B-Instruct,343,batch3,r
fr7,3,The red rays.,Qwen/Qwen2.5-VL-7B-Instruct,343,batch3,r
fr8,3,The man,Qwen/Qwen2.5-VL-7B-Instruct,343,batch3,r
fr9,2,DJ behind the glass,Qwen/Qwen2.5-VL-7B-Instruct,343,batch3,r
fr10,4,the man's right hand,Qwen/Qwen2.5-VL-7B-Instruct,343,batch3,r
fr11,2,The open books.,Qwen/Qwen2.5-VL-7B-Instruct,343,batch3,r
fr12,3,The car,Qwen/Qwen2.5-VL-7B-Instruct,343,batch3,r
fr13,1,stool,Qwen/Qwen2.5-VL-7B-Instruct,343,batch3,r
fr14,3,cannot say,Qwen/Qwen2.5-VL-7B-Instruct,343,batch3,r
fr15,1,The woman in jeans.,Qwen/Qwen2.5-VL-7B-Instruct,343,batch3,r
cs51,1,The soldiers facing forward.,Qwen/Qwen2.5-VL-7B-Instruct,343,batch3,r
cs52,4,The land.,Qwen/Qwen2.5-VL-7B-Instruct,343,batch3,r
cs53,2,The big car.,Qwen/Qwen2.5-VL-7B-Instruct,343,batch3,r
cs54,2,The piggy bank.,Qwen/Qwen2.5-VL-7B-Instruct,343,batch3,r
cs55,4,faucet,Qwen/Qwen2.5-VL-7B-Instruct,343,batch3,r
cs56,1,quill pen,Qwen/Qwen2.5-VL-7B-Instruct,343,batch3,r
cs57,4,the pig broken in half,Qwen/Qwen2.5-VL-7B-Instruct,343,batch3,r
cs58,2,the hammer,Qwen/Qwen2.5-VL-7B-Instruct,343,batch3,r
cs59,2,The laughing man.,Qwen/Qwen2.5-VL-7B-Instruct,343,batch3,r
cs60,3,The woman on stage.,Qwen/Qwen2.5-VL-7B-Instruct,343,batch3,r
de61,3,cylinders,Qwen/Qwen2.5-VL-7B-Instruct,343,batch3,r
de62,2,The seal.,Qwen/Qwen2.5-VL-7B-Instruct,343,batch3,r
de63,2,the corn,Qwen/Qwen2.5-VL-7B-Instruct,343,batch3,r
de65,1,the ape,Qwen/Qwen2.5-VL-7B-Instruct,343,batch3,r
de66,1,lock,Qwen/Qwen2.5-VL-7B-Instruct,343,batch3,r
de67,3,yellow balls,Qwen/Qwen2.5-VL-7B-Instruct,343,batch3,r
de68,4,shield,Qwen/Qwen2.5-VL-7B-Instruct,343,batch3,r
de69,1,The sitting man wearing a hat.,Qwen/Qwen2.5-VL-7B-Instruct,343,batch3,r
de70,2,The dollar sign,Qwen/Qwen2.5-VL-7B-Instruct,343,batch3,r
de71,1,The flames.,Qwen/Qwen2.5-VL-7B-Instruct,343,batch3,r
de72,2,the red flower-shaped object with a pointy middle,Qwen/Qwen2.5-VL-7B-Instruct,343,batch3,r
de73,3,The lamps,Qwen/Qwen2.5-VL-7B-Instruct,343,batch3,r
de74,3,Everything equal,Qwen/Qwen2.5-VL-7B-Instruct,343,batch3,r
de75,2,The trees in the lower left corner,Qwen/Qwen2.5-VL-7B-Instruct,343,batch3,r
or31,3,The dog collar.,Qwen/Qwen2.5-VL-7B-Instruct,368,batch3,r
or32,3,the front side of pedestal,Qwen/Qwen2.5-VL-7B-Instruct,368,batch3,r
or33,3,torch,Qwen/Qwen2.5-VL-7B-Instruct,368,batch3,r
or34,3,hands,Qwen/Qwen2.5-VL-7B-Instruct,368,batch3,r
or35,3,The magnifying glass.,Qwen/Qwen2.5-VL-7B-Instruct,368,batch3,r
or36,4,cigarette box,Qwen/Qwen2.5-VL-7B-Instruct,368,batch3,r
or37,2,The people,Qwen/Qwen2.5-VL-7B-Instruct,368,batch3,r
or38,4,bike,Qwen/Qwen2.5-VL-7B-Instruct,368,batch3,r
or39,3,The mug,Qwen/Qwen2.5-VL-7B-Instruct,368,batch3,r
or40,1,little girl,Qwen/Qwen2.5-VL-7B-Instruct,368,batch3,r
or41,2,The fingerprint scanner.,Qwen/Qwen2.5-VL-7B-Instruct,368,batch3,r
or42,3,The big window.,Qwen/Qwen2.5-VL-7B-Instruct,368,batch3,r
or43,4,The puzzle pieces.,Qwen/Qwen2.5-VL-7B-Instruct,368,batch3,r
or44,4,The magnifying glass.,Qwen/Qwen2.5-VL-7B-Instruct,368,batch3,r
or45,2,VR goggle,Qwen/Qwen2.5-VL-7B-Instruct,368,batch3,r
cs46,3,The scale.,Qwen/Qwen2.5-VL-7B-Instruct,368,batch3,r
cs47,1,The tall tower,Qwen/Qwen2.5-VL-7B-Instruct,368,batch3,r
cs48,1,The book.,Qwen/Qwen2.5-VL-7B-Instruct,368,batch3,r
cs49,1,electrode cap,Qwen/Qwen2.5-VL-7B-Instruct,368,batch3,r
cs50,2,animal,Qwen/Qwen2.5-VL-7B-Instruct,368,batch3,r
fr1,3,The woman.,Qwen/Qwen2.5-VL-7B-Instruct,368,batch3,r
fr2,2,The pointy trees.,Qwen/Qwen2.5-VL-7B-Instruct,368,batch3,r
fr3,2,The tray.,Qwen/Qwen2.5-VL-7B-Instruct,368,batch3,r
fr4,2,the man,Qwen/Qwen2.5-VL-7B-Instruct,368,batch3,r
fr5,3,The suitcase.,Qwen/Qwen2.5-VL-7B-Instruct,368,batch3,r
fr6,3,the men with their hands up,Qwen/Qwen2.5-VL-7B-Instruct,368,batch3,r
fr7,3,The red rays.,Qwen/Qwen2.5-VL-7B-Instruct,368,batch3,r
fr8,3,The man.,Qwen/Qwen2.5-VL-7B-Instruct,368,batch3,r
fr9,2,The crowd,Qwen/Qwen2.5-VL-7B-Instruct,368,batch3,r
fr10,3,The man's right hand,Qwen/Qwen2.5-VL-7B-Instruct,368,batch3,r
fr11,3,The open books,Qwen/Qwen2.5-VL-7B-Instruct,368,batch3,r
fr12,4,Kid on the bike,Qwen/Qwen2.5-VL-7B-Instruct,368,batch3,r
fr13,1,The stool,Qwen/Qwen2.5-VL-7B-Instruct,368,batch3,r
fr14,1,cannot say,Qwen/Qwen2.5-VL-7B-Instruct,368,batch3,r
fr15,2,The woman in jeans,Qwen/Qwen2.5-VL-7B-Instruct,368,batch3,r
cs51,3,The trucks.,Qwen/Qwen2.5-VL-7B-Instruct,368,batch3,r
cs52,2,The water,Qwen/Qwen2.5-VL-7B-Instruct,368,batch3,r
cs53,3,The helicopter.,Qwen/Qwen2.5-VL-7B-Instruct,368,batch3,r
cs54,3,piggy bank,Qwen/Qwen2.5-VL-7B-Instruct,368,batch3,r
cs55,4,faucet,Qwen/Qwen2.5-VL-7B-Instruct,368,batch3,r
cs56,1,quill pen,Qwen/Qwen2.5-VL-7B-Instruct,368,batch3,r
cs57,4,The pig broken in half.,Qwen/Qwen2.5-VL-7B-Instruct,368,batch3,r
cs58,3,the hammer,Qwen/Qwen2.5-VL-7B-Instruct,368,batch3,r
cs59,2,The woman with a notepad.,Qwen/Qwen2.5-VL-7B-Instruct,368,batch3,r
cs60,2,the orchestra,Qwen/Qwen2.5-VL-7B-Instruct,368,batch3,r
de61,3,tropical trees,Qwen/Qwen2.5-VL-7B-Instruct,368,batch3,r
de62,2,The seal.,Qwen/Qwen2.5-VL-7B-Instruct,368,batch3,r
de63,1,The corn.,Qwen/Qwen2.5-VL-7B-Instruct,368,batch3,r
de64,1,The glove,Qwen/Qwen2.5-VL-7B-Instruct,368,batch3,r
de65,3,The ape.,Qwen/Qwen2.5-VL-7B-Instruct,368,batch3,r
de66,2,hourglass,Qwen/Qwen2.5-VL-7B-Instruct,368,batch3,r
de67,2,yellow balls,Qwen/Qwen2.5-VL-7B-Instruct,368,batch3,r
de68,2,The shield.,Qwen/Qwen2.5-VL-7B-Instruct,368,batch3,r
de69,1,The sitting man wearing a hat.,Qwen/Qwen2.5-VL-7B-Instruct,368,batch3,r
de70,2,The dollar sign.,Qwen/Qwen2.5-VL-7B-Instruct,368,batch3,r
de71,1,The flames,Qwen/Qwen2.5-VL-7B-Instruct,368,batch3,r
de72,1,red hat-shaped object,Qwen/Qwen2.5-VL-7B-Instruct,368,batch3,r
de73,3,The lamps,Qwen/Qwen2.5-VL-7B-Instruct,368,batch3,r
de74,4,The person in a yellow shirt.,Qwen/Qwen2.5-VL-7B-Instruct,368,batch3,r
de75,2,The cliffs on the right.,Qwen/Qwen2.5-VL-7B-Instruct,368,batch3,r
or31,3,The dog collar,Qwen/Qwen2.5-VL-7B-Instruct,377,batch3,r
or32,4,The diamond.,Qwen/Qwen2.5-VL-7B-Instruct,377,batch3,r
or33,4,torch,Qwen/Qwen2.5-VL-7B-Instruct,377,batch3,r
or34,3,mug,Qwen/Qwen2.5-VL-7B-Instruct,377,batch3,r
or35,4,The magnifying glass.,Qwen/Qwen2.5-VL-7B-Instruct,377,batch3,r
or36,4,cigarette box,Qwen/Qwen2.5-VL-7B-Instruct,377,batch3,r
or37,3,people,Qwen/Qwen2.5-VL-7B-Instruct,377,batch3,r
or38,4,The bike.,Qwen/Qwen2.5-VL-7B-Instruct,377,batch3,r
or39,4,mug,Qwen/Qwen2.5-VL-7B-Instruct,377,batch3,r
or40,3,the little girl,Qwen/Qwen2.5-VL-7B-Instruct,377,batch3,r
or41,4,The fingerprint scanner,Qwen/Qwen2.5-VL-7B-Instruct,377,batch3,r
or42,4,The bigger globe.,Qwen/Qwen2.5-VL-7B-Instruct,377,batch3,r
or43,4,The puzzle pieces,Qwen/Qwen2.5-VL-7B-Instruct,377,batch3,r
or44,3,The magnifying glass.,Qwen/Qwen2.5-VL-7B-Instruct,377,batch3,r
or45,3,The VR goggles.,Qwen/Qwen2.5-VL-7B-Instruct,377,batch3,r
cs46,2,The scale.,Qwen/Qwen2.5-VL-7B-Instruct,377,batch3,r
cs47,1,The couple.,Qwen/Qwen2.5-VL-7B-Instruct,377,batch3,r
cs48,2,The book,Qwen/Qwen2.5-VL-7B-Instruct,377,batch3,r
cs49,2,The electrode cap.,Qwen/Qwen2.5-VL-7B-Instruct,377,batch3,r
cs50,4,animal,Qwen/Qwen2.5-VL-7B-Instruct,377,batch3,r
fr1,3,The woman.,Qwen/Qwen2.5-VL-7B-Instruct,377,batch3,r
fr2,2,The pointy trees,Qwen/Qwen2.5-VL-7B-Instruct,377,batch3,r
fr3,2,tray,Qwen/Qwen2.5-VL-7B-Instruct,377,batch3,r
fr4,2,The man.,Qwen/Qwen2.5-VL-7B-Instruct,377,batch3,r
fr5,4,baby,Qwen/Qwen2.5-VL-7B-Instruct,377,batch3,r
fr6,4,The barbed wire,Qwen/Qwen2.5-VL-7B-Instruct,377,batch3,r
fr7,3,only say the red rays,Qwen/Qwen2.5-VL-7B-Instruct,377,batch3,r
fr8,2,man,Qwen/Qwen2.5-VL-7B-Instruct,377,batch3,r
fr9,2,crowd,Qwen/Qwen2.5-VL-7B-Instruct,377,batch3,r
fr10,4,the man's right hand,Qwen/Qwen2.5-VL-7B-Instruct,377,batch3,r
fr11,2,The open books.,Qwen/Qwen2.5-VL-7B-Instruct,377,batch3,r
fr12,3,kid on bike,Qwen/Qwen2.5-VL-7B-Instruct,377,batch3,r
fr13,2,The green cloth is at the most front of this image.,Qwen/Qwen2.5-VL-7B-Instruct,377,batch3,r
fr14,1,red bars,Qwen/Qwen2.5-VL-7B-Instruct,377,batch3,r
fr15,2,The woman in jeans,Qwen/Qwen2.5-VL-7B-Instruct,377,batch3,r
cs51,2,The soldiers facing forward.,Qwen/Qwen2.5-VL-7B-Instruct,377,batch3,r
cs52,3,land,Qwen/Qwen2.5-VL-7B-Instruct,377,batch3,r
cs53,1,The big car.,Qwen/Qwen2.5-VL-7B-Instruct,377,batch3,r
cs54,2,The piggy bank,Qwen/Qwen2.5-VL-7B-Instruct,377,batch3,r
cs55,2,faucet,Qwen/Qwen2.5-VL-7B-Instruct,377,batch3,r
cs56,2,quill pen,Qwen/Qwen2.5-VL-7B-Instruct,377,batch3,r
cs57,4,pig broken in half,Qwen/Qwen2.5-VL-7B-Instruct,377,batch3,r
cs58,4,The hammer.,Qwen/Qwen2.5-VL-7B-Instruct,377,batch3,r
cs59,2,The woman with a notepad.,Qwen/Qwen2.5-VL-7B-Instruct,377,batch3,r
cs60,2,The woman on stage,Qwen/Qwen2.5-VL-7B-Instruct,377,batch3,r
de61,3,Cylinders,Qwen/Qwen2.5-VL-7B-Instruct,377,batch3,r
de62,2,The seal,Qwen/Qwen2.5-VL-7B-Instruct,377,batch3,r
de63,1,The corn.,Qwen/Qwen2.5-VL-7B-Instruct,377,batch3,r
de64,1,glove,Qwen/Qwen2.5-VL-7B-Instruct,377,batch3,r
de65,1,The ape.,Qwen/Qwen2.5-VL-7B-Instruct,377,batch3,r
de66,2,lock,Qwen/Qwen2.5-VL-7B-Instruct,377,batch3,r
de67,3,yellow balls,Qwen/Qwen2.5-VL-7B-Instruct,377,batch3,r
de68,4,The shield.,Qwen/Qwen2.5-VL-7B-Instruct,377,batch3,r
de69,2,The sitting man wearing a hat.,Qwen/Qwen2.5-VL-7B-Instruct,377,batch3,r
de70,4,The dollar sign.,Qwen/Qwen2.5-VL-7B-Instruct,377,batch3,r
de71,1,flames,Qwen/Qwen2.5-VL-7B-Instruct,377,batch3,r
de72,2,red flower-shaped object with a pointy middle,Qwen/Qwen2.5-VL-7B-Instruct,377,batch3,r
de73,3,The lamps.,Qwen/Qwen2.5-VL-7B-Instruct,377,batch3,r
de74,4,The person in a yellow shirt.,Qwen/Qwen2.5-VL-7B-Instruct,377,batch3,r
de75,1,The cliffs on the right.,Qwen/Qwen2.5-VL-7B-Instruct,377,batch3,r
or31,3,The dog collar.,Qwen/Qwen2.5-VL-7B-Instruct,437,batch3,r
or32,4,diamond,Qwen/Qwen2.5-VL-7B-Instruct,437,batch3,r
or33,3,torch,Qwen/Qwen2.5-VL-7B-Instruct,437,batch3,r
or34,4,hands,Qwen/Qwen2.5-VL-7B-Instruct,437,batch3,r
or35,4,magnifying glass,Qwen/Qwen2.5-VL-7B-Instruct,437,batch3,r
or36,3,The cigarette.,Qwen/Qwen2.5-VL-7B-Instruct,437,batch3,r
or37,4,The people.,Qwen/Qwen2.5-VL-7B-Instruct,437,batch3,r
or38,3,bike,Qwen/Qwen2.5-VL-7B-Instruct,437,batch3,r
or39,3,The mug.,Qwen/Qwen2.5-VL-7B-Instruct,437,batch3,r
or40,3,little girl,Qwen/Qwen2.5-VL-7B-Instruct,437,batch3,r
or41,3,The fingerprint scanner.,Qwen/Qwen2.5-VL-7B-Instruct,437,batch3,r
or43,3,The puzzle pieces.,Qwen/Qwen2.5-VL-7B-Instruct,437,batch3,r
or44,3,The magnifying glass.,Qwen/Qwen2.5-VL-7B-Instruct,437,batch3,r
or45,2,VR goggle,Qwen/Qwen2.5-VL-7B-Instruct,437,batch3,r
cs46,3,scale,Qwen/Qwen2.5-VL-7B-Instruct,437,batch3,r
cs47,1,couple,Qwen/Qwen2.5-VL-7B-Instruct,437,batch3,r
cs48,2,the book,Qwen/Qwen2.5-VL-7B-Instruct,437,batch3,r
cs49,1,Electrode cap,Qwen/Qwen2.5-VL-7B-Instruct,437,batch3,r
cs50,2,animal,Qwen/Qwen2.5-VL-7B-Instruct,437,batch3,r
fr1,1,The woman.,Qwen/Qwen2.5-VL-7B-Instruct,437,batch3,r
fr2,1,The pointy trees.,Qwen/Qwen2.5-VL-7B-Instruct,437,batch3,r
fr3,1,tray,Qwen/Qwen2.5-VL-7B-Instruct,437,batch3,r
fr4,2,The man.,Qwen/Qwen2.5-VL-7B-Instruct,437,batch3,r
fr5,4,suitcase,Qwen/Qwen2.5-VL-7B-Instruct,437,batch3,r
fr6,3,barbed wire,Qwen/Qwen2.5-VL-7B-Instruct,437,batch3,r
fr7,3,The blue rays.,Qwen/Qwen2.5-VL-7B-Instruct,437,batch3,r
fr8,3,The man.,Qwen/Qwen2.5-VL-7B-Instruct,437,batch3,r
fr9,3,The DJ behind the glass.,Qwen/Qwen2.5-VL-7B-Instruct,437,batch3,r
fr10,4,the man's right hand,Qwen/Qwen2.5-VL-7B-Instruct,437,batch3,r
fr11,1,open books,Qwen/Qwen2.5-VL-7B-Instruct,437,batch3,r
fr13,1,the stool,Qwen/Qwen2.5-VL-7B-Instruct,437,batch3,r
fr14,2,red bars,Qwen/Qwen2.5-VL-7B-Instruct,437,batch3,r
fr15,2,The woman in jeans.,Qwen/Qwen2.5-VL-7B-Instruct,437,batch3,r
cs51,3,The soldiers facing forward.,Qwen/Qwen2.5-VL-7B-Instruct,437,batch3,r
cs52,2,the water,Qwen/Qwen2.5-VL-7B-Instruct,437,batch3,r
cs53,4,The big car.,Qwen/Qwen2.5-VL-7B-Instruct,437,batch3,r
cs54,2,The piggy bank.,Qwen/Qwen2.5-VL-7B-Instruct,437,batch3,r
cs55,4,faucet,Qwen/Qwen2.5-VL-7B-Instruct,437,batch3,r
cs56,1,quill pen,Qwen/Qwen2.5-VL-7B-Instruct,437,batch3,r
cs57,4,pig broken in half,Qwen/Qwen2.5-VL-7B-Instruct,437,batch3,r
cs58,2,people,Qwen/Qwen2.5-VL-7B-Instruct,437,batch3,r
cs59,2,Laughing man,Qwen/Qwen2.5-VL-7B-Instruct,437,batch3,r
cs60,1,The woman on stage.,Qwen/Qwen2.5-VL-7B-Instruct,437,batch3,r
de61,3,The cylinders,Qwen/Qwen2.5-VL-7B-Instruct,437,batch3,r
de62,1,The seal,Qwen/Qwen2.5-VL-7B-Instruct,437,batch3,r
de63,1,Corn,Qwen/Qwen2.5-VL-7B-Instruct,437,batch3,r
de64,2,The glove.,Qwen/Qwen2.5-VL-7B-Instruct,437,batch3,r
de65,1,the ape,Qwen/Qwen2.5-VL-7B-Instruct,437,batch3,r
de66,2,The lock,Qwen/Qwen2.5-VL-7B-Instruct,437,batch3,r
de67,3,yellow balls,Qwen/Qwen2.5-VL-7B-Instruct,437,batch3,r
de68,2,The shield.,Qwen/Qwen2.5-VL-7B-Instruct,437,batch3,r
de69,2,The sitting man wearing a hat.,Qwen/Qwen2.5-VL-7B-Instruct,437,batch3,r
de70,2,arrow,Qwen/Qwen2.5-VL-7B-Instruct,437,batch3,r
de71,1,The flames.,Qwen/Qwen2.5-VL-7B-Instruct,437,batch3,r
de72,2,The red flower-shaped object with a pointy middle.,Qwen/Qwen2.5-VL-7B-Instruct,437,batch3,r
de73,2,The lamps.,Qwen/Qwen2.5-VL-7B-Instruct,437,batch3,r
de74,4,everything equal,Qwen/Qwen2.5-VL-7B-Instruct,437,batch3,r
de75,1,trees in the lower left corner,Qwen/Qwen2.5-VL-7B-Instruct,437,batch3,r
or31,3,The dog collar.,Qwen/Qwen2.5-VL-7B-Instruct,495,batch3,r
or32,3,The front side of pedestal,Qwen/Qwen2.5-VL-7B-Instruct,495,batch3,r
or33,4,torch,Qwen/Qwen2.5-VL-7B-Instruct,495,batch3,r
or34,4,the hands,Qwen/Qwen2.5-VL-7B-Instruct,495,batch3,r
or35,3,The magnifying glass,Qwen/Qwen2.5-VL-7B-Instruct,495,batch3,r
or36,1,cigarette box,Qwen/Qwen2.5-VL-7B-Instruct,495,batch3,r
or37,1,the people,Qwen/Qwen2.5-VL-7B-Instruct,495,batch3,r
or38,4,bike,Qwen/Qwen2.5-VL-7B-Instruct,495,batch3,r
or39,4,The mug.,Qwen/Qwen2.5-VL-7B-Instruct,495,batch3,r
or40,2,little girl,Qwen/Qwen2.5-VL-7B-Instruct,495,batch3,r
or41,4,The fingerprint scanner.,Qwen/Qwen2.5-VL-7B-Instruct,495,batch3,r
or42,3,The big window.,Qwen/Qwen2.5-VL-7B-Instruct,495,batch3,r
or43,4,puzzle pieces,Qwen/Qwen2.5-VL-7B-Instruct,495,batch3,r
or44,3,The magnifying glass.,Qwen/Qwen2.5-VL-7B-Instruct,495,batch3,r
or45,3,The VR goggle.,Qwen/Qwen2.5-VL-7B-Instruct,495,batch3,r
cs46,4,The scale,Qwen/Qwen2.5-VL-7B-Instruct,495,batch3,r
cs47,1,The couple,Qwen/Qwen2.5-VL-7B-Instruct,495,batch3,r
cs48,1,the book,Qwen/Qwen2.5-VL-7B-Instruct,495,batch3,r
cs49,2,The electrode cap.,Qwen/Qwen2.5-VL-7B-Instruct,495,batch3,r
cs50,2,animal,Qwen/Qwen2.5-VL-7B-Instruct,495,batch3,r
fr1,4,The woman.,Qwen/Qwen2.5-VL-7B-Instruct,495,batch3,r
fr2,1,The solar panel.,Qwen/Qwen2.5-VL-7B-Instruct,495,batch3,r
fr3,3,The tray.,Qwen/Qwen2.5-VL-7B-Instruct,495,batch3,r
fr4,3,The man.,Qwen/Qwen2.5-VL-7B-Instruct,495,batch3,r
fr5,2,baby,Qwen/Qwen2.5-VL-7B-Instruct,495,batch3,r
fr6,4,the barbed wire,Qwen/Qwen2.5-VL-7B-Instruct,495,batch3,r
fr7,3,The red rays are at the most front of this image.,Qwen/Qwen2.5-VL-7B-Instruct,495,batch3,r
fr8,3,The man,Qwen/Qwen2.5-VL-7B-Instruct,495,batch3,r
fr9,2,The crowd,Qwen/Qwen2.5-VL-7B-Instruct,495,batch3,r
fr10,3,the woman's left hand,Qwen/Qwen2.5-VL-7B-Instruct,495,batch3,r
fr11,1,The open books.,Qwen/Qwen2.5-VL-7B-Instruct,495,batch3,r
fr12,3,Soccer ball,Qwen/Qwen2.5-VL-7B-Instruct,495,batch3,r
fr13,2,The stool.,Qwen/Qwen2.5-VL-7B-Instruct,495,batch3,r
fr14,1,only say,Qwen/Qwen2.5-VL-7B-Instruct,495,batch3,r
fr15,2,lilie,Qwen/Qwen2.5-VL-7B-Instruct,495,batch3,r
cs51,3,The soldiers facing forward.,Qwen/Qwen2.5-VL-7B-Instruct,495,batch3,r
cs52,4,water,Qwen/Qwen2.5-VL-7B-Instruct,495,batch3,r
cs53,2,The big car.,Qwen/Qwen2.5-VL-7B-Instruct,495,batch3,r
cs54,2,It is ambiguous.,Qwen/Qwen2.5-VL-7B-Instruct,495,batch3,r
cs55,3,faucet,Qwen/Qwen2.5-VL-7B-Instruct,495,batch3,r
cs56,1,The quill pen.,Qwen/Qwen2.5-VL-7B-Instruct,495,batch3,r
cs57,4,pig broken in half,Qwen/Qwen2.5-VL-7B-Instruct,495,batch3,r
cs58,1,The people.,Qwen/Qwen2.5-VL-7B-Instruct,495,batch3,r
cs59,2,The woman with a notepad.,Qwen/Qwen2.5-VL-7B-Instruct,495,batch3,r
cs60,1,The woman on stage.,Qwen/Qwen2.5-VL-7B-Instruct,495,batch3,r
de61,3,Cylinders,Qwen/Qwen2.5-VL-7B-Instruct,495,batch3,r
de62,1,The seal.,Qwen/Qwen2.5-VL-7B-Instruct,495,batch3,r
de63,1,the tomatoes,Qwen/Qwen2.5-VL-7B-Instruct,495,batch3,r
de64,4,The glove.,Qwen/Qwen2.5-VL-7B-Instruct,495,batch3,r
de65,2,The big screen,Qwen/Qwen2.5-VL-7B-Instruct,495,batch3,r
de66,1,lock,Qwen/Qwen2.5-VL-7B-Instruct,495,batch3,r
de67,2,yellow balls,Qwen/Qwen2.5-VL-7B-Instruct,495,batch3,r
de68,3,shield,Qwen/Qwen2.5-VL-7B-Instruct,495,batch3,r
de69,1,The sitting man wearing a hat,Qwen/Qwen2.5-VL-7B-Instruct,495,batch3,r
de70,2,arrow,Qwen/Qwen2.5-VL-7B-Instruct,495,batch3,r
de71,1,flames,Qwen/Qwen2.5-VL-7B-Instruct,495,batch3,r
de72,1,The red flower-shaped object with a pointy middle.,Qwen/Qwen2.5-VL-7B-Instruct,495,batch3,r
de73,3,The lamps,Qwen/Qwen2.5-VL-7B-Instruct,495,batch3,r
de74,4,The person in a yellow shirt,Qwen/Qwen2.5-VL-7B-Instruct,495,batch3,r
de75,1,the trees in the lower left corner,Qwen/Qwen2.5-VL-7B-Instruct,495,batch3,r
or46,3,scale,Qwen/Qwen2.5-VL-7B-Instruct,148,batch4,r
or47,2,couple,Qwen/Qwen2.5-VL-7B-Instruct,148,batch4,r
or48,4,the book,Qwen/Qwen2.5-VL-7B-Instruct,148,batch4,r
or49,3,The electrode cap.,Qwen/Qwen2.5-VL-7B-Instruct,148,batch4,r
or50,4,animal,Qwen/Qwen2.5-VL-7B-Instruct,148,batch4,r
de1,2,The woman,Qwen/Qwen2.5-VL-7B-Instruct,148,batch4,r
de2,2,The pointy trees.,Qwen/Qwen2.5-VL-7B-Instruct,148,batch4,r
de3,2,tray,Qwen/Qwen2.5-VL-7B-Instruct,148,batch4,r
de4,2,The man,Qwen/Qwen2.5-VL-7B-Instruct,148,batch4,r
de5,3,The suitcase.,Qwen/Qwen2.5-VL-7B-Instruct,148,batch4,r
de6,2,The barbed wire.,Qwen/Qwen2.5-VL-7B-Instruct,148,batch4,r
de7,3,The red rays are at the most front of this image.,Qwen/Qwen2.5-VL-7B-Instruct,148,batch4,r
de8,2,The man,Qwen/Qwen2.5-VL-7B-Instruct,148,batch4,r
de9,3,The crowd,Qwen/Qwen2.5-VL-7B-Instruct,148,batch4,r
de10,4,the man's right hand,Qwen/Qwen2.5-VL-7B-Instruct,148,batch4,r
de11,1,open books,Qwen/Qwen2.5-VL-7B-Instruct,148,batch4,r
de12,2,Kid on the bike,Qwen/Qwen2.5-VL-7B-Instruct,148,batch4,r
de13,1,stool,Qwen/Qwen2.5-VL-7B-Instruct,148,batch4,r
de14,2,cannot say,Qwen/Qwen2.5-VL-7B-Instruct,148,batch4,r
de15,2,The woman in jeans.,Qwen/Qwen2.5-VL-7B-Instruct,148,batch4,r
fr16,3,The heart-shaped tree,Qwen/Qwen2.5-VL-7B-Instruct,148,batch4,r
fr17,4,everything equal,Qwen/Qwen2.5-VL-7B-Instruct,148,batch4,r
fr18,2,The elephant,Qwen/Qwen2.5-VL-7B-Instruct,148,batch4,r
fr19,2,The laptops,Qwen/Qwen2.5-VL-7B-Instruct,148,batch4,r
fr20,1,The man,Qwen/Qwen2.5-VL-7B-Instruct,148,batch4,r
fr21,4,The kid in a yellow shirt,Qwen/Qwen2.5-VL-7B-Instruct,148,batch4,r
fr22,3,sun,Qwen/Qwen2.5-VL-7B-Instruct,148,batch4,r
fr23,2,door,Qwen/Qwen2.5-VL-7B-Instruct,148,batch4,r
fr24,2,phone,Qwen/Qwen2.5-VL-7B-Instruct,148,batch4,r
fr25,3,the woman holding a note,Qwen/Qwen2.5-VL-7B-Instruct,148,batch4,r
fr26,1,The air pump.,Qwen/Qwen2.5-VL-7B-Instruct,148,batch4,r
fr27,4,the woman's left foot,Qwen/Qwen2.5-VL-7B-Instruct,148,batch4,r
fr28,1,The pig,Qwen/Qwen2.5-VL-7B-Instruct,148,batch4,r
fr29,3,cannot say,Qwen/Qwen2.5-VL-7B-Instruct,148,batch4,r
fr30,4,flasks,Qwen/Qwen2.5-VL-7B-Instruct,148,batch4,r
or51,4,The soldiers facing forward.,Qwen/Qwen2.5-VL-7B-Instruct,148,batch4,r
or52,3,The water,Qwen/Qwen2.5-VL-7B-Instruct,148,batch4,r
or53,3,The big car.,Qwen/Qwen2.5-VL-7B-Instruct,148,batch4,r
or54,4,The piggy bank.,Qwen/Qwen2.5-VL-7B-Instruct,148,batch4,r
or55,4,faucet,Qwen/Qwen2.5-VL-7B-Instruct,148,batch4,r
or56,3,The quill pen.,Qwen/Qwen2.5-VL-7B-Instruct,148,batch4,r
or57,3,The bank,Qwen/Qwen2.5-VL-7B-Instruct,148,batch4,r
or58,4,The hammer.,Qwen/Qwen2.5-VL-7B-Instruct,148,batch4,r
or59,3,The woman with a notepad.,Qwen/Qwen2.5-VL-7B-Instruct,148,batch4,r
or60,3,The woman on stage.,Qwen/Qwen2.5-VL-7B-Instruct,148,batch4,r
cs61,1,tropical trees,Qwen/Qwen2.5-VL-7B-Instruct,148,batch4,r
cs62,2,The seal.,Qwen/Qwen2.5-VL-7B-Instruct,148,batch4,r
cs63,2,The tomatoes,Qwen/Qwen2.5-VL-7B-Instruct,148,batch4,r
cs64,1,The magnifying glass.,Qwen/Qwen2.5-VL-7B-Instruct,148,batch4,r
cs65,2,the ape,Qwen/Qwen2.5-VL-7B-Instruct,148,batch4,r
cs66,2,The lock.,Qwen/Qwen2.5-VL-7B-Instruct,148,batch4,r
cs67,3,only say the yellow balls,Qwen/Qwen2.5-VL-7B-Instruct,148,batch4,r
cs68,3,The shield,Qwen/Qwen2.5-VL-7B-Instruct,148,batch4,r
cs69,3,the man with his hand on his chin,Qwen/Qwen2.5-VL-7B-Instruct,148,batch4,r
cs70,1,The dollar sign,Qwen/Qwen2.5-VL-7B-Instruct,148,batch4,r
cs71,2,flames,Qwen/Qwen2.5-VL-7B-Instruct,148,batch4,r
cs72,3,The red flower-shaped object with a pointy middle.,Qwen/Qwen2.5-VL-7B-Instruct,148,batch4,r
cs73,2,The lamps.,Qwen/Qwen2.5-VL-7B-Instruct,148,batch4,r
cs74,2,Everything equal.,Qwen/Qwen2.5-VL-7B-Instruct,148,batch4,r
cs75,2,trees in the lower left corner,Qwen/Qwen2.5-VL-7B-Instruct,148,batch4,r
or46,4,The scale,Qwen/Qwen2.5-VL-7B-Instruct,183,batch4,r
or47,2,couple,Qwen/Qwen2.5-VL-7B-Instruct,183,batch4,r
or48,1,the book,Qwen/Qwen2.5-VL-7B-Instruct,183,batch4,r
or49,3,The electrode cap.,Qwen/Qwen2.5-VL-7B-Instruct,183,batch4,r
or50,4,animal,Qwen/Qwen2.5-VL-7B-Instruct,183,batch4,r
de1,2,The woman,Qwen/Qwen2.5-VL-7B-Instruct,183,batch4,r
de2,4,solar panel,Qwen/Qwen2.5-VL-7B-Instruct,183,batch4,r
de3,4,tray,Qwen/Qwen2.5-VL-7B-Instruct,183,batch4,r
de4,1,the weight,Qwen/Qwen2.5-VL-7B-Instruct,183,batch4,r
de5,3,The suitcase,Qwen/Qwen2.5-VL-7B-Instruct,183,batch4,r
de6,4,barbed wire,Qwen/Qwen2.5-VL-7B-Instruct,183,batch4,r
de7,4,The red rays are at the most front of this image.,Qwen/Qwen2.5-VL-7B-Instruct,183,batch4,r
de8,2,The man.,Qwen/Qwen2.5-VL-7B-Instruct,183,batch4,r
de9,3,The DJ behind the glass,Qwen/Qwen2.5-VL-7B-Instruct,183,batch4,r
de10,3,the woman's left hand,Qwen/Qwen2.5-VL-7B-Instruct,183,batch4,r
de11,3,The open books.,Qwen/Qwen2.5-VL-7B-Instruct,183,batch4,r
de12,2,The car,Qwen/Qwen2.5-VL-7B-Instruct,183,batch4,r
de13,3,stool,Qwen/Qwen2.5-VL-7B-Instruct,183,batch4,r
de14,3,red bars,Qwen/Qwen2.5-VL-7B-Instruct,183,batch4,r
de15,2,The woman in jeans,Qwen/Qwen2.5-VL-7B-Instruct,183,batch4,r
fr16,4,The heart-shaped tree,Qwen/Qwen2.5-VL-7B-Instruct,183,batch4,r
fr17,4,brain,Qwen/Qwen2.5-VL-7B-Instruct,183,batch4,r
fr18,3,The elephant,Qwen/Qwen2.5-VL-7B-Instruct,183,batch4,r
fr19,2,laptops,Qwen/Qwen2.5-VL-7B-Instruct,183,batch4,r
fr20,1,the man,Qwen/Qwen2.5-VL-7B-Instruct,183,batch4,r
fr21,4,kid in a yellow shirt,Qwen/Qwen2.5-VL-7B-Instruct,183,batch4,r
fr22,4,sun,Qwen/Qwen2.5-VL-7B-Instruct,183,batch4,r
fr23,3,The moon.,Qwen/Qwen2.5-VL-7B-Instruct,183,batch4,r
fr24,4,the phone,Qwen/Qwen2.5-VL-7B-Instruct,183,batch4,r
fr25,3,The light,Qwen/Qwen2.5-VL-7B-Instruct,183,batch4,r
fr26,3,The air pump.,Qwen/Qwen2.5-VL-7B-Instruct,183,batch4,r
fr27,1,the shoes,Qwen/Qwen2.5-VL-7B-Instruct,183,batch4,r
fr28,1,The liver.,Qwen/Qwen2.5-VL-7B-Instruct,183,batch4,r
fr29,1,cannot say,Qwen/Qwen2.5-VL-7B-Instruct,183,batch4,r
fr30,2,flasks,Qwen/Qwen2.5-VL-7B-Instruct,183,batch4,r
or51,4,The soldiers facing forward.,Qwen/Qwen2.5-VL-7B-Instruct,183,batch4,r
or52,4,The water,Qwen/Qwen2.5-VL-7B-Instruct,183,batch4,r
or53,3,The big car,Qwen/Qwen2.5-VL-7B-Instruct,183,batch4,r
or54,4,piggy bank,Qwen/Qwen2.5-VL-7B-Instruct,183,batch4,r
or55,4,faucet,Qwen/Qwen2.5-VL-7B-Instruct,183,batch4,r
or56,4,quill pen,Qwen/Qwen2.5-VL-7B-Instruct,183,batch4,r
or57,3,The bank.,Qwen/Qwen2.5-VL-7B-Instruct,183,batch4,r
or58,3,The hammer.,Qwen/Qwen2.5-VL-7B-Instruct,183,batch4,r
or59,4,The woman with a notepad.,Qwen/Qwen2.5-VL-7B-Instruct,183,batch4,r
or60,3,The woman on stage.,Qwen/Qwen2.5-VL-7B-Instruct,183,batch4,r
cs61,4,The cylinders are at the most front of the image.,Qwen/Qwen2.5-VL-7B-Instruct,183,batch4,r
cs62,2,The seal.,Qwen/Qwen2.5-VL-7B-Instruct,183,batch4,r
cs63,2,The corn,Qwen/Qwen2.5-VL-7B-Instruct,183,batch4,r
cs64,3,The magnifying glass.,Qwen/Qwen2.5-VL-7B-Instruct,183,batch4,r
cs65,2,the ape,Qwen/Qwen2.5-VL-7B-Instruct,183,batch4,r
cs66,3,The lock.,Qwen/Qwen2.5-VL-7B-Instruct,183,batch4,r
cs67,2,yellow balls,Qwen/Qwen2.5-VL-7B-Instruct,183,batch4,r
cs68,3,The shield,Qwen/Qwen2.5-VL-7B-Instruct,183,batch4,r
cs69,1,the sitting man wearing a hat,Qwen/Qwen2.5-VL-7B-Instruct,183,batch4,r
cs70,1,the arrow,Qwen/Qwen2.5-VL-7B-Instruct,183,batch4,r
cs71,2,The flames.,Qwen/Qwen2.5-VL-7B-Instruct,183,batch4,r
cs72,1,the red flower-shaped object with a pointy middle,Qwen/Qwen2.5-VL-7B-Instruct,183,batch4,r
cs73,1,The lamps.,Qwen/Qwen2.5-VL-7B-Instruct,183,batch4,r
cs74,1,the person in a yellow shirt,Qwen/Qwen2.5-VL-7B-Instruct,183,batch4,r
cs75,2,trees in the lower left corner,Qwen/Qwen2.5-VL-7B-Instruct,183,batch4,r
or46,3,scale,Qwen/Qwen2.5-VL-7B-Instruct,196,batch4,r
or47,2,The couple.,Qwen/Qwen2.5-VL-7B-Instruct,196,batch4,r
or48,2,the towel,Qwen/Qwen2.5-VL-7B-Instruct,196,batch4,r
or49,3,The electrode cap.,Qwen/Qwen2.5-VL-7B-Instruct,196,batch4,r
or50,2,animal,Qwen/Qwen2.5-VL-7B-Instruct,196,batch4,r
de1,3,The woman,Qwen/Qwen2.5-VL-7B-Instruct,196,batch4,r
de2,3,The pointy trees.,Qwen/Qwen2.5-VL-7B-Instruct,196,batch4,r
de3,2,The tray.,Qwen/Qwen2.5-VL-7B-Instruct,196,batch4,r
de4,2,The man,Qwen/Qwen2.5-VL-7B-Instruct,196,batch4,r
de5,3,baby,Qwen/Qwen2.5-VL-7B-Instruct,196,batch4,r
de6,4,The barbed wire.,Qwen/Qwen2.5-VL-7B-Instruct,196,batch4,r
de7,2,The red rays are at the most front of the image.,Qwen/Qwen2.5-VL-7B-Instruct,196,batch4,r
de8,2,The man,Qwen/Qwen2.5-VL-7B-Instruct,196,batch4,r
de9,3,DJ behind the glass,Qwen/Qwen2.5-VL-7B-Instruct,196,batch4,r
de10,3,the man's right hand,Qwen/Qwen2.5-VL-7B-Instruct,196,batch4,r
de11,1,The open books.,Qwen/Qwen2.5-VL-7B-Instruct,196,batch4,r
de12,1,soccer ball,Qwen/Qwen2.5-VL-7B-Instruct,196,batch4,r
de13,4,stool,Qwen/Qwen2.5-VL-7B-Instruct,196,batch4,r
de14,2,cannot say,Qwen/Qwen2.5-VL-7B-Instruct,196,batch4,r
de15,1,The woman in jeans.,Qwen/Qwen2.5-VL-7B-Instruct,196,batch4,r
fr16,3,The heart-shaped tree.,Qwen/Qwen2.5-VL-7B-Instruct,196,batch4,r
fr17,4,brain,Qwen/Qwen2.5-VL-7B-Instruct,196,batch4,r
fr18,2,elephant,Qwen/Qwen2.5-VL-7B-Instruct,196,batch4,r
fr19,2,laptops,Qwen/Qwen2.5-VL-7B-Instruct,196,batch4,r
fr20,2,The man.,Qwen/Qwen2.5-VL-7B-Instruct,196,batch4,r
fr21,3,The kids in a yellow shirt.,Qwen/Qwen2.5-VL-7B-Instruct,196,batch4,r
fr22,3,sun,Qwen/Qwen2.5-VL-7B-Instruct,196,batch4,r
fr23,2,door,Qwen/Qwen2.5-VL-7B-Instruct,196,batch4,r
fr24,3,The flags,Qwen/Qwen2.5-VL-7B-Instruct,196,batch4,r
fr25,3,The woman holding a note.,Qwen/Qwen2.5-VL-7B-Instruct,196,batch4,r
fr26,3,The bike,Qwen/Qwen2.5-VL-7B-Instruct,196,batch4,r
fr27,2,the woman's left foot,Qwen/Qwen2.5-VL-7B-Instruct,196,batch4,r
fr28,2,The surgeons.,Qwen/Qwen2.5-VL-7B-Instruct,196,batch4,r
fr29,3,cannot say,Qwen/Qwen2.5-VL-7B-Instruct,196,batch4,r
fr30,3,flasks,Qwen/Qwen2.5-VL-7B-Instruct,196,batch4,r
or51,4,The trucks.,Qwen/Qwen2.5-VL-7B-Instruct,196,batch4,r
or52,4,The water,Qwen/Qwen2.5-VL-7B-Instruct,196,batch4,r
or53,3,The helicopter.,Qwen/Qwen2.5-VL-7B-Instruct,196,batch4,r
or54,2,The piggy bank.,Qwen/Qwen2.5-VL-7B-Instruct,196,batch4,r
or55,3,faucet,Qwen/Qwen2.5-VL-7B-Instruct,196,batch4,r
or56,1,quill pen,Qwen/Qwen2.5-VL-7B-Instruct,196,batch4,r
or57,3,The bank,Qwen/Qwen2.5-VL-7B-Instruct,196,batch4,r
or58,3,The hammer.,Qwen/Qwen2.5-VL-7B-Instruct,196,batch4,r
or59,4,the laughing man,Qwen/Qwen2.5-VL-7B-Instruct,196,batch4,r
or60,4,The orchestra,Qwen/Qwen2.5-VL-7B-Instruct,196,batch4,r
cs61,4,cylinders,Qwen/Qwen2.5-VL-7B-Instruct,196,batch4,r
cs62,1,The seal.,Qwen/Qwen2.5-VL-7B-Instruct,196,batch4,r
cs63,3,The corn.,Qwen/Qwen2.5-VL-7B-Instruct,196,batch4,r
cs65,1,the ape,Qwen/Qwen2.5-VL-7B-Instruct,196,batch4,r
cs66,2,hourglass,Qwen/Qwen2.5-VL-7B-Instruct,196,batch4,r
cs67,3,yellow balls,Qwen/Qwen2.5-VL-7B-Instruct,196,batch4,r
cs68,3,The shield,Qwen/Qwen2.5-VL-7B-Instruct,196,batch4,r
cs69,1,The sitting man wearing a hat.,Qwen/Qwen2.5-VL-7B-Instruct,196,batch4,r
cs70,1,The arrow.,Qwen/Qwen2.5-VL-7B-Instruct,196,batch4,r
cs71,1,flames,Qwen/Qwen2.5-VL-7B-Instruct,196,batch4,r
cs72,2,the red flower-shaped object with a pointy middle,Qwen/Qwen2.5-VL-7B-Instruct,196,batch4,r
cs73,1,The lamps.,Qwen/Qwen2.5-VL-7B-Instruct,196,batch4,r
cs74,2,Everything equal,Qwen/Qwen2.5-VL-7B-Instruct,196,batch4,r
cs75,2,The cliffs on the right.,Qwen/Qwen2.5-VL-7B-Instruct,196,batch4,r
or46,3,Scale,Qwen/Qwen2.5-VL-7B-Instruct,204,batch4,r
or47,3,couple,Qwen/Qwen2.5-VL-7B-Instruct,204,batch4,r
or48,2,the book,Qwen/Qwen2.5-VL-7B-Instruct,204,batch4,r
or49,4,The electrode cap.,Qwen/Qwen2.5-VL-7B-Instruct,204,batch4,r
or50,3,animal,Qwen/Qwen2.5-VL-7B-Instruct,204,batch4,r
de1,2,the woman,Qwen/Qwen2.5-VL-7B-Instruct,204,batch4,r
de2,2,The pointy trees.,Qwen/Qwen2.5-VL-7B-Instruct,204,batch4,r
de3,1,the tray,Qwen/Qwen2.5-VL-7B-Instruct,204,batch4,r
de4,3,The man,Qwen/Qwen2.5-VL-7B-Instruct,204,batch4,r
de5,1,The suitcase,Qwen/Qwen2.5-VL-7B-Instruct,204,batch4,r
de6,2,barbed wire,Qwen/Qwen2.5-VL-7B-Instruct,204,batch4,r
de7,3,The red rays are at the most front of this image.,Qwen/Qwen2.5-VL-7B-Instruct,204,batch4,r
de8,2,man,Qwen/Qwen2.5-VL-7B-Instruct,204,batch4,r
de9,1,DJ behind the glass,Qwen/Qwen2.5-VL-7B-Instruct,204,batch4,r
de10,4,the thermos,Qwen/Qwen2.5-VL-7B-Instruct,204,batch4,r
de11,1,The open books.,Qwen/Qwen2.5-VL-7B-Instruct,204,batch4,r
de12,2,soccer ball,Qwen/Qwen2.5-VL-7B-Instruct,204,batch4,r
de13,2,the stool,Qwen/Qwen2.5-VL-7B-Instruct,204,batch4,r
de14,3,Cannot say,Qwen/Qwen2.5-VL-7B-Instruct,204,batch4,r
de15,2,The woman in jeans,Qwen/Qwen2.5-VL-7B-Instruct,204,batch4,r
fr16,2,The heart-shaped tree.,Qwen/Qwen2.5-VL-7B-Instruct,204,batch4,r
fr17,3,Everything equal,Qwen/Qwen2.5-VL-7B-Instruct,204,batch4,r
fr18,3,the elephant,Qwen/Qwen2.5-VL-7B-Instruct,204,batch4,r
fr19,2,The man in a wheelchair.,Qwen/Qwen2.5-VL-7B-Instruct,204,batch4,r
fr20,2,man,Qwen/Qwen2.5-VL-7B-Instruct,204,batch4,r
fr21,3,kid in a yellow shirt,Qwen/Qwen2.5-VL-7B-Instruct,204,batch4,r
fr22,4,sun,Qwen/Qwen2.5-VL-7B-Instruct,204,batch4,r
fr23,3,door,Qwen/Qwen2.5-VL-7B-Instruct,204,batch4,r
fr24,3,Cannot say.,Qwen/Qwen2.5-VL-7B-Instruct,204,batch4,r
fr25,1,the light,Qwen/Qwen2.5-VL-7B-Instruct,204,batch4,r
fr26,3,air pump,Qwen/Qwen2.5-VL-7B-Instruct,204,batch4,r
fr27,1,the woman's left foot,Qwen/Qwen2.5-VL-7B-Instruct,204,batch4,r
fr28,3,The surgeons,Qwen/Qwen2.5-VL-7B-Instruct,204,batch4,r
fr29,3,cannot say,Qwen/Qwen2.5-VL-7B-Instruct,204,batch4,r
fr30,2,The flasks,Qwen/Qwen2.5-VL-7B-Instruct,204,batch4,r
or51,4,The soldiers facing forward.,Qwen/Qwen2.5-VL-7B-Instruct,204,batch4,r
or52,2,The water.,Qwen/Qwen2.5-VL-7B-Instruct,204,batch4,r
or53,3,the big car,Qwen/Qwen2.5-VL-7B-Instruct,204,batch4,r
or54,3,The piggy bank,Qwen/Qwen2.5-VL-7B-Instruct,204,batch4,r
or55,3,faucet,Qwen/Qwen2.5-VL-7B-Instruct,204,batch4,r
or56,4,quill pen,Qwen/Qwen2.5-VL-7B-Instruct,204,batch4,r
or57,3,pig broken in half,Qwen/Qwen2.5-VL-7B-Instruct,204,batch4,r
or58,3,The hammer.,Qwen/Qwen2.5-VL-7B-Instruct,204,batch4,r
or59,3,The laughing man,Qwen/Qwen2.5-VL-7B-Instruct,204,batch4,r
or60,4,the Orchestra,Qwen/Qwen2.5-VL-7B-Instruct,204,batch4,r
cs61,2,cylinders,Qwen/Qwen2.5-VL-7B-Instruct,204,batch4,r
cs62,1,The seal,Qwen/Qwen2.5-VL-7B-Instruct,204,batch4,r
cs63,4,The tomatoes.,Qwen/Qwen2.5-VL-7B-Instruct,204,batch4,r
cs64,2,the magnifying glass,Qwen/Qwen2.5-VL-7B-Instruct,204,batch4,r
cs65,2,The ape.,Qwen/Qwen2.5-VL-7B-Instruct,204,batch4,r
cs66,3,The hourglass.,Qwen/Qwen2.5-VL-7B-Instruct,204,batch4,r
cs67,2,yellow balls,Qwen/Qwen2.5-VL-7B-Instruct,204,batch4,r
cs68,3,shield,Qwen/Qwen2.5-VL-7B-Instruct,204,batch4,r
cs69,3,man with his hand on his chin,Qwen/Qwen2.5-VL-7B-Instruct,204,batch4,r
cs70,2,arrow,Qwen/Qwen2.5-VL-7B-Instruct,204,batch4,r
cs71,1,The flames.,Qwen/Qwen2.5-VL-7B-Instruct,204,batch4,r
cs72,1,red flower-shaped object with a pointy middle,Qwen/Qwen2.5-VL-7B-Instruct,204,batch4,r
cs73,1,The lamps.,Qwen/Qwen2.5-VL-7B-Instruct,204,batch4,r
cs74,2,The person in a yellow shirt.,Qwen/Qwen2.5-VL-7B-Instruct,204,batch4,r
cs75,2,the trees in the lower left corner,Qwen/Qwen2.5-VL-7B-Instruct,204,batch4,r
or46,3,scale,Qwen/Qwen2.5-VL-7B-Instruct,280,batch4,r
or47,3,The couple,Qwen/Qwen2.5-VL-7B-Instruct,280,batch4,r
or48,1,The book,Qwen/Qwen2.5-VL-7B-Instruct,280,batch4,r
or49,3,The electrode cap.,Qwen/Qwen2.5-VL-7B-Instruct,280,batch4,r
or50,3,animal,Qwen/Qwen2.5-VL-7B-Instruct,280,batch4,r
de1,2,The woman,Qwen/Qwen2.5-VL-7B-Instruct,280,batch4,r
de2,2,Pointy trees,Qwen/Qwen2.5-VL-7B-Instruct,280,batch4,r
de3,3,The tray.,Qwen/Qwen2.5-VL-7B-Instruct,280,batch4,r
de4,3,The man.,Qwen/Qwen2.5-VL-7B-Instruct,280,batch4,r
de5,1,baby,Qwen/Qwen2.5-VL-7B-Instruct,280,batch4,r
de6,4,The barbed wire,Qwen/Qwen2.5-VL-7B-Instruct,280,batch4,r
de7,3,The red rays appear to be in the most front of the image.,Qwen/Qwen2.5-VL-7B-Instruct,280,batch4,r
de8,2,The man.,Qwen/Qwen2.5-VL-7B-Instruct,280,batch4,r
de9,4,crowd,Qwen/Qwen2.5-VL-7B-Instruct,280,batch4,r
de10,3,the man's right hand,Qwen/Qwen2.5-VL-7B-Instruct,280,batch4,r
de11,2,The open books,Qwen/Qwen2.5-VL-7B-Instruct,280,batch4,r
de12,2,the kid on the bike,Qwen/Qwen2.5-VL-7B-Instruct,280,batch4,r
de13,1,the stool,Qwen/Qwen2.5-VL-7B-Instruct,280,batch4,r
de14,2,cannot say,Qwen/Qwen2.5-VL-7B-Instruct,280,batch4,r
de15,2,the woman in jeans,Qwen/Qwen2.5-VL-7B-Instruct,280,batch4,r
fr16,4,heart-shaped tree,Qwen/Qwen2.5-VL-7B-Instruct,280,batch4,r
fr17,3,Everything equal.,Qwen/Qwen2.5-VL-7B-Instruct,280,batch4,r
fr18,2,The elephant.,Qwen/Qwen2.5-VL-7B-Instruct,280,batch4,r
fr19,2,The trees.,Qwen/Qwen2.5-VL-7B-Instruct,280,batch4,r
fr20,1,man,Qwen/Qwen2.5-VL-7B-Instruct,280,batch4,r
fr21,4,The kid in a yellow shirt,Qwen/Qwen2.5-VL-7B-Instruct,280,batch4,r
fr22,4,sun,Qwen/Qwen2.5-VL-7B-Instruct,280,batch4,r
fr23,2,The staircase,Qwen/Qwen2.5-VL-7B-Instruct,280,batch4,r
fr24,4,The phone,Qwen/Qwen2.5-VL-7B-Instruct,280,batch4,r
fr25,4,the woman holding a note,Qwen/Qwen2.5-VL-7B-Instruct,280,batch4,r
fr26,3,The air pump.,Qwen/Qwen2.5-VL-7B-Instruct,280,batch4,r
fr27,2,the woman's left foot,Qwen/Qwen2.5-VL-7B-Instruct,280,batch4,r
fr28,4,The surgeons,Qwen/Qwen2.5-VL-7B-Instruct,280,batch4,r
fr29,3,Cannot say,Qwen/Qwen2.5-VL-7B-Instruct,280,batch4,r
fr30,3,flasks,Qwen/Qwen2.5-VL-7B-Instruct,280,batch4,r
or51,3,The soldiers facing forward.,Qwen/Qwen2.5-VL-7B-Instruct,280,batch4,r
or52,4,The water.,Qwen/Qwen2.5-VL-7B-Instruct,280,batch4,r
or53,4,big car,Qwen/Qwen2.5-VL-7B-Instruct,280,batch4,r
or54,4,The piggy bank.,Qwen/Qwen2.5-VL-7B-Instruct,280,batch4,r
or55,3,faucet,Qwen/Qwen2.5-VL-7B-Instruct,280,batch4,r
or56,3,The quill pen.,Qwen/Qwen2.5-VL-7B-Instruct,280,batch4,r
or57,3,the bank,Qwen/Qwen2.5-VL-7B-Instruct,280,batch4,r
or58,3,The hammer.,Qwen/Qwen2.5-VL-7B-Instruct,280,batch4,r
or59,4,The woman with a notepad.,Qwen/Qwen2.5-VL-7B-Instruct,280,batch4,r
or60,4,The orchestra,Qwen/Qwen2.5-VL-7B-Instruct,280,batch4,r
cs61,3,The cylinders.,Qwen/Qwen2.5-VL-7B-Instruct,280,batch4,r
cs62,2,The seal,Qwen/Qwen2.5-VL-7B-Instruct,280,batch4,r
cs63,2,tractor,Qwen/Qwen2.5-VL-7B-Instruct,280,batch4,r
cs64,2,The glove.,Qwen/Qwen2.5-VL-7B-Instruct,280,batch4,r
cs65,1,The ape,Qwen/Qwen2.5-VL-7B-Instruct,280,batch4,r
cs66,2,The lock,Qwen/Qwen2.5-VL-7B-Instruct,280,batch4,r
cs67,3,yellow balls,Qwen/Qwen2.5-VL-7B-Instruct,280,batch4,r
cs68,3,The shield.,Qwen/Qwen2.5-VL-7B-Instruct,280,batch4,r
cs69,3,The sitting man wearing a hat.,Qwen/Qwen2.5-VL-7B-Instruct,280,batch4,r
cs70,2,arrow,Qwen/Qwen2.5-VL-7B-Instruct,280,batch4,r
cs71,2,flames,Qwen/Qwen2.5-VL-7B-Instruct,280,batch4,r
cs72,2,The red flower-shaped object with a pointy middle.,Qwen/Qwen2.5-VL-7B-Instruct,280,batch4,r
cs73,3,The lamps.,Qwen/Qwen2.5-VL-7B-Instruct,280,batch4,r
cs74,2,The person in a yellow shirt,Qwen/Qwen2.5-VL-7B-Instruct,280,batch4,r
cs75,2,The trees in the lower left corner.,Qwen/Qwen2.5-VL-7B-Instruct,280,batch4,r
or46,4,the scale,Qwen/Qwen2.5-VL-7B-Instruct,373,batch4,r
or47,3,The couple,Qwen/Qwen2.5-VL-7B-Instruct,373,batch4,r
or48,2,the towel,Qwen/Qwen2.5-VL-7B-Instruct,373,batch4,r
or49,3,The electrode cap.,Qwen/Qwen2.5-VL-7B-Instruct,373,batch4,r
or50,3,animal,Qwen/Qwen2.5-VL-7B-Instruct,373,batch4,r
de1,1,The woman,Qwen/Qwen2.5-VL-7B-Instruct,373,batch4,r
de2,2,The pointy trees,Qwen/Qwen2.5-VL-7B-Instruct,373,batch4,r
de3,2,tray,Qwen/Qwen2.5-VL-7B-Instruct,373,batch4,r
de4,2,the man,Qwen/Qwen2.5-VL-7B-Instruct,373,batch4,r
de5,1,baby,Qwen/Qwen2.5-VL-7B-Instruct,373,batch4,r
de6,2,The barbed wire,Qwen/Qwen2.5-VL-7B-Instruct,373,batch4,r
de7,3,The red rays.,Qwen/Qwen2.5-VL-7B-Instruct,373,batch4,r
de8,1,The man.,Qwen/Qwen2.5-VL-7B-Instruct,373,batch4,r
de9,1,The DJ behind the glass,Qwen/Qwen2.5-VL-7B-Instruct,373,batch4,r
de10,4,the man's right hand,Qwen/Qwen2.5-VL-7B-Instruct,373,batch4,r
de11,1,The open books,Qwen/Qwen2.5-VL-7B-Instruct,373,batch4,r
de13,1,stool,Qwen/Qwen2.5-VL-7B-Instruct,373,batch4,r
de14,3,red bars,Qwen/Qwen2.5-VL-7B-Instruct,373,batch4,r
de15,3,The woman in jeans,Qwen/Qwen2.5-VL-7B-Instruct,373,batch4,r
fr16,3,The kid in a striped shirt.,Qwen/Qwen2.5-VL-7B-Instruct,373,batch4,r
fr17,4,Everything equal,Qwen/Qwen2.5-VL-7B-Instruct,373,batch4,r
fr18,3,The elephant,Qwen/Qwen2.5-VL-7B-Instruct,373,batch4,r
fr19,2,The man in a wheelchair.,Qwen/Qwen2.5-VL-7B-Instruct,373,batch4,r
fr20,2,The man,Qwen/Qwen2.5-VL-7B-Instruct,373,batch4,r
fr21,3,The kids in a yellow shirt.,Qwen/Qwen2.5-VL-7B-Instruct,373,batch4,r
fr22,2,the sun,Qwen/Qwen2.5-VL-7B-Instruct,373,batch4,r
fr23,2,The staircase,Qwen/Qwen2.5-VL-7B-Instruct,373,batch4,r
fr24,2,the phone,Qwen/Qwen2.5-VL-7B-Instruct,373,batch4,r
fr25,3,the woman holding a note,Qwen/Qwen2.5-VL-7B-Instruct,373,batch4,r
fr26,3,The air pump.,Qwen/Qwen2.5-VL-7B-Instruct,373,batch4,r
fr27,1,the woman's left foot,Qwen/Qwen2.5-VL-7B-Instruct,373,batch4,r
fr28,4,pig,Qwen/Qwen2.5-VL-7B-Instruct,373,batch4,r
fr29,3,Cannot say,Qwen/Qwen2.5-VL-7B-Instruct,373,batch4,r
fr30,3,flasks,Qwen/Qwen2.5-VL-7B-Instruct,373,batch4,r
or51,3,The soldiers facing forward.,Qwen/Qwen2.5-VL-7B-Instruct,373,batch4,r
or52,3,The water.,Qwen/Qwen2.5-VL-7B-Instruct,373,batch4,r
or53,4,The big car.,Qwen/Qwen2.5-VL-7B-Instruct,373,batch4,r
or54,4,Piggy bank,Qwen/Qwen2.5-VL-7B-Instruct,373,batch4,r
or55,4,faucet,Qwen/Qwen2.5-VL-7B-Instruct,373,batch4,r
or56,3,The quill pen.,Qwen/Qwen2.5-VL-7B-Instruct,373,batch4,r
or57,3,pig broken in half,Qwen/Qwen2.5-VL-7B-Instruct,373,batch4,r
or58,4,The hammer.,Qwen/Qwen2.5-VL-7B-Instruct,373,batch4,r
or59,4,the woman with a notepad,Qwen/Qwen2.5-VL-7B-Instruct,373,batch4,r
or60,3,The woman on stage.,Qwen/Qwen2.5-VL-7B-Instruct,373,batch4,r
cs61,3,The cylinders.,Qwen/Qwen2.5-VL-7B-Instruct,373,batch4,r
cs62,2,The seal,Qwen/Qwen2.5-VL-7B-Instruct,373,batch4,r
cs63,2,The corn.,Qwen/Qwen2.5-VL-7B-Instruct,373,batch4,r
cs64,3,The magnifying glass,Qwen/Qwen2.5-VL-7B-Instruct,373,batch4,r
cs65,2,the ape,Qwen/Qwen2.5-VL-7B-Instruct,373,batch4,r
cs66,3,lock,Qwen/Qwen2.5-VL-7B-Instruct,373,batch4,r
cs67,2,yellow balls,Qwen/Qwen2.5-VL-7B-Instruct,373,batch4,r
cs68,2,the shield,Qwen/Qwen2.5-VL-7B-Instruct,373,batch4,r
cs69,1,the sitting man wearing a hat,Qwen/Qwen2.5-VL-7B-Instruct,373,batch4,r
cs70,2,The arrow.,Qwen/Qwen2.5-VL-7B-Instruct,373,batch4,r
cs71,2,flames,Qwen/Qwen2.5-VL-7B-Instruct,373,batch4,r
cs73,1,The lamps.,Qwen/Qwen2.5-VL-7B-Instruct,373,batch4,r
cs74,1,everything equal,Qwen/Qwen2.5-VL-7B-Instruct,373,batch4,r
cs75,3,trees in the lower left corner,Qwen/Qwen2.5-VL-7B-Instruct,373,batch4,r
or46,3,The scale,Qwen/Qwen2.5-VL-7B-Instruct,393,batch4,r
or47,3,The couple,Qwen/Qwen2.5-VL-7B-Instruct,393,batch4,r
or49,2,The electrode cap.,Qwen/Qwen2.5-VL-7B-Instruct,393,batch4,r
or50,4,animal,Qwen/Qwen2.5-VL-7B-Instruct,393,batch4,r
de1,2,the woman,Qwen/Qwen2.5-VL-7B-Instruct,393,batch4,r
de2,2,The pointy trees.,Qwen/Qwen2.5-VL-7B-Instruct,393,batch4,r
de3,2,tray,Qwen/Qwen2.5-VL-7B-Instruct,393,batch4,r
de4,3,The man,Qwen/Qwen2.5-VL-7B-Instruct,393,batch4,r
de5,2,baby,Qwen/Qwen2.5-VL-7B-Instruct,393,batch4,r
de6,3,The barbed wire,Qwen/Qwen2.5-VL-7B-Instruct,393,batch4,r
de7,4,The red rays are at the most front of the image.,Qwen/Qwen2.5-VL-7B-Instruct,393,batch4,r
de8,2,The man,Qwen/Qwen2.5-VL-7B-Instruct,393,batch4,r
de9,2,The DJ behind the glass.,Qwen/Qwen2.5-VL-7B-Instruct,393,batch4,r
de10,3,the man's right hand,Qwen/Qwen2.5-VL-7B-Instruct,393,batch4,r
de11,1,Only say: The lights on the ceiling.,Qwen/Qwen2.5-VL-7B-Instruct,393,batch4,r
de12,2,soccer ball,Qwen/Qwen2.5-VL-7B-Instruct,393,batch4,r
de13,3,the green cloth,Qwen/Qwen2.5-VL-7B-Instruct,393,batch4,r
de14,2,red bars,Qwen/Qwen2.5-VL-7B-Instruct,393,batch4,r
de15,2,the woman in jeans,Qwen/Qwen2.5-VL-7B-Instruct,393,batch4,r
fr16,3,The heart-shaped tree,Qwen/Qwen2.5-VL-7B-Instruct,393,batch4,r
fr17,3,brain,Qwen/Qwen2.5-VL-7B-Instruct,393,batch4,r
fr18,2,The elephant.,Qwen/Qwen2.5-VL-7B-Instruct,393,batch4,r
fr19,2,Man in a wheelchair,Qwen/Qwen2.5-VL-7B-Instruct,393,batch4,r
fr20,2,The man,Qwen/Qwen2.5-VL-7B-Instruct,393,batch4,r
fr21,3,The screen,Qwen/Qwen2.5-VL-7B-Instruct,393,batch4,r
fr22,3,sun,Qwen/Qwen2.5-VL-7B-Instruct,393,batch4,r
fr23,3,door,Qwen/Qwen2.5-VL-7B-Instruct,393,batch4,r
fr24,2,phone,Qwen/Qwen2.5-VL-7B-Instruct,393,batch4,r
fr25,1,The light.,Qwen/Qwen2.5-VL-7B-Instruct,393,batch4,r
fr26,3,air pump,Qwen/Qwen2.5-VL-7B-Instruct,393,batch4,r
fr27,3,the woman's left foot,Qwen/Qwen2.5-VL-7B-Instruct,393,batch4,r
fr28,3,The surgeons.,Qwen/Qwen2.5-VL-7B-Instruct,393,batch4,r
fr29,4,man with a beard,Qwen/Qwen2.5-VL-7B-Instruct,393,batch4,r
fr30,3,The flasks.,Qwen/Qwen2.5-VL-7B-Instruct,393,batch4,r
or51,4,The soldiers facing forward.,Qwen/Qwen2.5-VL-7B-Instruct,393,batch4,r
or52,3,the land,Qwen/Qwen2.5-VL-7B-Instruct,393,batch4,r
or53,3,The big car,Qwen/Qwen2.5-VL-7B-Instruct,393,batch4,r
or54,4,piggy bank,Qwen/Qwen2.5-VL-7B-Instruct,393,batch4,r
or55,3,faucet,Qwen/Qwen2.5-VL-7B-Instruct,393,batch4,r
or56,3,The quill pen.,Qwen/Qwen2.5-VL-7B-Instruct,393,batch4,r
or57,3,pig broken in half,Qwen/Qwen2.5-VL-7B-Instruct,393,batch4,r
or58,3,The hammer.,Qwen/Qwen2.5-VL-7B-Instruct,393,batch4,r
or59,3,The woman with a notepad.,Qwen/Qwen2.5-VL-7B-Instruct,393,batch4,r
or60,3,The orchestra.,Qwen/Qwen2.5-VL-7B-Instruct,393,batch4,r
cs61,3,cylinders,Qwen/Qwen2.5-VL-7B-Instruct,393,batch4,r
cs62,2,The seal,Qwen/Qwen2.5-VL-7B-Instruct,393,batch4,r
cs63,4,The tractor is at the most front of this image.,Qwen/Qwen2.5-VL-7B-Instruct,393,batch4,r
cs64,2,The glove,Qwen/Qwen2.5-VL-7B-Instruct,393,batch4,r
cs65,2,the ape,Qwen/Qwen2.5-VL-7B-Instruct,393,batch4,r
cs66,2,hourglass,Qwen/Qwen2.5-VL-7B-Instruct,393,batch4,r
cs67,3,yellow balls,Qwen/Qwen2.5-VL-7B-Instruct,393,batch4,r
cs68,3,The shield.,Qwen/Qwen2.5-VL-7B-Instruct,393,batch4,r
cs69,2,The sitting man wearing a hat.,Qwen/Qwen2.5-VL-7B-Instruct,393,batch4,r
cs70,1,dollar sign,Qwen/Qwen2.5-VL-7B-Instruct,393,batch4,r
cs71,3,flames,Qwen/Qwen2.5-VL-7B-Instruct,393,batch4,r
cs72,2,The red flower-shaped object with a pointy middle.,Qwen/Qwen2.5-VL-7B-Instruct,393,batch4,r
cs73,2,The lamps.,Qwen/Qwen2.5-VL-7B-Instruct,393,batch4,r
cs74,4,The person in a yellow shirt.,Qwen/Qwen2.5-VL-7B-Instruct,393,batch4,r
cs75,4,trees in the lower left corner,Qwen/Qwen2.5-VL-7B-Instruct,393,batch4,r
or46,3,the scale,Qwen/Qwen2.5-VL-7B-Instruct,405,batch4,r
or47,3,The couple,Qwen/Qwen2.5-VL-7B-Instruct,405,batch4,r
or48,2,The book.,Qwen/Qwen2.5-VL-7B-Instruct,405,batch4,r
or49,3,The electrode cap,Qwen/Qwen2.5-VL-7B-Instruct,405,batch4,r
or50,4,animal,Qwen/Qwen2.5-VL-7B-Instruct,405,batch4,r
de1,4,The woman,Qwen/Qwen2.5-VL-7B-Instruct,405,batch4,r
de2,3,The solar panel.,Qwen/Qwen2.5-VL-7B-Instruct,405,batch4,r
de3,2,tray,Qwen/Qwen2.5-VL-7B-Instruct,405,batch4,r
de4,2,The man.,Qwen/Qwen2.5-VL-7B-Instruct,405,batch4,r
de5,3,The suitcase,Qwen/Qwen2.5-VL-7B-Instruct,405,batch4,r
de6,4,barbed wire,Qwen/Qwen2.5-VL-7B-Instruct,405,batch4,r
de7,2,The red rays are at the most front of this image.,Qwen/Qwen2.5-VL-7B-Instruct,405,batch4,r
de8,1,The man.,Qwen/Qwen2.5-VL-7B-Instruct,405,batch4,r
de9,2,The crowd,Qwen/Qwen2.5-VL-7B-Instruct,405,batch4,r
de10,3,the man's right hand,Qwen/Qwen2.5-VL-7B-Instruct,405,batch4,r
de11,2,The open books,Qwen/Qwen2.5-VL-7B-Instruct,405,batch4,r
de12,2,car,Qwen/Qwen2.5-VL-7B-Instruct,405,batch4,r
de13,1,the stool,Qwen/Qwen2.5-VL-7B-Instruct,405,batch4,r
de14,2,cannot say,Qwen/Qwen2.5-VL-7B-Instruct,405,batch4,r
de15,2,The lime.,Qwen/Qwen2.5-VL-7B-Instruct,405,batch4,r
fr16,3,The heart-shaped tree.,Qwen/Qwen2.5-VL-7B-Instruct,405,batch4,r
fr17,3,Everything equal,Qwen/Qwen2.5-VL-7B-Instruct,405,batch4,r
fr18,4,Elephant,Qwen/Qwen2.5-VL-7B-Instruct,405,batch4,r
fr19,3,The man in a wheelchair,Qwen/Qwen2.5-VL-7B-Instruct,405,batch4,r
fr20,4,The man.,Qwen/Qwen2.5-VL-7B-Instruct,405,batch4,r
fr21,4,kid in a yellow shirt,Qwen/Qwen2.5-VL-7B-Instruct,405,batch4,r
fr22,4,sun,Qwen/Qwen2.5-VL-7B-Instruct,405,batch4,r
fr23,1,the moon,Qwen/Qwen2.5-VL-7B-Instruct,405,batch4,r
fr24,2,cannot say,Qwen/Qwen2.5-VL-7B-Instruct,405,batch4,r
fr25,3,The woman holding a note.,Qwen/Qwen2.5-VL-7B-Instruct,405,batch4,r
fr26,2,The air pump is at the most front of this image.,Qwen/Qwen2.5-VL-7B-Instruct,405,batch4,r
fr27,1,the woman's left foot,Qwen/Qwen2.5-VL-7B-Instruct,405,batch4,r
fr28,2,The pig.,Qwen/Qwen2.5-VL-7B-Instruct,405,batch4,r
fr29,2,cannot say,Qwen/Qwen2.5-VL-7B-Instruct,405,batch4,r
fr30,3,flasks,Qwen/Qwen2.5-VL-7B-Instruct,405,batch4,r
or51,4,The soldiers facing forward.,Qwen/Qwen2.5-VL-7B-Instruct,405,batch4,r
or52,4,Cannot say.,Qwen/Qwen2.5-VL-7B-Instruct,405,batch4,r
or53,4,the big car,Qwen/Qwen2.5-VL-7B-Instruct,405,batch4,r
or54,4,piggy bank,Qwen/Qwen2.5-VL-7B-Instruct,405,batch4,r
or55,3,faucet,Qwen/Qwen2.5-VL-7B-Instruct,405,batch4,r
or56,3,The quill pen,Qwen/Qwen2.5-VL-7B-Instruct,405,batch4,r
or57,3,The pig broken in half.,Qwen/Qwen2.5-VL-7B-Instruct,405,batch4,r
or58,3,The hammer.,Qwen/Qwen2.5-VL-7B-Instruct,405,batch4,r
or59,2,The woman with a notepad.,Qwen/Qwen2.5-VL-7B-Instruct,405,batch4,r
or60,4,the orchestra,Qwen/Qwen2.5-VL-7B-Instruct,405,batch4,r
cs61,2,cylinders,Qwen/Qwen2.5-VL-7B-Instruct,405,batch4,r
cs62,1,The seal,Qwen/Qwen2.5-VL-7B-Instruct,405,batch4,r
cs63,3,The corn.,Qwen/Qwen2.5-VL-7B-Instruct,405,batch4,r
cs64,1,The glove.,Qwen/Qwen2.5-VL-7B-Instruct,405,batch4,r
cs65,1,The ape,Qwen/Qwen2.5-VL-7B-Instruct,405,batch4,r
cs66,2,lock,Qwen/Qwen2.5-VL-7B-Instruct,405,batch4,r
cs67,4,yellow balls,Qwen/Qwen2.5-VL-7B-Instruct,405,batch4,r
cs68,3,Shield,Qwen/Qwen2.5-VL-7B-Instruct,405,batch4,r
cs69,4,The sitting man wearing a hat.,Qwen/Qwen2.5-VL-7B-Instruct,405,batch4,r
cs70,3,arrow,Qwen/Qwen2.5-VL-7B-Instruct,405,batch4,r
cs71,2,flames,Qwen/Qwen2.5-VL-7B-Instruct,405,batch4,r
cs72,2,The red flower-shaped object with a pointy middle.,Qwen/Qwen2.5-VL-7B-Instruct,405,batch4,r
cs73,2,The lamps.,Qwen/Qwen2.5-VL-7B-Instruct,405,batch4,r
cs74,4,The person in a yellow shirt,Qwen/Qwen2.5-VL-7B-Instruct,405,batch4,r
cs75,2,The trees in the lower left corner.,Qwen/Qwen2.5-VL-7B-Instruct,405,batch4,r
or46,2,scale,Qwen/Qwen2.5-VL-7B-Instruct,427,batch4,r
or47,3,couple,Qwen/Qwen2.5-VL-7B-Instruct,427,batch4,r
or48,1,The book,Qwen/Qwen2.5-VL-7B-Instruct,427,batch4,r
or49,2,The electrode cap.,Qwen/Qwen2.5-VL-7B-Instruct,427,batch4,r
or50,4,animal,Qwen/Qwen2.5-VL-7B-Instruct,427,batch4,r
de1,2,The woman.,Qwen/Qwen2.5-VL-7B-Instruct,427,batch4,r
de2,3,The pointy trees.,Qwen/Qwen2.5-VL-7B-Instruct,427,batch4,r
de3,2,tray,Qwen/Qwen2.5-VL-7B-Instruct,427,batch4,r
de4,2,The man,Qwen/Qwen2.5-VL-7B-Instruct,427,batch4,r
de5,1,suitcase,Qwen/Qwen2.5-VL-7B-Instruct,427,batch4,r
de6,4,The barbed wire.,Qwen/Qwen2.5-VL-7B-Instruct,427,batch4,r
de7,2,The red rays are at the most front of this image.,Qwen/Qwen2.5-VL-7B-Instruct,427,batch4,r
de8,2,The man,Qwen/Qwen2.5-VL-7B-Instruct,427,batch4,r
de9,3,DJ behind the glass,Qwen/Qwen2.5-VL-7B-Instruct,427,batch4,r
de10,4,the man's right hand,Qwen/Qwen2.5-VL-7B-Instruct,427,batch4,r
de11,1,The open books.,Qwen/Qwen2.5-VL-7B-Instruct,427,batch4,r
de12,2,The kid on the bike.,Qwen/Qwen2.5-VL-7B-Instruct,427,batch4,r
de13,2,stool,Qwen/Qwen2.5-VL-7B-Instruct,427,batch4,r
de14,3,red bars,Qwen/Qwen2.5-VL-7B-Instruct,427,batch4,r
de15,1,The woman in jeans,Qwen/Qwen2.5-VL-7B-Instruct,427,batch4,r
fr16,3,The heart-shaped tree.,Qwen/Qwen2.5-VL-7B-Instruct,427,batch4,r
fr17,3,Everything equal,Qwen/Qwen2.5-VL-7B-Instruct,427,batch4,r
fr18,2,The elephant.,Qwen/Qwen2.5-VL-7B-Instruct,427,batch4,r
fr19,3,The tree.,Qwen/Qwen2.5-VL-7B-Instruct,427,batch4,r
fr20,2,The man.,Qwen/Qwen2.5-VL-7B-Instruct,427,batch4,r
fr21,3,the kid in a yellow shirt,Qwen/Qwen2.5-VL-7B-Instruct,427,batch4,r
fr22,4,the sun,Qwen/Qwen2.5-VL-7B-Instruct,427,batch4,r
fr23,2,The door.,Qwen/Qwen2.5-VL-7B-Instruct,427,batch4,r
fr24,3,Phone,Qwen/Qwen2.5-VL-7B-Instruct,427,batch4,r
fr25,4,The woman holding a note.,Qwen/Qwen2.5-VL-7B-Instruct,427,batch4,r
fr26,3,The air pump,Qwen/Qwen2.5-VL-7B-Instruct,427,batch4,r
fr27,1,the woman's left foot,Qwen/Qwen2.5-VL-7B-Instruct,427,batch4,r
fr28,1,The surgeons,Qwen/Qwen2.5-VL-7B-Instruct,427,batch4,r
fr29,3,cannot say,Qwen/Qwen2.5-VL-7B-Instruct,427,batch4,r
fr30,3,The flasks,Qwen/Qwen2.5-VL-7B-Instruct,427,batch4,r
or51,4,The soldiers facing forward.,Qwen/Qwen2.5-VL-7B-Instruct,427,batch4,r
or52,3,The water.,Qwen/Qwen2.5-VL-7B-Instruct,427,batch4,r
or53,4,The big car.,Qwen/Qwen2.5-VL-7B-Instruct,427,batch4,r
or54,4,The piggy bank.,Qwen/Qwen2.5-VL-7B-Instruct,427,batch4,r
or55,3,faucet,Qwen/Qwen2.5-VL-7B-Instruct,427,batch4,r
or56,4,The quill pen.,Qwen/Qwen2.5-VL-7B-Instruct,427,batch4,r
or57,2,The pig broken in half.,Qwen/Qwen2.5-VL-7B-Instruct,427,batch4,r
or58,3,The people.,Qwen/Qwen2.5-VL-7B-Instruct,427,batch4,r
or59,1,The woman with a notepad.,Qwen/Qwen2.5-VL-7B-Instruct,427,batch4,r
or60,4,The orchestra,Qwen/Qwen2.5-VL-7B-Instruct,427,batch4,r
cs61,4,The cylinders.,Qwen/Qwen2.5-VL-7B-Instruct,427,batch4,r
cs62,2,The seal.,Qwen/Qwen2.5-VL-7B-Instruct,427,batch4,r
cs63,2,tractor,Qwen/Qwen2.5-VL-7B-Instruct,427,batch4,r
cs64,2,the magnifying glass,Qwen/Qwen2.5-VL-7B-Instruct,427,batch4,r
cs65,1,The ball next to a monitor.,Qwen/Qwen2.5-VL-7B-Instruct,427,batch4,r
cs66,2,the hourglass,Qwen/Qwen2.5-VL-7B-Instruct,427,batch4,r
cs67,3,yellow balls,Qwen/Qwen2.5-VL-7B-Instruct,427,batch4,r
cs68,3,The shield,Qwen/Qwen2.5-VL-7B-Instruct,427,batch4,r
cs69,3,The sitting man wearing a hat.,Qwen/Qwen2.5-VL-7B-Instruct,427,batch4,r
cs70,1,the arrow,Qwen/Qwen2.5-VL-7B-Instruct,427,batch4,r
cs71,2,flames,Qwen/Qwen2.5-VL-7B-Instruct,427,batch4,r
cs72,2,red flower-shaped object with a pointy middle,Qwen/Qwen2.5-VL-7B-Instruct,427,batch4,r
cs73,2,The lamps,Qwen/Qwen2.5-VL-7B-Instruct,427,batch4,r
cs74,3,Everything equal,Qwen/Qwen2.5-VL-7B-Instruct,427,batch4,r
cs75,3,The cliffs on the right.,Qwen/Qwen2.5-VL-7B-Instruct,427,batch4,r
or46,3,scale,Qwen/Qwen2.5-VL-7B-Instruct,450,batch4,r
or47,2,couple,Qwen/Qwen2.5-VL-7B-Instruct,450,batch4,r
or48,1,The towel.,Qwen/Qwen2.5-VL-7B-Instruct,450,batch4,r
or49,3,The electrode cap.,Qwen/Qwen2.5-VL-7B-Instruct,450,batch4,r
or50,4,animal,Qwen/Qwen2.5-VL-7B-Instruct,450,batch4,r
de1,3,The woman.,Qwen/Qwen2.5-VL-7B-Instruct,450,batch4,r
de2,3,the pointy trees,Qwen/Qwen2.5-VL-7B-Instruct,450,batch4,r
de3,3,Tray,Qwen/Qwen2.5-VL-7B-Instruct,450,batch4,r
de4,4,The man,Qwen/Qwen2.5-VL-7B-Instruct,450,batch4,r
de5,3,suitcase,Qwen/Qwen2.5-VL-7B-Instruct,450,batch4,r
de6,4,barbed wire,Qwen/Qwen2.5-VL-7B-Instruct,450,batch4,r
de7,3,"Only say the red rays, it is ambiguous, or the blue rays and nothing",Qwen/Qwen2.5-VL-7B-Instruct,450,batch4,r
de8,3,The man,Qwen/Qwen2.5-VL-7B-Instruct,450,batch4,r
de9,2,The crowd,Qwen/Qwen2.5-VL-7B-Instruct,450,batch4,r
de10,3,the man's right hand,Qwen/Qwen2.5-VL-7B-Instruct,450,batch4,r
de11,2,The open books,Qwen/Qwen2.5-VL-7B-Instruct,450,batch4,r
de12,1,The kid on the bike.,Qwen/Qwen2.5-VL-7B-Instruct,450,batch4,r
de13,1,the stool,Qwen/Qwen2.5-VL-7B-Instruct,450,batch4,r
de14,3,red bars,Qwen/Qwen2.5-VL-7B-Instruct,450,batch4,r
de15,3,The woman in jeans,Qwen/Qwen2.5-VL-7B-Instruct,450,batch4,r
fr16,4,kid in a striped shirt,Qwen/Qwen2.5-VL-7B-Instruct,450,batch4,r
fr17,4,Everything equal,Qwen/Qwen2.5-VL-7B-Instruct,450,batch4,r
fr18,4,The elephant,Qwen/Qwen2.5-VL-7B-Instruct,450,batch4,r
fr19,2,laptops,Qwen/Qwen2.5-VL-7B-Instruct,450,batch4,r
fr20,1,The man.,Qwen/Qwen2.5-VL-7B-Instruct,450,batch4,r
fr21,3,The screen,Qwen/Qwen2.5-VL-7B-Instruct,450,batch4,r
fr22,3,sun,Qwen/Qwen2.5-VL-7B-Instruct,450,batch4,r
fr23,1,The staircase,Qwen/Qwen2.5-VL-7B-Instruct,450,batch4,r
fr24,4,cannot say,Qwen/Qwen2.5-VL-7B-Instruct,450,batch4,r
fr25,4,The light,Qwen/Qwen2.5-VL-7B-Instruct,450,batch4,r
fr26,3,air pump,Qwen/Qwen2.5-VL-7B-Instruct,450,batch4,r
fr27,1,the woman's left foot,Qwen/Qwen2.5-VL-7B-Instruct,450,batch4,r
fr28,3,The surgeons,Qwen/Qwen2.5-VL-7B-Instruct,450,batch4,r
fr29,4,cannot say,Qwen/Qwen2.5-VL-7B-Instruct,450,batch4,r
fr30,3,flasks,Qwen/Qwen2.5-VL-7B-Instruct,450,batch4,r
or51,2,The soldiers facing forward.,Qwen/Qwen2.5-VL-7B-Instruct,450,batch4,r
or52,4,The water.,Qwen/Qwen2.5-VL-7B-Instruct,450,batch4,r
or53,3,The big car.,Qwen/Qwen2.5-VL-7B-Instruct,450,batch4,r
or54,4,piggy bank,Qwen/Qwen2.5-VL-7B-Instruct,450,batch4,r
or55,3,faucet,Qwen/Qwen2.5-VL-7B-Instruct,450,batch4,r
or56,4,The quill pen.,Qwen/Qwen2.5-VL-7B-Instruct,450,batch4,r
or57,3,The bank,Qwen/Qwen2.5-VL-7B-Instruct,450,batch4,r
or58,2,The people,Qwen/Qwen2.5-VL-7B-Instruct,450,batch4,r
or59,3,The woman with a notepad.,Qwen/Qwen2.5-VL-7B-Instruct,450,batch4,r
or60,4,The orchestra.,Qwen/Qwen2.5-VL-7B-Instruct,450,batch4,r
cs61,1,cylinders,Qwen/Qwen2.5-VL-7B-Instruct,450,batch4,r
cs62,1,The seal.,Qwen/Qwen2.5-VL-7B-Instruct,450,batch4,r
cs63,1,The corn.,Qwen/Qwen2.5-VL-7B-Instruct,450,batch4,r
cs64,3,The magnifying glass.,Qwen/Qwen2.5-VL-7B-Instruct,450,batch4,r
cs65,3,The ape,Qwen/Qwen2.5-VL-7B-Instruct,450,batch4,r
cs66,4,lock,Qwen/Qwen2.5-VL-7B-Instruct,450,batch4,r
cs67,3,yellow balls,Qwen/Qwen2.5-VL-7B-Instruct,450,batch4,r
cs68,3,The shield.,Qwen/Qwen2.5-VL-7B-Instruct,450,batch4,r
cs69,3,The sitting man wearing a hat.,Qwen/Qwen2.5-VL-7B-Instruct,450,batch4,r
cs70,1,arrow,Qwen/Qwen2.5-VL-7B-Instruct,450,batch4,r
cs71,2,flames,Qwen/Qwen2.5-VL-7B-Instruct,450,batch4,r
cs72,1,the red flower-shaped object with a pointy middle,Qwen/Qwen2.5-VL-7B-Instruct,450,batch4,r
cs73,2,The lamps.,Qwen/Qwen2.5-VL-7B-Instruct,450,batch4,r
cs74,3,Everything equal,Qwen/Qwen2.5-VL-7B-Instruct,450,batch4,r
cs75,2,trees in the lower left corner,Qwen/Qwen2.5-VL-7B-Instruct,450,batch4,r
cs1,1,The woman,Qwen/Qwen2.5-VL-7B-Instruct,122,batch5,r
cs2,2,The pointy trees.,Qwen/Qwen2.5-VL-7B-Instruct,122,batch5,r
cs3,3,tray,Qwen/Qwen2.5-VL-7B-Instruct,122,batch5,r
cs4,3,The man,Qwen/Qwen2.5-VL-7B-Instruct,122,batch5,r
cs5,4,The suitcase,Qwen/Qwen2.5-VL-7B-Instruct,122,batch5,r
cs6,3,barbed wire,Qwen/Qwen2.5-VL-7B-Instruct,122,batch5,r
cs7,1,The red rays are at the most front of this image.,Qwen/Qwen2.5-VL-7B-Instruct,122,batch5,r
cs8,2,man,Qwen/Qwen2.5-VL-7B-Instruct,122,batch5,r
cs9,2,sprint,Qwen/Qwen2.5-VL-7B-Instruct,122,batch5,r
cs10,4,The thermos,Qwen/Qwen2.5-VL-7B-Instruct,122,batch5,r
cs11,2,The open books.,Qwen/Qwen2.5-VL-7B-Instruct,122,batch5,r
cs12,1,The kid on the bike.,Qwen/Qwen2.5-VL-7B-Instruct,122,batch5,r
cs13,3,the green cloth,Qwen/Qwen2.5-VL-7B-Instruct,122,batch5,r
cs14,2,red bars,Qwen/Qwen2.5-VL-7B-Instruct,122,batch5,r
cs15,3,The woman in jeans.,Qwen/Qwen2.5-VL-7B-Instruct,122,batch5,r
de16,3,the heart-shaped tree,Qwen/Qwen2.5-VL-7B-Instruct,122,batch5,r
de17,4,the lightning,Qwen/Qwen2.5-VL-7B-Instruct,122,batch5,r
de18,1,The elephant.,Qwen/Qwen2.5-VL-7B-Instruct,122,batch5,r
de19,3,laptops,Qwen/Qwen2.5-VL-7B-Instruct,122,batch5,r
de20,1,The man.,Qwen/Qwen2.5-VL-7B-Instruct,122,batch5,r
de21,1,The kid in a yellow shirt.,Qwen/Qwen2.5-VL-7B-Instruct,122,batch5,r
de22,3,sun,Qwen/Qwen2.5-VL-7B-Instruct,122,batch5,r
de23,1,the moon,Qwen/Qwen2.5-VL-7B-Instruct,122,batch5,r
de24,2,The phone.,Qwen/Qwen2.5-VL-7B-Instruct,122,batch5,r
de25,3,the light,Qwen/Qwen2.5-VL-7B-Instruct,122,batch5,r
de26,1,Bike,Qwen/Qwen2.5-VL-7B-Instruct,122,batch5,r
de27,1,the woman's left foot,Qwen/Qwen2.5-VL-7B-Instruct,122,batch5,r
de28,1,the surgeons,Qwen/Qwen2.5-VL-7B-Instruct,122,batch5,r
de29,1,man with a beard,Qwen/Qwen2.5-VL-7B-Instruct,122,batch5,r
de30,1,flasks,Qwen/Qwen2.5-VL-7B-Instruct,122,batch5,r
fr31,4,dog collar,Qwen/Qwen2.5-VL-7B-Instruct,122,batch5,r
fr32,1,The front side of the pedestal.,Qwen/Qwen2.5-VL-7B-Instruct,122,batch5,r
fr33,3,The torch.,Qwen/Qwen2.5-VL-7B-Instruct,122,batch5,r
fr34,2,The hands.,Qwen/Qwen2.5-VL-7B-Instruct,122,batch5,r
fr35,3,magnifying glass,Qwen/Qwen2.5-VL-7B-Instruct,122,batch5,r
fr36,1,The cigarette box.,Qwen/Qwen2.5-VL-7B-Instruct,122,batch5,r
fr37,1,people,Qwen/Qwen2.5-VL-7B-Instruct,122,batch5,r
fr38,3,The chart.,Qwen/Qwen2.5-VL-7B-Instruct,122,batch5,r
fr39,3,The mug,Qwen/Qwen2.5-VL-7B-Instruct,122,batch5,r
fr40,2,little girl,Qwen/Qwen2.5-VL-7B-Instruct,122,batch5,r
fr41,2,The fingerprint scanner.,Qwen/Qwen2.5-VL-7B-Instruct,122,batch5,r
fr42,2,The big window.,Qwen/Qwen2.5-VL-7B-Instruct,122,batch5,r
fr43,1,The puzzle pieces.,Qwen/Qwen2.5-VL-7B-Instruct,122,batch5,r
fr44,4,The book with a brick on it.,Qwen/Qwen2.5-VL-7B-Instruct,122,batch5,r
fr45,2,The VR goggle.,Qwen/Qwen2.5-VL-7B-Instruct,122,batch5,r
or61,3,The cylinders.,Qwen/Qwen2.5-VL-7B-Instruct,122,batch5,r
or62,3,The seal,Qwen/Qwen2.5-VL-7B-Instruct,122,batch5,r
or63,3,The corn.,Qwen/Qwen2.5-VL-7B-Instruct,122,batch5,r
or64,3,The magnifying glass,Qwen/Qwen2.5-VL-7B-Instruct,122,batch5,r
or65,4,the ape,Qwen/Qwen2.5-VL-7B-Instruct,122,batch5,r
or66,3,The lock.,Qwen/Qwen2.5-VL-7B-Instruct,122,batch5,r
or67,3,yellow balls,Qwen/Qwen2.5-VL-7B-Instruct,122,batch5,r
or68,4,The shield,Qwen/Qwen2.5-VL-7B-Instruct,122,batch5,r
or69,4,The sitting man wearing a hat.,Qwen/Qwen2.5-VL-7B-Instruct,122,batch5,r
or70,3,the arrow,Qwen/Qwen2.5-VL-7B-Instruct,122,batch5,r
or71,4,The flames.,Qwen/Qwen2.5-VL-7B-Instruct,122,batch5,r
or72,3,red flower-shaped object with a pointy middle,Qwen/Qwen2.5-VL-7B-Instruct,122,batch5,r
or73,3,The lamps.,Qwen/Qwen2.5-VL-7B-Instruct,122,batch5,r
or74,4,everything equal,Qwen/Qwen2.5-VL-7B-Instruct,122,batch5,r
or75,3,The cliffs on the right,Qwen/Qwen2.5-VL-7B-Instruct,122,batch5,r
cs1,2,the woman,Qwen/Qwen2.5-VL-7B-Instruct,151,batch5,r
cs2,1,The pointy trees.,Qwen/Qwen2.5-VL-7B-Instruct,151,batch5,r
cs3,3,tray,Qwen/Qwen2.5-VL-7B-Instruct,151,batch5,r
cs4,4,The man.,Qwen/Qwen2.5-VL-7B-Instruct,151,batch5,r
cs5,4,The suitcase.,Qwen/Qwen2.5-VL-7B-Instruct,151,batch5,r
cs6,1,barbed wire,Qwen/Qwen2.5-VL-7B-Instruct,151,batch5,r
cs7,3,The red rays are in the foreground.,Qwen/Qwen2.5-VL-7B-Instruct,151,batch5,r
cs8,4,The man,Qwen/Qwen2.5-VL-7B-Instruct,151,batch5,r
cs9,2,The DJ behind the glass.,Qwen/Qwen2.5-VL-7B-Instruct,151,batch5,r
cs10,3,the man's right hand,Qwen/Qwen2.5-VL-7B-Instruct,151,batch5,r
cs11,3,The open books,Qwen/Qwen2.5-VL-7B-Instruct,151,batch5,r
cs12,1,The kid on the bike,Qwen/Qwen2.5-VL-7B-Instruct,151,batch5,r
cs13,1,the stool,Qwen/Qwen2.5-VL-7B-Instruct,151,batch5,r
cs14,1,cannot say,Qwen/Qwen2.5-VL-7B-Instruct,151,batch5,r
cs15,3,The woman with the headband,Qwen/Qwen2.5-VL-7B-Instruct,151,batch5,r
de16,4,The heart-shaped tree.,Qwen/Qwen2.5-VL-7B-Instruct,151,batch5,r
de17,3,everything equal,Qwen/Qwen2.5-VL-7B-Instruct,151,batch5,r
de18,2,elephant,Qwen/Qwen2.5-VL-7B-Instruct,151,batch5,r
de19,3,The man in a wheelchair.,Qwen/Qwen2.5-VL-7B-Instruct,151,batch5,r
de20,2,The man,Qwen/Qwen2.5-VL-7B-Instruct,151,batch5,r
de21,1,the screen,Qwen/Qwen2.5-VL-7B-Instruct,151,batch5,r
de22,4,sun,Qwen/Qwen2.5-VL-7B-Instruct,151,batch5,r
de23,2,door,Qwen/Qwen2.5-VL-7B-Instruct,151,batch5,r
de24,4,cannot say,Qwen/Qwen2.5-VL-7B-Instruct,151,batch5,r
de25,3,the woman holding a note,Qwen/Qwen2.5-VL-7B-Instruct,151,batch5,r
de26,2,The bike.,Qwen/Qwen2.5-VL-7B-Instruct,151,batch5,r
de27,1,the woman's left foot,Qwen/Qwen2.5-VL-7B-Instruct,151,batch5,r
de28,2,The pig.,Qwen/Qwen2.5-VL-7B-Instruct,151,batch5,r
de29,2,cannot say,Qwen/Qwen2.5-VL-7B-Instruct,151,batch5,r
de30,2,cannot say,Qwen/Qwen2.5-VL-7B-Instruct,151,batch5,r
fr31,1,dog collar,Qwen/Qwen2.5-VL-7B-Instruct,151,batch5,r
fr32,1,the front side of pedestal,Qwen/Qwen2.5-VL-7B-Instruct,151,batch5,r
fr33,3,The torch.,Qwen/Qwen2.5-VL-7B-Instruct,151,batch5,r
fr34,3,hands,Qwen/Qwen2.5-VL-7B-Instruct,151,batch5,r
fr35,4,The magnifying glass.,Qwen/Qwen2.5-VL-7B-Instruct,151,batch5,r
fr36,1,cigarette box,Qwen/Qwen2.5-VL-7B-Instruct,151,batch5,r
fr37,3,The people.,Qwen/Qwen2.5-VL-7B-Instruct,151,batch5,r
fr38,3,the chart,Qwen/Qwen2.5-VL-7B-Instruct,151,batch5,r
fr39,1,The mug.,Qwen/Qwen2.5-VL-7B-Instruct,151,batch5,r
fr40,1,the little girl,Qwen/Qwen2.5-VL-7B-Instruct,151,batch5,r
fr41,3,The fingerprint scanner.,Qwen/Qwen2.5-VL-7B-Instruct,151,batch5,r
fr42,2,The big window.,Qwen/Qwen2.5-VL-7B-Instruct,151,batch5,r
fr43,1,The puzzle pieces.,Qwen/Qwen2.5-VL-7B-Instruct,151,batch5,r
fr44,3,The magnifying glass,Qwen/Qwen2.5-VL-7B-Instruct,151,batch5,r
fr45,2,VR goggle,Qwen/Qwen2.5-VL-7B-Instruct,151,batch5,r
or61,4,cylinders,Qwen/Qwen2.5-VL-7B-Instruct,151,batch5,r
or62,3,The seal.,Qwen/Qwen2.5-VL-7B-Instruct,151,batch5,r
or63,4,The tomatoes.,Qwen/Qwen2.5-VL-7B-Instruct,151,batch5,r
or64,3,The magnifying glass.,Qwen/Qwen2.5-VL-7B-Instruct,151,batch5,r
or65,3,the ball next to a monitor,Qwen/Qwen2.5-VL-7B-Instruct,151,batch5,r
or66,4,The lock.,Qwen/Qwen2.5-VL-7B-Instruct,151,batch5,r
or67,4,yellow balls,Qwen/Qwen2.5-VL-7B-Instruct,151,batch5,r
or68,3,shields,Qwen/Qwen2.5-VL-7B-Instruct,151,batch5,r
or69,3,The sitting man wearing a hat.,Qwen/Qwen2.5-VL-7B-Instruct,151,batch5,r
or70,4,The arrow.,Qwen/Qwen2.5-VL-7B-Instruct,151,batch5,r
or71,3,flames,Qwen/Qwen2.5-VL-7B-Instruct,151,batch5,r
or72,4,The green flower-shaped object.,Qwen/Qwen2.5-VL-7B-Instruct,151,batch5,r
or73,3,The lamps.,Qwen/Qwen2.5-VL-7B-Instruct,151,batch5,r
or74,4,The person in a yellow shirt.,Qwen/Qwen2.5-VL-7B-Instruct,151,batch5,r
or75,4,The cliffs on the right.,Qwen/Qwen2.5-VL-7B-Instruct,151,batch5,r
cs1,1,The woman,Qwen/Qwen2.5-VL-7B-Instruct,194,batch5,r
cs2,1,The solar panel,Qwen/Qwen2.5-VL-7B-Instruct,194,batch5,r
cs3,2,Tray,Qwen/Qwen2.5-VL-7B-Instruct,194,batch5,r
cs4,3,It is ambiguous.,Qwen/Qwen2.5-VL-7B-Instruct,194,batch5,r
cs5,4,The suitcase.,Qwen/Qwen2.5-VL-7B-Instruct,194,batch5,r
cs6,2,The barbed wire.,Qwen/Qwen2.5-VL-7B-Instruct,194,batch5,r
cs7,3,The red rays are at the most front of the image.,Qwen/Qwen2.5-VL-7B-Instruct,194,batch5,r
cs8,3,man,Qwen/Qwen2.5-VL-7B-Instruct,194,batch5,r
cs9,1,The crowd,Qwen/Qwen2.5-VL-7B-Instruct,194,batch5,r
cs10,3,the thermos,Qwen/Qwen2.5-VL-7B-Instruct,194,batch5,r
cs11,1,The open books,Qwen/Qwen2.5-VL-7B-Instruct,194,batch5,r
cs12,2,soccer ball,Qwen/Qwen2.5-VL-7B-Instruct,194,batch5,r
cs13,1,green cloth,Qwen/Qwen2.5-VL-7B-Instruct,194,batch5,r
cs14,1,cannot say,Qwen/Qwen2.5-VL-7B-Instruct,194,batch5,r
cs15,2,The lime.,Qwen/Qwen2.5-VL-7B-Instruct,194,batch5,r
de16,3,The heart-shaped tree.,Qwen/Qwen2.5-VL-7B-Instruct,194,batch5,r
de17,4,The brain.,Qwen/Qwen2.5-VL-7B-Instruct,194,batch5,r
de18,2,The elephant,Qwen/Qwen2.5-VL-7B-Instruct,194,batch5,r
de19,2,The man in a wheelchair.,Qwen/Qwen2.5-VL-7B-Instruct,194,batch5,r
de20,2,The man,Qwen/Qwen2.5-VL-7B-Instruct,194,batch5,r
de21,2,screen,Qwen/Qwen2.5-VL-7B-Instruct,194,batch5,r
de22,4,sun,Qwen/Qwen2.5-VL-7B-Instruct,194,batch5,r
de23,1,Staircase,Qwen/Qwen2.5-VL-7B-Instruct,194,batch5,r
de24,1,cannot say,Qwen/Qwen2.5-VL-7B-Instruct,194,batch5,r
de25,1,the woman holding a note,Qwen/Qwen2.5-VL-7B-Instruct,194,batch5,r
de26,2,air pump,Qwen/Qwen2.5-VL-7B-Instruct,194,batch5,r
de27,1,the woman's left foot,Qwen/Qwen2.5-VL-7B-Instruct,194,batch5,r
de28,4,the pig,Qwen/Qwen2.5-VL-7B-Instruct,194,batch5,r
de29,2,cannot say,Qwen/Qwen2.5-VL-7B-Instruct,194,batch5,r
de30,2,flasks,Qwen/Qwen2.5-VL-7B-Instruct,194,batch5,r
fr31,1,The dog collar.,Qwen/Qwen2.5-VL-7B-Instruct,194,batch5,r
fr32,1,the diamond,Qwen/Qwen2.5-VL-7B-Instruct,194,batch5,r
fr33,4,torch,Qwen/Qwen2.5-VL-7B-Instruct,194,batch5,r
fr34,3,hands,Qwen/Qwen2.5-VL-7B-Instruct,194,batch5,r
fr35,3,The magnifying glass.,Qwen/Qwen2.5-VL-7B-Instruct,194,batch5,r
fr36,1,the cigarette box,Qwen/Qwen2.5-VL-7B-Instruct,194,batch5,r
fr37,2,The people.,Qwen/Qwen2.5-VL-7B-Instruct,194,batch5,r
fr38,4,The bike.,Qwen/Qwen2.5-VL-7B-Instruct,194,batch5,r
fr39,2,The mug,Qwen/Qwen2.5-VL-7B-Instruct,194,batch5,r
fr40,2,the little girl,Qwen/Qwen2.5-VL-7B-Instruct,194,batch5,r
fr41,2,fingerprint scanner,Qwen/Qwen2.5-VL-7B-Instruct,194,batch5,r
fr42,1,The big window,Qwen/Qwen2.5-VL-7B-Instruct,194,batch5,r
fr43,2,The puzzle pieces,Qwen/Qwen2.5-VL-7B-Instruct,194,batch5,r
fr44,3,The magnifying glass,Qwen/Qwen2.5-VL-7B-Instruct,194,batch5,r
fr45,2,The VR goggle.,Qwen/Qwen2.5-VL-7B-Instruct,194,batch5,r
or61,3,The cylinders,Qwen/Qwen2.5-VL-7B-Instruct,194,batch5,r
or62,3,seal,Qwen/Qwen2.5-VL-7B-Instruct,194,batch5,r
or63,4,The tomatoes.,Qwen/Qwen2.5-VL-7B-Instruct,194,batch5,r
or64,1,The glove.,Qwen/Qwen2.5-VL-7B-Instruct,194,batch5,r
or65,4,The ape.,Qwen/Qwen2.5-VL-7B-Instruct,194,batch5,r
or66,3,hourglass,Qwen/Qwen2.5-VL-7B-Instruct,194,batch5,r
or67,3,yellow balls,Qwen/Qwen2.5-VL-7B-Instruct,194,batch5,r
or68,3,The shield.,Qwen/Qwen2.5-VL-7B-Instruct,194,batch5,r
or69,4,The sitting man wearing a hat.,Qwen/Qwen2.5-VL-7B-Instruct,194,batch5,r
or70,4,arrow,Qwen/Qwen2.5-VL-7B-Instruct,194,batch5,r
or71,3,The flames.,Qwen/Qwen2.5-VL-7B-Instruct,194,batch5,r
or72,4,red flower-shaped object with a pointy middle,Qwen/Qwen2.5-VL-7B-Instruct,194,batch5,r
or73,3,The lamps.,Qwen/Qwen2.5-VL-7B-Instruct,194,batch5,r
or74,3,Person in a yellow shirt,Qwen/Qwen2.5-VL-7B-Instruct,194,batch5,r
or75,3,The trees in the lower left corner.,Qwen/Qwen2.5-VL-7B-Instruct,194,batch5,r
cs1,1,the woman,Qwen/Qwen2.5-VL-7B-Instruct,335,batch5,r
cs2,2,The pointy trees.,Qwen/Qwen2.5-VL-7B-Instruct,335,batch5,r
cs3,3,tray,Qwen/Qwen2.5-VL-7B-Instruct,335,batch5,r
cs4,3,The man.,Qwen/Qwen2.5-VL-7B-Instruct,335,batch5,r
cs5,2,baby,Qwen/Qwen2.5-VL-7B-Instruct,335,batch5,r
cs6,3,The barbed wire.,Qwen/Qwen2.5-VL-7B-Instruct,335,batch5,r
cs7,4,The red rays,Qwen/Qwen2.5-VL-7B-Instruct,335,batch5,r
cs8,2,The man,Qwen/Qwen2.5-VL-7B-Instruct,335,batch5,r
cs9,3,The crowd,Qwen/Qwen2.5-VL-7B-Instruct,335,batch5,r
cs10,4,the man's right hand,Qwen/Qwen2.5-VL-7B-Instruct,335,batch5,r
cs11,2,The open books,Qwen/Qwen2.5-VL-7B-Instruct,335,batch5,r
cs12,1,soccer ball,Qwen/Qwen2.5-VL-7B-Instruct,335,batch5,r
cs14,2,red bars,Qwen/Qwen2.5-VL-7B-Instruct,335,batch5,r
cs15,2,The woman in jeans.,Qwen/Qwen2.5-VL-7B-Instruct,335,batch5,r
de16,3,The heart-shaped tree.,Qwen/Qwen2.5-VL-7B-Instruct,335,batch5,r
de17,4,Everything equal.,Qwen/Qwen2.5-VL-7B-Instruct,335,batch5,r
de18,2,The elephant,Qwen/Qwen2.5-VL-7B-Instruct,335,batch5,r
de19,3,laptops,Qwen/Qwen2.5-VL-7B-Instruct,335,batch5,r
de20,1,man,Qwen/Qwen2.5-VL-7B-Instruct,335,batch5,r
de21,1,the kid in a yellow shirt,Qwen/Qwen2.5-VL-7B-Instruct,335,batch5,r
de22,3,sun,Qwen/Qwen2.5-VL-7B-Instruct,335,batch5,r
de23,1,door,Qwen/Qwen2.5-VL-7B-Instruct,335,batch5,r
de24,3,phone,Qwen/Qwen2.5-VL-7B-Instruct,335,batch5,r
de25,3,the woman holding a note,Qwen/Qwen2.5-VL-7B-Instruct,335,batch5,r
de26,4,air pump,Qwen/Qwen2.5-VL-7B-Instruct,335,batch5,r
de27,1,the woman's left foot,Qwen/Qwen2.5-VL-7B-Instruct,335,batch5,r
de28,3,The surgeons,Qwen/Qwen2.5-VL-7B-Instruct,335,batch5,r
de29,1,Cannot say,Qwen/Qwen2.5-VL-7B-Instruct,335,batch5,r
de30,2,flasks,Qwen/Qwen2.5-VL-7B-Instruct,335,batch5,r
fr31,1,dog collar,Qwen/Qwen2.5-VL-7B-Instruct,335,batch5,r
fr32,3,person,Qwen/Qwen2.5-VL-7B-Instruct,335,batch5,r
fr33,4,torch,Qwen/Qwen2.5-VL-7B-Instruct,335,batch5,r
fr34,2,hands,Qwen/Qwen2.5-VL-7B-Instruct,335,batch5,r
fr35,1,The magnifying glass.,Qwen/Qwen2.5-VL-7B-Instruct,335,batch5,r
fr36,3,Cigarette box,Qwen/Qwen2.5-VL-7B-Instruct,335,batch5,r
fr37,1,The people.,Qwen/Qwen2.5-VL-7B-Instruct,335,batch5,r
fr38,3,The chart.,Qwen/Qwen2.5-VL-7B-Instruct,335,batch5,r
fr39,2,The mug.,Qwen/Qwen2.5-VL-7B-Instruct,335,batch5,r
fr40,1,The little girl.,Qwen/Qwen2.5-VL-7B-Instruct,335,batch5,r
fr41,4,The fingerprint scanner.,Qwen/Qwen2.5-VL-7B-Instruct,335,batch5,r
fr42,1,The big window.,Qwen/Qwen2.5-VL-7B-Instruct,335,batch5,r
fr43,4,The puzzle pieces.,Qwen/Qwen2.5-VL-7B-Instruct,335,batch5,r
fr44,2,The magnifying glass,Qwen/Qwen2.5-VL-7B-Instruct,335,batch5,r
fr45,2,The VR goggle,Qwen/Qwen2.5-VL-7B-Instruct,335,batch5,r
or61,4,cylinders,Qwen/Qwen2.5-VL-7B-Instruct,335,batch5,r
or62,3,the magnifying glass,Qwen/Qwen2.5-VL-7B-Instruct,335,batch5,r
or63,4,corn,Qwen/Qwen2.5-VL-7B-Instruct,335,batch5,r
or64,3,The glove.,Qwen/Qwen2.5-VL-7B-Instruct,335,batch5,r
or65,3,the big screen,Qwen/Qwen2.5-VL-7B-Instruct,335,batch5,r
or66,4,hourglass,Qwen/Qwen2.5-VL-7B-Instruct,335,batch5,r
or67,3,yellow balls,Qwen/Qwen2.5-VL-7B-Instruct,335,batch5,r
or68,4,The shield,Qwen/Qwen2.5-VL-7B-Instruct,335,batch5,r
or69,3,The sitting man wearing a hat.,Qwen/Qwen2.5-VL-7B-Instruct,335,batch5,r
or70,3,The arrow.,Qwen/Qwen2.5-VL-7B-Instruct,335,batch5,r
or71,4,The flames,Qwen/Qwen2.5-VL-7B-Instruct,335,batch5,r
or72,4,The red flower-shaped object with a pointy middle.,Qwen/Qwen2.5-VL-7B-Instruct,335,batch5,r
or73,3,The lamps.,Qwen/Qwen2.5-VL-7B-Instruct,335,batch5,r
or74,4,The person in a yellow shirt,Qwen/Qwen2.5-VL-7B-Instruct,335,batch5,r
or75,3,The cliffs on the right.,Qwen/Qwen2.5-VL-7B-Instruct,335,batch5,r
cs1,1,the woman,Qwen/Qwen2.5-VL-7B-Instruct,392,batch5,r
cs2,2,The pointy trees.,Qwen/Qwen2.5-VL-7B-Instruct,392,batch5,r
cs3,3,tray,Qwen/Qwen2.5-VL-7B-Instruct,392,batch5,r
cs4,2,The man.,Qwen/Qwen2.5-VL-7B-Instruct,392,batch5,r
cs5,2,baby,Qwen/Qwen2.5-VL-7B-Instruct,392,batch5,r
cs6,1,barbed wire,Qwen/Qwen2.5-VL-7B-Instruct,392,batch5,r
cs7,3,It is ambiguous.,Qwen/Qwen2.5-VL-7B-Instruct,392,batch5,r
cs8,3,The man,Qwen/Qwen2.5-VL-7B-Instruct,392,batch5,r
cs9,3,The DJ behind the glass,Qwen/Qwen2.5-VL-7B-Instruct,392,batch5,r
cs10,3,the man's right hand,Qwen/Qwen2.5-VL-7B-Instruct,392,batch5,r
cs11,2,The open books.,Qwen/Qwen2.5-VL-7B-Instruct,392,batch5,r
cs12,4,soccer ball,Qwen/Qwen2.5-VL-7B-Instruct,392,batch5,r
cs13,2,the stool,Qwen/Qwen2.5-VL-7B-Instruct,392,batch5,r
cs14,3,cannot say,Qwen/Qwen2.5-VL-7B-Instruct,392,batch5,r
cs15,2,The lime,Qwen/Qwen2.5-VL-7B-Instruct,392,batch5,r
de16,3,the heart-shaped tree,Qwen/Qwen2.5-VL-7B-Instruct,392,batch5,r
de17,3,brain,Qwen/Qwen2.5-VL-7B-Instruct,392,batch5,r
de18,1,the elephant,Qwen/Qwen2.5-VL-7B-Instruct,392,batch5,r
de19,2,The laptops.,Qwen/Qwen2.5-VL-7B-Instruct,392,batch5,r
de20,2,man,Qwen/Qwen2.5-VL-7B-Instruct,392,batch5,r
de21,1,The screen,Qwen/Qwen2.5-VL-7B-Instruct,392,batch5,r
de22,2,sun,Qwen/Qwen2.5-VL-7B-Instruct,392,batch5,r
de23,2,the door,Qwen/Qwen2.5-VL-7B-Instruct,392,batch5,r
de24,3,Phone,Qwen/Qwen2.5-VL-7B-Instruct,392,batch5,r
de25,3,The woman holding a note.,Qwen/Qwen2.5-VL-7B-Instruct,392,batch5,r
de26,3,The air pump.,Qwen/Qwen2.5-VL-7B-Instruct,392,batch5,r
de27,1,the woman's left foot,Qwen/Qwen2.5-VL-7B-Instruct,392,batch5,r
de28,2,The pig,Qwen/Qwen2.5-VL-7B-Instruct,392,batch5,r
de29,4,Cannot say,Qwen/Qwen2.5-VL-7B-Instruct,392,batch5,r
de30,3,flasks,Qwen/Qwen2.5-VL-7B-Instruct,392,batch5,r
fr31,2,dog collar,Qwen/Qwen2.5-VL-7B-Instruct,392,batch5,r
fr32,2,the front side of pedestal,Qwen/Qwen2.5-VL-7B-Instruct,392,batch5,r
fr33,4,the torch,Qwen/Qwen2.5-VL-7B-Instruct,392,batch5,r
fr34,3,hands,Qwen/Qwen2.5-VL-7B-Instruct,392,batch5,r
fr35,2,magnifying glass,Qwen/Qwen2.5-VL-7B-Instruct,392,batch5,r
fr36,1,The cigarette box,Qwen/Qwen2.5-VL-7B-Instruct,392,batch5,r
fr37,2,The people.,Qwen/Qwen2.5-VL-7B-Instruct,392,batch5,r
fr38,3,the bike,Qwen/Qwen2.5-VL-7B-Instruct,392,batch5,r
fr39,2,The mug.,Qwen/Qwen2.5-VL-7B-Instruct,392,batch5,r
fr40,1,little girl,Qwen/Qwen2.5-VL-7B-Instruct,392,batch5,r
fr41,4,The fingerprint scanner,Qwen/Qwen2.5-VL-7B-Instruct,392,batch5,r
fr42,2,The big window,Qwen/Qwen2.5-VL-7B-Instruct,392,batch5,r
fr43,1,the puzzle pieces,Qwen/Qwen2.5-VL-7B-Instruct,392,batch5,r
fr44,3,The magnifying glass.,Qwen/Qwen2.5-VL-7B-Instruct,392,batch5,r
fr45,2,The VR goggle,Qwen/Qwen2.5-VL-7B-Instruct,392,batch5,r
or61,4,The cylinders.,Qwen/Qwen2.5-VL-7B-Instruct,392,batch5,r
or62,3,The seal,Qwen/Qwen2.5-VL-7B-Instruct,392,batch5,r
or63,4,corn,Qwen/Qwen2.5-VL-7B-Instruct,392,batch5,r
or64,4,The magnifying glass.,Qwen/Qwen2.5-VL-7B-Instruct,392,batch5,r
or65,4,ape,Qwen/Qwen2.5-VL-7B-Instruct,392,batch5,r
or66,4,The hourglass.,Qwen/Qwen2.5-VL-7B-Instruct,392,batch5,r
or67,4,cannot say,Qwen/Qwen2.5-VL-7B-Instruct,392,batch5,r
or68,3,Shield,Qwen/Qwen2.5-VL-7B-Instruct,392,batch5,r
or69,4,The sitting man wearing a hat.,Qwen/Qwen2.5-VL-7B-Instruct,392,batch5,r
or70,3,arrow,Qwen/Qwen2.5-VL-7B-Instruct,392,batch5,r
or71,2,The flames.,Qwen/Qwen2.5-VL-7B-Instruct,392,batch5,r
or72,4,The red flower-shaped object with a pointy middle.,Qwen/Qwen2.5-VL-7B-Instruct,392,batch5,r
or73,4,The lamps.,Qwen/Qwen2.5-VL-7B-Instruct,392,batch5,r
or74,4,The person in a yellow shirt.,Qwen/Qwen2.5-VL-7B-Instruct,392,batch5,r
or75,3,The cliffs on the right.,Qwen/Qwen2.5-VL-7B-Instruct,392,batch5,r
cs1,1,The woman,Qwen/Qwen2.5-VL-7B-Instruct,413,batch5,r
cs2,2,The pointy trees.,Qwen/Qwen2.5-VL-7B-Instruct,413,batch5,r
cs3,1,tray,Qwen/Qwen2.5-VL-7B-Instruct,413,batch5,r
cs4,3,The man.,Qwen/Qwen2.5-VL-7B-Instruct,413,batch5,r
cs5,2,baby,Qwen/Qwen2.5-VL-7B-Instruct,413,batch5,r
cs6,2,the men with their hands up,Qwen/Qwen2.5-VL-7B-Instruct,413,batch5,r
cs7,3,"Only say the red rays, it is ambiguous, or the blue rays",Qwen/Qwen2.5-VL-7B-Instruct,413,batch5,r
cs8,2,The man.,Qwen/Qwen2.5-VL-7B-Instruct,413,batch5,r
cs9,3,The crowd,Qwen/Qwen2.5-VL-7B-Instruct,413,batch5,r
cs10,3,the man's right hand,Qwen/Qwen2.5-VL-7B-Instruct,413,batch5,r
cs11,3,The open books,Qwen/Qwen2.5-VL-7B-Instruct,413,batch5,r
cs12,1,The kid on the bike,Qwen/Qwen2.5-VL-7B-Instruct,413,batch5,r
cs13,1,stool,Qwen/Qwen2.5-VL-7B-Instruct,413,batch5,r
cs14,2,Cannot say,Qwen/Qwen2.5-VL-7B-Instruct,413,batch5,r
cs15,4,the lime,Qwen/Qwen2.5-VL-7B-Instruct,413,batch5,r
de16,3,The kid in a striped shirt,Qwen/Qwen2.5-VL-7B-Instruct,413,batch5,r
de17,3,brain,Qwen/Qwen2.5-VL-7B-Instruct,413,batch5,r
de18,2,The elephant,Qwen/Qwen2.5-VL-7B-Instruct,413,batch5,r
de19,4,laptops,Qwen/Qwen2.5-VL-7B-Instruct,413,batch5,r
de20,1,The man.,Qwen/Qwen2.5-VL-7B-Instruct,413,batch5,r
de21,1,the kid in a yellow shirt,Qwen/Qwen2.5-VL-7B-Instruct,413,batch5,r
de22,3,sun,Qwen/Qwen2.5-VL-7B-Instruct,413,batch5,r
de23,1,door,Qwen/Qwen2.5-VL-7B-Instruct,413,batch5,r
de24,2,the phone,Qwen/Qwen2.5-VL-7B-Instruct,413,batch5,r
de25,3,the woman holding a note,Qwen/Qwen2.5-VL-7B-Instruct,413,batch5,r
de26,2,air pump,Qwen/Qwen2.5-VL-7B-Instruct,413,batch5,r
de27,2,the woman's left foot,Qwen/Qwen2.5-VL-7B-Instruct,413,batch5,r
de28,4,The pig,Qwen/Qwen2.5-VL-7B-Instruct,413,batch5,r
de29,2,cannot say,Qwen/Qwen2.5-VL-7B-Instruct,413,batch5,r
de30,2,cannot say,Qwen/Qwen2.5-VL-7B-Instruct,413,batch5,r
fr31,2,dog collar,Qwen/Qwen2.5-VL-7B-Instruct,413,batch5,r
fr32,2,The person,Qwen/Qwen2.5-VL-7B-Instruct,413,batch5,r
fr33,3,The torch.,Qwen/Qwen2.5-VL-7B-Instruct,413,batch5,r
fr34,3,mug,Qwen/Qwen2.5-VL-7B-Instruct,413,batch5,r
fr35,4,The magnifying glass.,Qwen/Qwen2.5-VL-7B-Instruct,413,batch5,r
fr36,3,cigarette box,Qwen/Qwen2.5-VL-7B-Instruct,413,batch5,r
fr37,2,people,Qwen/Qwen2.5-VL-7B-Instruct,413,batch5,r
fr38,2,bike,Qwen/Qwen2.5-VL-7B-Instruct,413,batch5,r
fr39,2,The mug,Qwen/Qwen2.5-VL-7B-Instruct,413,batch5,r
fr40,1,little girl,Qwen/Qwen2.5-VL-7B-Instruct,413,batch5,r
fr41,3,The fingerprint scanner.,Qwen/Qwen2.5-VL-7B-Instruct,413,batch5,r
fr42,1,the big window,Qwen/Qwen2.5-VL-7B-Instruct,413,batch5,r
fr43,2,keyboard,Qwen/Qwen2.5-VL-7B-Instruct,413,batch5,r
fr44,4,The magnifying glass,Qwen/Qwen2.5-VL-7B-Instruct,413,batch5,r
fr45,1,VR goggle,Qwen/Qwen2.5-VL-7B-Instruct,413,batch5,r
or61,4,The cylinders.,Qwen/Qwen2.5-VL-7B-Instruct,413,batch5,r
or62,3,the seal,Qwen/Qwen2.5-VL-7B-Instruct,413,batch5,r
or63,3,The corn.,Qwen/Qwen2.5-VL-7B-Instruct,413,batch5,r
or64,3,The magnifying glass.,Qwen/Qwen2.5-VL-7B-Instruct,413,batch5,r
or65,3,The ape,Qwen/Qwen2.5-VL-7B-Instruct,413,batch5,r
or66,3,lock,Qwen/Qwen2.5-VL-7B-Instruct,413,batch5,r
or67,3,yellow balls,Qwen/Qwen2.5-VL-7B-Instruct,413,batch5,r
or68,3,The shield.,Qwen/Qwen2.5-VL-7B-Instruct,413,batch5,r
or69,3,The sitting man wearing a hat.,Qwen/Qwen2.5-VL-7B-Instruct,413,batch5,r
or70,3,arrow,Qwen/Qwen2.5-VL-7B-Instruct,413,batch5,r
or71,4,the flames,Qwen/Qwen2.5-VL-7B-Instruct,413,batch5,r
or72,4,The red flower-shaped object with a pointy middle.,Qwen/Qwen2.5-VL-7B-Instruct,413,batch5,r
or73,4,The lamps.,Qwen/Qwen2.5-VL-7B-Instruct,413,batch5,r
or74,4,Everything equal,Qwen/Qwen2.5-VL-7B-Instruct,413,batch5,r
or75,2,The cliffs on the right.,Qwen/Qwen2.5-VL-7B-Instruct,413,batch5,r
cs1,1,The woman,Qwen/Qwen2.5-VL-7B-Instruct,453,batch5,r
cs2,1,pointy trees,Qwen/Qwen2.5-VL-7B-Instruct,453,batch5,r
cs3,3,The tray.,Qwen/Qwen2.5-VL-7B-Instruct,453,batch5,r
cs4,3,the man,Qwen/Qwen2.5-VL-7B-Instruct,453,batch5,r
cs5,3,baby,Qwen/Qwen2.5-VL-7B-Instruct,453,batch5,r
cs6,2,The barbed wire.,Qwen/Qwen2.5-VL-7B-Instruct,453,batch5,r
cs7,2,The red rays,Qwen/Qwen2.5-VL-7B-Instruct,453,batch5,r
cs8,2,The man,Qwen/Qwen2.5-VL-7B-Instruct,453,batch5,r
cs9,3,crowd,Qwen/Qwen2.5-VL-7B-Instruct,453,batch5,r
cs10,4,the man's right hand,Qwen/Qwen2.5-VL-7B-Instruct,453,batch5,r
cs11,2,The open books.,Qwen/Qwen2.5-VL-7B-Instruct,453,batch5,r
cs12,2,soccer ball,Qwen/Qwen2.5-VL-7B-Instruct,453,batch5,r
cs13,2,the stool,Qwen/Qwen2.5-VL-7B-Instruct,453,batch5,r
cs14,2,cannot say,Qwen/Qwen2.5-VL-7B-Instruct,453,batch5,r
cs15,3,the woman in jeans,Qwen/Qwen2.5-VL-7B-Instruct,453,batch5,r
de16,2,the heart-shaped tree,Qwen/Qwen2.5-VL-7B-Instruct,453,batch5,r
de17,4,Everything equal.,Qwen/Qwen2.5-VL-7B-Instruct,453,batch5,r
de18,4,elephant,Qwen/Qwen2.5-VL-7B-Instruct,453,batch5,r
de19,2,laptops,Qwen/Qwen2.5-VL-7B-Instruct,453,batch5,r
de20,2,The man,Qwen/Qwen2.5-VL-7B-Instruct,453,batch5,r
de21,1,kid in a yellow shirt,Qwen/Qwen2.5-VL-7B-Instruct,453,batch5,r
de22,3,The sun,Qwen/Qwen2.5-VL-7B-Instruct,453,batch5,r
de23,1,door,Qwen/Qwen2.5-VL-7B-Instruct,453,batch5,r
de24,2,cannot say,Qwen/Qwen2.5-VL-7B-Instruct,453,batch5,r
de25,2,the big circle,Qwen/Qwen2.5-VL-7B-Instruct,453,batch5,r
de26,2,air pump,Qwen/Qwen2.5-VL-7B-Instruct,453,batch5,r
de27,1,the shoes,Qwen/Qwen2.5-VL-7B-Instruct,453,batch5,r
de28,2,The surgeons.,Qwen/Qwen2.5-VL-7B-Instruct,453,batch5,r
de29,1,man with a beard,Qwen/Qwen2.5-VL-7B-Instruct,453,batch5,r
de30,1,flasks,Qwen/Qwen2.5-VL-7B-Instruct,453,batch5,r
fr31,2,The dog collar.,Qwen/Qwen2.5-VL-7B-Instruct,453,batch5,r
fr32,3,the person,Qwen/Qwen2.5-VL-7B-Instruct,453,batch5,r
fr33,3,torch,Qwen/Qwen2.5-VL-7B-Instruct,453,batch5,r
fr34,3,hands,Qwen/Qwen2.5-VL-7B-Instruct,453,batch5,r
fr35,3,magnifying glass,Qwen/Qwen2.5-VL-7B-Instruct,453,batch5,r
fr36,1,the cigarette box,Qwen/Qwen2.5-VL-7B-Instruct,453,batch5,r
fr37,1,The sun,Qwen/Qwen2.5-VL-7B-Instruct,453,batch5,r
fr38,3,chart,Qwen/Qwen2.5-VL-7B-Instruct,453,batch5,r
fr39,3,The mug.,Qwen/Qwen2.5-VL-7B-Instruct,453,batch5,r
fr40,1,the little girl,Qwen/Qwen2.5-VL-7B-Instruct,453,batch5,r
fr41,2,fingerprint scanner,Qwen/Qwen2.5-VL-7B-Instruct,453,batch5,r
fr42,2,big window,Qwen/Qwen2.5-VL-7B-Instruct,453,batch5,r
fr43,1,The puzzle pieces,Qwen/Qwen2.5-VL-7B-Instruct,453,batch5,r
fr44,3,The Old-style Building,Qwen/Qwen2.5-VL-7B-Instruct,453,batch5,r
fr45,1,The VR goggle.,Qwen/Qwen2.5-VL-7B-Instruct,453,batch5,r
or61,4,cylinders,Qwen/Qwen2.5-VL-7B-Instruct,453,batch5,r
or62,3,The seal,Qwen/Qwen2.5-VL-7B-Instruct,453,batch5,r
or63,3,The tomatoes.,Qwen/Qwen2.5-VL-7B-Instruct,453,batch5,r
or64,1,The magnifying glass.,Qwen/Qwen2.5-VL-7B-Instruct,453,batch5,r
or65,3,The ape.,Qwen/Qwen2.5-VL-7B-Instruct,453,batch5,r
or66,3,lock,Qwen/Qwen2.5-VL-7B-Instruct,453,batch5,r
or67,2,cannot say,Qwen/Qwen2.5-VL-7B-Instruct,453,batch5,r
or68,2,the shield,Qwen/Qwen2.5-VL-7B-Instruct,453,batch5,r
or69,3,The sitting man wearing a hat.,Qwen/Qwen2.5-VL-7B-Instruct,453,batch5,r
or70,3,The dollar sign,Qwen/Qwen2.5-VL-7B-Instruct,453,batch5,r
or71,2,The flames.,Qwen/Qwen2.5-VL-7B-Instruct,453,batch5,r
or72,3,The red flower-shaped object with a pointy middle.,Qwen/Qwen2.5-VL-7B-Instruct,453,batch5,r
or73,4,The lamps.,Qwen/Qwen2.5-VL-7B-Instruct,453,batch5,r
or74,4,The person in a yellow shirt,Qwen/Qwen2.5-VL-7B-Instruct,453,batch5,r
or75,3,The cliffs on the right,Qwen/Qwen2.5-VL-7B-Instruct,453,batch5,r
cs1,1,The woman,Qwen/Qwen2.5-VL-7B-Instruct,464,batch5,r
cs2,1,The solar panel.,Qwen/Qwen2.5-VL-7B-Instruct,464,batch5,r
cs3,2,The tray.,Qwen/Qwen2.5-VL-7B-Instruct,464,batch5,r
cs4,3,the man,Qwen/Qwen2.5-VL-7B-Instruct,464,batch5,r
cs5,4,baby,Qwen/Qwen2.5-VL-7B-Instruct,464,batch5,r
cs6,1,barbed wire,Qwen/Qwen2.5-VL-7B-Instruct,464,batch5,r
cs7,4,The red rays.,Qwen/Qwen2.5-VL-7B-Instruct,464,batch5,r
cs8,2,The man.,Qwen/Qwen2.5-VL-7B-Instruct,464,batch5,r
cs9,2,The DJ behind the glass.,Qwen/Qwen2.5-VL-7B-Instruct,464,batch5,r
cs10,4,the man's right hand,Qwen/Qwen2.5-VL-7B-Instruct,464,batch5,r
cs11,1,The open books.,Qwen/Qwen2.5-VL-7B-Instruct,464,batch5,r
cs12,1,The car,Qwen/Qwen2.5-VL-7B-Instruct,464,batch5,r
cs13,2,the stool,Qwen/Qwen2.5-VL-7B-Instruct,464,batch5,r
cs14,3,Cannot say,Qwen/Qwen2.5-VL-7B-Instruct,464,batch5,r
cs15,2,The woman in jeans,Qwen/Qwen2.5-VL-7B-Instruct,464,batch5,r
de16,2,The heart-shaped tree,Qwen/Qwen2.5-VL-7B-Instruct,464,batch5,r
de17,3,the brain,Qwen/Qwen2.5-VL-7B-Instruct,464,batch5,r
de18,2,elephant,Qwen/Qwen2.5-VL-7B-Instruct,464,batch5,r
de19,3,The man in a wheelchair.,Qwen/Qwen2.5-VL-7B-Instruct,464,batch5,r
de20,3,The man.,Qwen/Qwen2.5-VL-7B-Instruct,464,batch5,r
de21,1,the kid in a yellow shirt,Qwen/Qwen2.5-VL-7B-Instruct,464,batch5,r
de22,3,sun,Qwen/Qwen2.5-VL-7B-Instruct,464,batch5,r
de23,2,The door,Qwen/Qwen2.5-VL-7B-Instruct,464,batch5,r
de24,2,Phone,Qwen/Qwen2.5-VL-7B-Instruct,464,batch5,r
de25,2,The light,Qwen/Qwen2.5-VL-7B-Instruct,464,batch5,r
de26,3,The air pump.,Qwen/Qwen2.5-VL-7B-Instruct,464,batch5,r
de27,1,the woman's left foot,Qwen/Qwen2.5-VL-7B-Instruct,464,batch5,r
de28,2,The pig.,Qwen/Qwen2.5-VL-7B-Instruct,464,batch5,r
de29,1,man with a beard,Qwen/Qwen2.5-VL-7B-Instruct,464,batch5,r
de30,2,flasks,Qwen/Qwen2.5-VL-7B-Instruct,464,batch5,r
fr31,1,The dog collar.,Qwen/Qwen2.5-VL-7B-Instruct,464,batch5,r
fr32,2,person,Qwen/Qwen2.5-VL-7B-Instruct,464,batch5,r
fr33,4,The torch.,Qwen/Qwen2.5-VL-7B-Instruct,464,batch5,r
fr34,3,hands,Qwen/Qwen2.5-VL-7B-Instruct,464,batch5,r
fr35,4,The magnifying glass.,Qwen/Qwen2.5-VL-7B-Instruct,464,batch5,r
fr36,1,cigarette box,Qwen/Qwen2.5-VL-7B-Instruct,464,batch5,r
fr37,1,people,Qwen/Qwen2.5-VL-7B-Instruct,464,batch5,r
fr38,2,bike,Qwen/Qwen2.5-VL-7B-Instruct,464,batch5,r
fr39,3,The mug.,Qwen/Qwen2.5-VL-7B-Instruct,464,batch5,r
fr40,1,The little girl.,Qwen/Qwen2.5-VL-7B-Instruct,464,batch5,r
fr41,4,The fingerprint scanner.,Qwen/Qwen2.5-VL-7B-Instruct,464,batch5,r
fr42,1,big window,Qwen/Qwen2.5-VL-7B-Instruct,464,batch5,r
fr43,1,The puzzle pieces.,Qwen/Qwen2.5-VL-7B-Instruct,464,batch5,r
fr44,3,The magnifying glass,Qwen/Qwen2.5-VL-7B-Instruct,464,batch5,r
fr45,1,VR goggle,Qwen/Qwen2.5-VL-7B-Instruct,464,batch5,r
or61,4,The cylinders.,Qwen/Qwen2.5-VL-7B-Instruct,464,batch5,r
or62,3,The seal.,Qwen/Qwen2.5-VL-7B-Instruct,464,batch5,r
or63,3,The corn,Qwen/Qwen2.5-VL-7B-Instruct,464,batch5,r
or64,3,the glove,Qwen/Qwen2.5-VL-7B-Instruct,464,batch5,r
or65,4,The ape.,Qwen/Qwen2.5-VL-7B-Instruct,464,batch5,r
or66,3,The lock,Qwen/Qwen2.5-VL-7B-Instruct,464,batch5,r
or67,4,cannot say,Qwen/Qwen2.5-VL-7B-Instruct,464,batch5,r
or68,3,The shield.,Qwen/Qwen2.5-VL-7B-Instruct,464,batch5,r
or69,3,The sitting man wearing a hat.,Qwen/Qwen2.5-VL-7B-Instruct,464,batch5,r
or70,4,The arrow,Qwen/Qwen2.5-VL-7B-Instruct,464,batch5,r
or71,2,The flames.,Qwen/Qwen2.5-VL-7B-Instruct,464,batch5,r
or72,4,red flower-shaped object with a pointy middle,Qwen/Qwen2.5-VL-7B-Instruct,464,batch5,r
or73,3,The lamps.,Qwen/Qwen2.5-VL-7B-Instruct,464,batch5,r
or74,4,The person in a yellow shirt,Qwen/Qwen2.5-VL-7B-Instruct,464,batch5,r
or75,4,trees in the lower left corner,Qwen/Qwen2.5-VL-7B-Instruct,464,batch5,r
cs1,2,The woman,Qwen/Qwen2.5-VL-7B-Instruct,469,batch5,r
cs2,1,The pointy trees,Qwen/Qwen2.5-VL-7B-Instruct,469,batch5,r
cs3,2,tray,Qwen/Qwen2.5-VL-7B-Instruct,469,batch5,r
cs4,3,the man,Qwen/Qwen2.5-VL-7B-Instruct,469,batch5,r
cs5,3,suitcase,Qwen/Qwen2.5-VL-7B-Instruct,469,batch5,r
cs6,3,the barbed wire,Qwen/Qwen2.5-VL-7B-Instruct,469,batch5,r
cs7,4,The red rays.,Qwen/Qwen2.5-VL-7B-Instruct,469,batch5,r
cs8,1,the man,Qwen/Qwen2.5-VL-7B-Instruct,469,batch5,r
cs9,3,The DJ behind the glass.,Qwen/Qwen2.5-VL-7B-Instruct,469,batch5,r
cs10,4,the man's right hand,Qwen/Qwen2.5-VL-7B-Instruct,469,batch5,r
cs11,2,The open books,Qwen/Qwen2.5-VL-7B-Instruct,469,batch5,r
cs12,3,The kid on the bike,Qwen/Qwen2.5-VL-7B-Instruct,469,batch5,r
cs13,1,stool,Qwen/Qwen2.5-VL-7B-Instruct,469,batch5,r
cs15,3,The woman in jeans.,Qwen/Qwen2.5-VL-7B-Instruct,469,batch5,r
de16,3,The heart-shaped tree.,Qwen/Qwen2.5-VL-7B-Instruct,469,batch5,r
de17,4,everything equal,Qwen/Qwen2.5-VL-7B-Instruct,469,batch5,r
de18,1,elephant,Qwen/Qwen2.5-VL-7B-Instruct,469,batch5,r
de19,4,man in a wheelchair,Qwen/Qwen2.5-VL-7B-Instruct,469,batch5,r
de20,1,man,Qwen/Qwen2.5-VL-7B-Instruct,469,batch5,r
de21,2,the kid in a yellow shirt,Qwen/Qwen2.5-VL-7B-Instruct,469,batch5,r
de22,3,sun,Qwen/Qwen2.5-VL-7B-Instruct,469,batch5,r
de23,2,staircase,Qwen/Qwen2.5-VL-7B-Instruct,469,batch5,r
de24,1,phone,Qwen/Qwen2.5-VL-7B-Instruct,469,batch5,r
de25,3,the woman holding a note,Qwen/Qwen2.5-VL-7B-Instruct,469,batch5,r
de26,2,air pump,Qwen/Qwen2.5-VL-7B-Instruct,469,batch5,r
de27,1,The woman's left foot.,Qwen/Qwen2.5-VL-7B-Instruct,469,batch5,r
de28,1,The surgeons.,Qwen/Qwen2.5-VL-7B-Instruct,469,batch5,r
de29,1,cannot say,Qwen/Qwen2.5-VL-7B-Instruct,469,batch5,r
de30,2,flasks,Qwen/Qwen2.5-VL-7B-Instruct,469,batch5,r
fr31,3,Dog collar,Qwen/Qwen2.5-VL-7B-Instruct,469,batch5,r
fr32,2,The front side of pedestal,Qwen/Qwen2.5-VL-7B-Instruct,469,batch5,r
fr33,4,The torch,Qwen/Qwen2.5-VL-7B-Instruct,469,batch5,r
fr34,3,The mug is at the most front of the image.,Qwen/Qwen2.5-VL-7B-Instruct,469,batch5,r
fr35,1,magnifying glass,Qwen/Qwen2.5-VL-7B-Instruct,469,batch5,r
fr36,2,cigarette box,Qwen/Qwen2.5-VL-7B-Instruct,469,batch5,r
fr37,3,The people,Qwen/Qwen2.5-VL-7B-Instruct,469,batch5,r
fr38,3,chart,Qwen/Qwen2.5-VL-7B-Instruct,469,batch5,r
fr39,3,mug,Qwen/Qwen2.5-VL-7B-Instruct,469,batch5,r
fr40,3,the little girl,Qwen/Qwen2.5-VL-7B-Instruct,469,batch5,r
fr41,2,fingerprint scanner,Qwen/Qwen2.5-VL-7B-Instruct,469,batch5,r
fr42,1,big window,Qwen/Qwen2.5-VL-7B-Instruct,469,batch5,r
fr43,3,The puzzle pieces,Qwen/Qwen2.5-VL-7B-Instruct,469,batch5,r
fr44,4,The book with a brick on it,Qwen/Qwen2.5-VL-7B-Instruct,469,batch5,r
fr45,2,The VR goggle.,Qwen/Qwen2.5-VL-7B-Instruct,469,batch5,r
or61,3,cylinders,Qwen/Qwen2.5-VL-7B-Instruct,469,batch5,r
or62,3,the seal,Qwen/Qwen2.5-VL-7B-Instruct,469,batch5,r
or63,3,The corn.,Qwen/Qwen2.5-VL-7B-Instruct,469,batch5,r
or64,4,The glove.,Qwen/Qwen2.5-VL-7B-Instruct,469,batch5,r
or65,4,the ape,Qwen/Qwen2.5-VL-7B-Instruct,469,batch5,r
or66,3,lock,Qwen/Qwen2.5-VL-7B-Instruct,469,batch5,r
or67,3,cannot say,Qwen/Qwen2.5-VL-7B-Instruct,469,batch5,r
or68,3,The shield.,Qwen/Qwen2.5-VL-7B-Instruct,469,batch5,r
or69,4,The sitting man wearing a hat.,Qwen/Qwen2.5-VL-7B-Instruct,469,batch5,r
or70,2,The arrow,Qwen/Qwen2.5-VL-7B-Instruct,469,batch5,r
or71,4,The flames.,Qwen/Qwen2.5-VL-7B-Instruct,469,batch5,r
or72,2,red flower-shaped object with a pointy middle,Qwen/Qwen2.5-VL-7B-Instruct,469,batch5,r
or73,4,The lamps.,Qwen/Qwen2.5-VL-7B-Instruct,469,batch5,r
or74,4,The person in a yellow shirt.,Qwen/Qwen2.5-VL-7B-Instruct,469,batch5,r
or75,3,The trees in the lower left corner.,Qwen/Qwen2.5-VL-7B-Instruct,469,batch5,r
