name,natural,choice,model,seed,batch,condition
or1,3,The woman,Qwen/Qwen2.5-VL-3B-Instruct,113,batch1,r
or2,3,Solar panel,Qwen/Qwen2.5-VL-3B-Instruct,113,batch1,r
or3,4,The tray.,Qwen/Qwen2.5-VL-3B-Instruct,113,batch1,r
or4,1,The man.,Qwen/Qwen2.5-VL-3B-Instruct,113,batch1,r
or5,3,The baby.,Qwen/Qwen2.5-VL-3B-Instruct,113,batch1,r
or6,3,The men with their hands up.,Qwen/Qwen2.5-VL-3B-Instruct,113,batch1,r
or7,4,The red rays are at the most front of this image.,Qwen/Qwen2.5-VL-3B-Instruct,113,batch1,r
or8,2,The man.,Qwen/Qwen2.5-VL-3B-Instruct,113,batch1,r
or9,4,the crowd,Qwen/Qwen2.5-VL-3B-Instruct,113,batch1,r
or10,3,The man's right hand,Qwen/Qwen2.5-VL-3B-Instruct,113,batch1,r
or11,2,The open books are at the forefront of this image.,Qwen/Qwen2.5-VL-3B-Instruct,113,batch1,r
or12,2,The kid on the bike.,Qwen/Qwen2.5-VL-3B-Instruct,113,batch1,r
or14,2,The red bars are at the forefront of the image.,Qwen/Qwen2.5-VL-3B-Instruct,113,batch1,r
or15,3,The woman in jeans.,Qwen/Qwen2.5-VL-3B-Instruct,113,batch1,r
cs16,4,The heart-shaped tree.,Qwen/Qwen2.5-VL-3B-Instruct,113,batch1,r
cs17,3,Everything equal,Qwen/Qwen2.5-VL-3B-Instruct,113,batch1,r
cs18,3,The check mark,Qwen/Qwen2.5-VL-3B-Instruct,113,batch1,r
cs19,3,The laptops.,Qwen/Qwen2.5-VL-3B-Instruct,113,batch1,r
cs20,3,The man,Qwen/Qwen2.5-VL-3B-Instruct,113,batch1,r
cs21,2,the kid in a yellow shirt,Qwen/Qwen2.5-VL-3B-Instruct,113,batch1,r
cs22,2,sun,Qwen/Qwen2.5-VL-3B-Instruct,113,batch1,r
cs23,1,The moon,Qwen/Qwen2.5-VL-3B-Instruct,113,batch1,r
cs24,4,The phone is at the forefront of this image.,Qwen/Qwen2.5-VL-3B-Instruct,113,batch1,r
cs25,1,The light,Qwen/Qwen2.5-VL-3B-Instruct,113,batch1,r
cs26,1,The air pump,Qwen/Qwen2.5-VL-3B-Instruct,113,batch1,r
cs27,1,The woman's left foot,Qwen/Qwen2.5-VL-3B-Instruct,113,batch1,r
cs28,4,LIVER,Qwen/Qwen2.5-VL-3B-Instruct,113,batch1,r
cs29,4,the man with a beard,Qwen/Qwen2.5-VL-3B-Instruct,113,batch1,r
cs30,3,The exclamation points.,Qwen/Qwen2.5-VL-3B-Instruct,113,batch1,r
de31,2,The dog collar,Qwen/Qwen2.5-VL-3B-Instruct,113,batch1,r
de32,2,The diamond,Qwen/Qwen2.5-VL-3B-Instruct,113,batch1,r
de33,3,The torch,Qwen/Qwen2.5-VL-3B-Instruct,113,batch1,r
de34,2,The mug,Qwen/Qwen2.5-VL-3B-Instruct,113,batch1,r
de35,2,The magnifying glass,Qwen/Qwen2.5-VL-3B-Instruct,113,batch1,r
de36,4,The cigarette,Qwen/Qwen2.5-VL-3B-Instruct,113,batch1,r
de37,3,The sun.,Qwen/Qwen2.5-VL-3B-Instruct,113,batch1,r
de38,2,The bike,Qwen/Qwen2.5-VL-3B-Instruct,113,batch1,r
de39,2,The mug,Qwen/Qwen2.5-VL-3B-Instruct,113,batch1,r
de40,1,The little girl,Qwen/Qwen2.5-VL-3B-Instruct,113,batch1,r
de41,3,The fingerprint scanner,Qwen/Qwen2.5-VL-3B-Instruct,113,batch1,r
de42,1,The solar panels,Qwen/Qwen2.5-VL-3B-Instruct,113,batch1,r
de43,3,The puzzle pieces.,Qwen/Qwen2.5-VL-3B-Instruct,113,batch1,r
de44,1,The magnifying glass.,Qwen/Qwen2.5-VL-3B-Instruct,113,batch1,r
de45,2,VR goggles,Qwen/Qwen2.5-VL-3B-Instruct,113,batch1,r
fr46,4,The blackboard is at the most front of this image.,Qwen/Qwen2.5-VL-3B-Instruct,113,batch1,r
fr47,3,The couple,Qwen/Qwen2.5-VL-3B-Instruct,113,batch1,r
fr48,4,the bathtub,Qwen/Qwen2.5-VL-3B-Instruct,113,batch1,r
fr49,3,The electrode cap.,Qwen/Qwen2.5-VL-3B-Instruct,113,batch1,r
fr50,1,animal,Qwen/Qwen2.5-VL-3B-Instruct,113,batch1,r
fr51,1,the soldiers facing forward,Qwen/Qwen2.5-VL-3B-Instruct,113,batch1,r
fr52,3,The water.,Qwen/Qwen2.5-VL-3B-Instruct,113,batch1,r
fr53,3,The helicopter is at the most front of this image.,Qwen/Qwen2.5-VL-3B-Instruct,113,batch1,r
fr54,1,the clock,Qwen/Qwen2.5-VL-3B-Instruct,113,batch1,r
fr55,3,The faucet.,Qwen/Qwen2.5-VL-3B-Instruct,113,batch1,r
fr56,3,quill pen,Qwen/Qwen2.5-VL-3B-Instruct,113,batch1,r
fr57,3,the bank,Qwen/Qwen2.5-VL-3B-Instruct,113,batch1,r
fr58,1,The people,Qwen/Qwen2.5-VL-3B-Instruct,113,batch1,r
fr59,2,The laughing man,Qwen/Qwen2.5-VL-3B-Instruct,113,batch1,r
fr60,3,The woman on stage,Qwen/Qwen2.5-VL-3B-Instruct,113,batch1,r
or1,3,The woman,Qwen/Qwen2.5-VL-3B-Instruct,199,batch1,r
or2,1,the pointy trees,Qwen/Qwen2.5-VL-3B-Instruct,199,batch1,r
or3,1,The tray.,Qwen/Qwen2.5-VL-3B-Instruct,199,batch1,r
or4,4,The man,Qwen/Qwen2.5-VL-3B-Instruct,199,batch1,r
or5,3,The baby,Qwen/Qwen2.5-VL-3B-Instruct,199,batch1,r
or6,3,The men with their hands up,Qwen/Qwen2.5-VL-3B-Instruct,199,batch1,r
or7,2,The red rays.,Qwen/Qwen2.5-VL-3B-Instruct,199,batch1,r
or8,1,The man.,Qwen/Qwen2.5-VL-3B-Instruct,199,batch1,r
or9,3,The crowd,Qwen/Qwen2.5-VL-3B-Instruct,199,batch1,r
or10,4,The woman's left hand,Qwen/Qwen2.5-VL-3B-Instruct,199,batch1,r
or11,3,the open books,Qwen/Qwen2.5-VL-3B-Instruct,199,batch1,r
or12,3,The kid on the bike.,Qwen/Qwen2.5-VL-3B-Instruct,199,batch1,r
or13,3,The stool,Qwen/Qwen2.5-VL-3B-Instruct,199,batch1,r
or14,3,Cannot say.,Qwen/Qwen2.5-VL-3B-Instruct,199,batch1,r
or15,3,The lime,Qwen/Qwen2.5-VL-3B-Instruct,199,batch1,r
cs16,4,The heart-shaped tree.,Qwen/Qwen2.5-VL-3B-Instruct,199,batch1,r
cs17,2,Everything equal,Qwen/Qwen2.5-VL-3B-Instruct,199,batch1,r
cs18,3,the check mark,Qwen/Qwen2.5-VL-3B-Instruct,199,batch1,r
cs19,3,The laptops,Qwen/Qwen2.5-VL-3B-Instruct,199,batch1,r
cs20,1,The man,Qwen/Qwen2.5-VL-3B-Instruct,199,batch1,r
cs21,3,The plants,Qwen/Qwen2.5-VL-3B-Instruct,199,batch1,r
cs22,1,The sun,Qwen/Qwen2.5-VL-3B-Instruct,199,batch1,r
cs23,2,The door,Qwen/Qwen2.5-VL-3B-Instruct,199,batch1,r
cs24,3,The phone,Qwen/Qwen2.5-VL-3B-Instruct,199,batch1,r
cs25,1,The light,Qwen/Qwen2.5-VL-3B-Instruct,199,batch1,r
cs26,3,The air pump,Qwen/Qwen2.5-VL-3B-Instruct,199,batch1,r
cs27,1,the woman's left foot,Qwen/Qwen2.5-VL-3B-Instruct,199,batch1,r
cs28,4,The liver.,Qwen/Qwen2.5-VL-3B-Instruct,199,batch1,r
cs29,4,cannot say,Qwen/Qwen2.5-VL-3B-Instruct,199,batch1,r
cs30,4,The flasks are at the most front of this image.,Qwen/Qwen2.5-VL-3B-Instruct,199,batch1,r
de31,3,The dog collar.,Qwen/Qwen2.5-VL-3B-Instruct,199,batch1,r
de32,4,The diamond,Qwen/Qwen2.5-VL-3B-Instruct,199,batch1,r
de33,2,The torch,Qwen/Qwen2.5-VL-3B-Instruct,199,batch1,r
de34,1,mug,Qwen/Qwen2.5-VL-3B-Instruct,199,batch1,r
de35,1,The magnifying glass.,Qwen/Qwen2.5-VL-3B-Instruct,199,batch1,r
de36,1,The cigarette.,Qwen/Qwen2.5-VL-3B-Instruct,199,batch1,r
de37,1,The arch,Qwen/Qwen2.5-VL-3B-Instruct,199,batch1,r
de38,1,the bike,Qwen/Qwen2.5-VL-3B-Instruct,199,batch1,r
de39,1,The mug is at the most front of this image.,Qwen/Qwen2.5-VL-3B-Instruct,199,batch1,r
de40,1,the couch,Qwen/Qwen2.5-VL-3B-Instruct,199,batch1,r
de41,1,The fingerprint scanner,Qwen/Qwen2.5-VL-3B-Instruct,199,batch1,r
de42,3,The bigger globe,Qwen/Qwen2.5-VL-3B-Instruct,199,batch1,r
de43,1,puzzle pieces,Qwen/Qwen2.5-VL-3B-Instruct,199,batch1,r
de44,2,The book with a brick on it.,Qwen/Qwen2.5-VL-3B-Instruct,199,batch1,r
de45,2,The VR goggles.,Qwen/Qwen2.5-VL-3B-Instruct,199,batch1,r
fr46,4,scale,Qwen/Qwen2.5-VL-3B-Instruct,199,batch1,r
fr47,3,The couple,Qwen/Qwen2.5-VL-3B-Instruct,199,batch1,r
fr48,4,the bathtub,Qwen/Qwen2.5-VL-3B-Instruct,199,batch1,r
fr49,1,The person holding a pen is at the most front of this image.,Qwen/Qwen2.5-VL-3B-Instruct,199,batch1,r
fr50,3,Animal,Qwen/Qwen2.5-VL-3B-Instruct,199,batch1,r
fr51,3,The soldiers facing forward are at the most front of this image.,Qwen/Qwen2.5-VL-3B-Instruct,199,batch1,r
fr52,3,The water.,Qwen/Qwen2.5-VL-3B-Instruct,199,batch1,r
fr53,3,The helicopter,Qwen/Qwen2.5-VL-3B-Instruct,199,batch1,r
fr54,2,the piggy bank,Qwen/Qwen2.5-VL-3B-Instruct,199,batch1,r
fr55,4,The faucet is at the forefront of this image.,Qwen/Qwen2.5-VL-3B-Instruct,199,batch1,r
fr56,3,Quill Pen,Qwen/Qwen2.5-VL-3B-Instruct,199,batch1,r
fr57,2,The bank.,Qwen/Qwen2.5-VL-3B-Instruct,199,batch1,r
fr58,3,The people,Qwen/Qwen2.5-VL-3B-Instruct,199,batch1,r
fr59,4,The laughing man,Qwen/Qwen2.5-VL-3B-Instruct,199,batch1,r
fr60,4,the woman on stage,Qwen/Qwen2.5-VL-3B-Instruct,199,batch1,r
or1,1,the woman,Qwen/Qwen2.5-VL-3B-Instruct,200,batch1,r
or2,2,The pointy trees are at the most front of the image.,Qwen/Qwen2.5-VL-3B-Instruct,200,batch1,r
or3,4,The tray.,Qwen/Qwen2.5-VL-3B-Instruct,200,batch1,r
or4,1,The weight,Qwen/Qwen2.5-VL-3B-Instruct,200,batch1,r
or5,3,The baby,Qwen/Qwen2.5-VL-3B-Instruct,200,batch1,r
or6,4,"the drones, the men with their hands up",Qwen/Qwen2.5-VL-3B-Instruct,200,batch1,r
or7,3,The red rays,Qwen/Qwen2.5-VL-3B-Instruct,200,batch1,r
or8,1,The man.,Qwen/Qwen2.5-VL-3B-Instruct,200,batch1,r
or9,3,The crowd.,Qwen/Qwen2.5-VL-3B-Instruct,200,batch1,r
or10,4,The thermos,Qwen/Qwen2.5-VL-3B-Instruct,200,batch1,r
or11,2,The open books.,Qwen/Qwen2.5-VL-3B-Instruct,200,batch1,r
or12,2,The kid on the bike is at the most front of this image.,Qwen/Qwen2.5-VL-3B-Instruct,200,batch1,r
or13,3,The stool.,Qwen/Qwen2.5-VL-3B-Instruct,200,batch1,r
or14,3,The red bars.,Qwen/Qwen2.5-VL-3B-Instruct,200,batch1,r
or15,2,The woman in jeans,Qwen/Qwen2.5-VL-3B-Instruct,200,batch1,r
cs16,3,The kid in a striped shirt.,Qwen/Qwen2.5-VL-3B-Instruct,200,batch1,r
cs17,3,The brain,Qwen/Qwen2.5-VL-3B-Instruct,200,batch1,r
cs18,3,The elephant,Qwen/Qwen2.5-VL-3B-Instruct,200,batch1,r
cs19,4,The laptops.,Qwen/Qwen2.5-VL-3B-Instruct,200,batch1,r
cs20,2,The man,Qwen/Qwen2.5-VL-3B-Instruct,200,batch1,r
cs21,3,The screen.,Qwen/Qwen2.5-VL-3B-Instruct,200,batch1,r
cs22,3,The Sun,Qwen/Qwen2.5-VL-3B-Instruct,200,batch1,r
cs23,4,The door,Qwen/Qwen2.5-VL-3B-Instruct,200,batch1,r
cs24,2,The phone is at the forefront of the image.,Qwen/Qwen2.5-VL-3B-Instruct,200,batch1,r
cs25,3,The light,Qwen/Qwen2.5-VL-3B-Instruct,200,batch1,r
cs26,3,The air pump.,Qwen/Qwen2.5-VL-3B-Instruct,200,batch1,r
cs27,2,The woman's left foot,Qwen/Qwen2.5-VL-3B-Instruct,200,batch1,r
cs28,1,The liver.,Qwen/Qwen2.5-VL-3B-Instruct,200,batch1,r
cs29,2,cannot say,Qwen/Qwen2.5-VL-3B-Instruct,200,batch1,r
cs30,3,the flasks,Qwen/Qwen2.5-VL-3B-Instruct,200,batch1,r
de31,2,The dog collar,Qwen/Qwen2.5-VL-3B-Instruct,200,batch1,r
de32,1,The diamond,Qwen/Qwen2.5-VL-3B-Instruct,200,batch1,r
de33,3,torch,Qwen/Qwen2.5-VL-3B-Instruct,200,batch1,r
de34,2,The mug,Qwen/Qwen2.5-VL-3B-Instruct,200,batch1,r
de35,4,The magnifying glass,Qwen/Qwen2.5-VL-3B-Instruct,200,batch1,r
de36,3,The cigarette,Qwen/Qwen2.5-VL-3B-Instruct,200,batch1,r
de37,3,People,Qwen/Qwen2.5-VL-3B-Instruct,200,batch1,r
de38,1,The bike,Qwen/Qwen2.5-VL-3B-Instruct,200,batch1,r
de39,1,The mug.,Qwen/Qwen2.5-VL-3B-Instruct,200,batch1,r
de40,4,The couch,Qwen/Qwen2.5-VL-3B-Instruct,200,batch1,r
de41,1,The fingerprint scanner,Qwen/Qwen2.5-VL-3B-Instruct,200,batch1,r
de42,1,The solar panels.,Qwen/Qwen2.5-VL-3B-Instruct,200,batch1,r
de43,2,The puzzle pieces,Qwen/Qwen2.5-VL-3B-Instruct,200,batch1,r
de44,4,The book with a brick on it.,Qwen/Qwen2.5-VL-3B-Instruct,200,batch1,r
de45,4,The VR goggle is at the most front of the image.,Qwen/Qwen2.5-VL-3B-Instruct,200,batch1,r
fr46,1,The door on the left,Qwen/Qwen2.5-VL-3B-Instruct,200,batch1,r
fr47,1,The couple,Qwen/Qwen2.5-VL-3B-Instruct,200,batch1,r
fr48,1,the bathtub,Qwen/Qwen2.5-VL-3B-Instruct,200,batch1,r
fr49,2,The person holding a pen,Qwen/Qwen2.5-VL-3B-Instruct,200,batch1,r
fr50,3,The animal.,Qwen/Qwen2.5-VL-3B-Instruct,200,batch1,r
fr51,1,The soldiers facing forward.,Qwen/Qwen2.5-VL-3B-Instruct,200,batch1,r
fr52,1,The water.,Qwen/Qwen2.5-VL-3B-Instruct,200,batch1,r
fr53,1,The helicopter,Qwen/Qwen2.5-VL-3B-Instruct,200,batch1,r
fr54,3,The piggy bank is at the forefront of this image.,Qwen/Qwen2.5-VL-3B-Instruct,200,batch1,r
fr55,3,The crane is at the most front of this image.,Qwen/Qwen2.5-VL-3B-Instruct,200,batch1,r
fr56,3,The quill pen,Qwen/Qwen2.5-VL-3B-Instruct,200,batch1,r
fr57,3,The bank.,Qwen/Qwen2.5-VL-3B-Instruct,200,batch1,r
fr58,2,The hammer,Qwen/Qwen2.5-VL-3B-Instruct,200,batch1,r
fr59,3,The table lamp,Qwen/Qwen2.5-VL-3B-Instruct,200,batch1,r
fr60,2,the woman on stage,Qwen/Qwen2.5-VL-3B-Instruct,200,batch1,r
or1,3,The woman,Qwen/Qwen2.5-VL-3B-Instruct,207,batch1,r
or2,3,The pointy trees.,Qwen/Qwen2.5-VL-3B-Instruct,207,batch1,r
or3,2,The tray,Qwen/Qwen2.5-VL-3B-Instruct,207,batch1,r
or4,4,the man,Qwen/Qwen2.5-VL-3B-Instruct,207,batch1,r
or5,3,the suitcase,Qwen/Qwen2.5-VL-3B-Instruct,207,batch1,r
or6,3,The drones.,Qwen/Qwen2.5-VL-3B-Instruct,207,batch1,r
or7,2,The red rays.,Qwen/Qwen2.5-VL-3B-Instruct,207,batch1,r
or8,3,The man,Qwen/Qwen2.5-VL-3B-Instruct,207,batch1,r
or9,3,The crowd,Qwen/Qwen2.5-VL-3B-Instruct,207,batch1,r
or10,4,The man's right hand.,Qwen/Qwen2.5-VL-3B-Instruct,207,batch1,r
or11,4,The lights on the ceiling.,Qwen/Qwen2.5-VL-3B-Instruct,207,batch1,r
or12,2,The kid on the bike,Qwen/Qwen2.5-VL-3B-Instruct,207,batch1,r
or13,3,The stool,Qwen/Qwen2.5-VL-3B-Instruct,207,batch1,r
or14,4,The red bars.,Qwen/Qwen2.5-VL-3B-Instruct,207,batch1,r
or15,4,the lime,Qwen/Qwen2.5-VL-3B-Instruct,207,batch1,r
cs16,3,The heart-shaped tree.,Qwen/Qwen2.5-VL-3B-Instruct,207,batch1,r
cs17,2,The brain.,Qwen/Qwen2.5-VL-3B-Instruct,207,batch1,r
cs18,4,The elephant,Qwen/Qwen2.5-VL-3B-Instruct,207,batch1,r
cs19,3,The laptops,Qwen/Qwen2.5-VL-3B-Instruct,207,batch1,r
cs20,3,the man,Qwen/Qwen2.5-VL-3B-Instruct,207,batch1,r
cs21,4,The screen,Qwen/Qwen2.5-VL-3B-Instruct,207,batch1,r
cs22,3,sun,Qwen/Qwen2.5-VL-3B-Instruct,207,batch1,r
cs23,4,The door,Qwen/Qwen2.5-VL-3B-Instruct,207,batch1,r
cs24,4,The phone.,Qwen/Qwen2.5-VL-3B-Instruct,207,batch1,r
cs25,1,The light.,Qwen/Qwen2.5-VL-3B-Instruct,207,batch1,r
cs26,1,The air pump,Qwen/Qwen2.5-VL-3B-Instruct,207,batch1,r
cs27,1,The woman's left foot,Qwen/Qwen2.5-VL-3B-Instruct,207,batch1,r
cs28,3,The liver,Qwen/Qwen2.5-VL-3B-Instruct,207,batch1,r
cs29,3,cannot say,Qwen/Qwen2.5-VL-3B-Instruct,207,batch1,r
cs30,4,The exclamation points are at the forefront of this image.,Qwen/Qwen2.5-VL-3B-Instruct,207,batch1,r
de31,3,The dog collar is at the most front of this image.,Qwen/Qwen2.5-VL-3B-Instruct,207,batch1,r
de32,3,The diamond.,Qwen/Qwen2.5-VL-3B-Instruct,207,batch1,r
de33,2,The torch,Qwen/Qwen2.5-VL-3B-Instruct,207,batch1,r
de34,2,The mug,Qwen/Qwen2.5-VL-3B-Instruct,207,batch1,r
de35,2,The magnifying glass,Qwen/Qwen2.5-VL-3B-Instruct,207,batch1,r
de36,4,The cigarette,Qwen/Qwen2.5-VL-3B-Instruct,207,batch1,r
de37,1,The people,Qwen/Qwen2.5-VL-3B-Instruct,207,batch1,r
de38,3,the bike,Qwen/Qwen2.5-VL-3B-Instruct,207,batch1,r
de39,1,The mug.,Qwen/Qwen2.5-VL-3B-Instruct,207,batch1,r
de40,1,The little girl,Qwen/Qwen2.5-VL-3B-Instruct,207,batch1,r
de41,1,The fingerprint scanner,Qwen/Qwen2.5-VL-3B-Instruct,207,batch1,r
de42,1,The bigger globe,Qwen/Qwen2.5-VL-3B-Instruct,207,batch1,r
de43,3,The puzzle pieces,Qwen/Qwen2.5-VL-3B-Instruct,207,batch1,r
de44,2,The book with a brick on it.,Qwen/Qwen2.5-VL-3B-Instruct,207,batch1,r
de45,2,The VR goggle.,Qwen/Qwen2.5-VL-3B-Instruct,207,batch1,r
fr46,3,The door on the left,Qwen/Qwen2.5-VL-3B-Instruct,207,batch1,r
fr47,1,the couple,Qwen/Qwen2.5-VL-3B-Instruct,207,batch1,r
fr48,1,The bathtub.,Qwen/Qwen2.5-VL-3B-Instruct,207,batch1,r
fr49,3,The person holding a pen.,Qwen/Qwen2.5-VL-3B-Instruct,207,batch1,r
fr50,3,The animal,Qwen/Qwen2.5-VL-3B-Instruct,207,batch1,r
fr51,3,The soldiers facing forward are at the most front of this image.,Qwen/Qwen2.5-VL-3B-Instruct,207,batch1,r
fr52,1,The water.,Qwen/Qwen2.5-VL-3B-Instruct,207,batch1,r
fr53,3,Helicopter,Qwen/Qwen2.5-VL-3B-Instruct,207,batch1,r
fr54,1,The clock,Qwen/Qwen2.5-VL-3B-Instruct,207,batch1,r
fr55,4,the faucet,Qwen/Qwen2.5-VL-3B-Instruct,207,batch1,r
fr56,1,Quill Pen,Qwen/Qwen2.5-VL-3B-Instruct,207,batch1,r
fr57,3,The bank,Qwen/Qwen2.5-VL-3B-Instruct,207,batch1,r
fr58,3,The people,Qwen/Qwen2.5-VL-3B-Instruct,207,batch1,r
fr59,3,the laughing man,Qwen/Qwen2.5-VL-3B-Instruct,207,batch1,r
fr60,3,The woman on stage.,Qwen/Qwen2.5-VL-3B-Instruct,207,batch1,r
or1,3,The woman,Qwen/Qwen2.5-VL-3B-Instruct,210,batch1,r
or2,1,The pointy trees,Qwen/Qwen2.5-VL-3B-Instruct,210,batch1,r
or3,3,The tray,Qwen/Qwen2.5-VL-3B-Instruct,210,batch1,r
or4,3,The man.,Qwen/Qwen2.5-VL-3B-Instruct,210,batch1,r
or5,3,The suitcase,Qwen/Qwen2.5-VL-3B-Instruct,210,batch1,r
or6,4,The men with their hands up.,Qwen/Qwen2.5-VL-3B-Instruct,210,batch1,r
or7,4,The red rays.,Qwen/Qwen2.5-VL-3B-Instruct,210,batch1,r
or8,3,The man,Qwen/Qwen2.5-VL-3B-Instruct,210,batch1,r
or9,2,The crowd,Qwen/Qwen2.5-VL-3B-Instruct,210,batch1,r
or10,4,The woman's left hand,Qwen/Qwen2.5-VL-3B-Instruct,210,batch1,r
or11,3,the open books,Qwen/Qwen2.5-VL-3B-Instruct,210,batch1,r
or12,3,The kid on the bike,Qwen/Qwen2.5-VL-3B-Instruct,210,batch1,r
or13,3,The stool,Qwen/Qwen2.5-VL-3B-Instruct,210,batch1,r
or14,4,cannot say,Qwen/Qwen2.5-VL-3B-Instruct,210,batch1,r
or15,3,The lime,Qwen/Qwen2.5-VL-3B-Instruct,210,batch1,r
cs16,1,The kid in a striped shirt.,Qwen/Qwen2.5-VL-3B-Instruct,210,batch1,r
cs17,3,The brain.,Qwen/Qwen2.5-VL-3B-Instruct,210,batch1,r
cs18,3,The check mark,Qwen/Qwen2.5-VL-3B-Instruct,210,batch1,r
cs19,2,The laptops.,Qwen/Qwen2.5-VL-3B-Instruct,210,batch1,r
cs20,1,The man,Qwen/Qwen2.5-VL-3B-Instruct,210,batch1,r
cs21,3,the kid in a yellow shirt,Qwen/Qwen2.5-VL-3B-Instruct,210,batch1,r
cs22,3,sun,Qwen/Qwen2.5-VL-3B-Instruct,210,batch1,r
cs23,1,The door,Qwen/Qwen2.5-VL-3B-Instruct,210,batch1,r
cs24,3,The phone,Qwen/Qwen2.5-VL-3B-Instruct,210,batch1,r
cs25,2,The light,Qwen/Qwen2.5-VL-3B-Instruct,210,batch1,r
cs26,3,The air pump,Qwen/Qwen2.5-VL-3B-Instruct,210,batch1,r
cs27,3,the woman's left foot,Qwen/Qwen2.5-VL-3B-Instruct,210,batch1,r
cs28,1,The liver,Qwen/Qwen2.5-VL-3B-Instruct,210,batch1,r
cs29,1,The man with a beard is at the forefront of this image.,Qwen/Qwen2.5-VL-3B-Instruct,210,batch1,r
cs30,3,can't say,Qwen/Qwen2.5-VL-3B-Instruct,210,batch1,r
de31,1,The dog collar.,Qwen/Qwen2.5-VL-3B-Instruct,210,batch1,r
de32,1,The diamond.,Qwen/Qwen2.5-VL-3B-Instruct,210,batch1,r
de33,2,The torch,Qwen/Qwen2.5-VL-3B-Instruct,210,batch1,r
de34,3,The mug,Qwen/Qwen2.5-VL-3B-Instruct,210,batch1,r
de35,4,The magnifying glass.,Qwen/Qwen2.5-VL-3B-Instruct,210,batch1,r
de36,4,The cigarette,Qwen/Qwen2.5-VL-3B-Instruct,210,batch1,r
de37,3,The people,Qwen/Qwen2.5-VL-3B-Instruct,210,batch1,r
de38,4,The bike,Qwen/Qwen2.5-VL-3B-Instruct,210,batch1,r
de39,1,The mug is at the most front of this image.,Qwen/Qwen2.5-VL-3B-Instruct,210,batch1,r
de40,2,The little girl.,Qwen/Qwen2.5-VL-3B-Instruct,210,batch1,r
de41,1,The fingerprint scanner,Qwen/Qwen2.5-VL-3B-Instruct,210,batch1,r
de42,3,The solar panels are at the forefront of this image.,Qwen/Qwen2.5-VL-3B-Instruct,210,batch1,r
de43,1,Puzzle pieces,Qwen/Qwen2.5-VL-3B-Instruct,210,batch1,r
de44,1,The magnifying glass.,Qwen/Qwen2.5-VL-3B-Instruct,210,batch1,r
de45,3,The colorful face is at the most front of this image.,Qwen/Qwen2.5-VL-3B-Instruct,210,batch1,r
fr47,1,the couple,Qwen/Qwen2.5-VL-3B-Instruct,210,batch1,r
fr48,4,The bathtub.,Qwen/Qwen2.5-VL-3B-Instruct,210,batch1,r
fr49,2,The person holding a pen.,Qwen/Qwen2.5-VL-3B-Instruct,210,batch1,r
fr50,3,The moon,Qwen/Qwen2.5-VL-3B-Instruct,210,batch1,r
fr51,1,The soldiers facing forward are at the most front of the image.,Qwen/Qwen2.5-VL-3B-Instruct,210,batch1,r
fr52,2,The water.,Qwen/Qwen2.5-VL-3B-Instruct,210,batch1,r
fr53,1,the helicopter,Qwen/Qwen2.5-VL-3B-Instruct,210,batch1,r
fr54,2,The piggy bank,Qwen/Qwen2.5-VL-3B-Instruct,210,batch1,r
fr55,3,The faucet is at the most front of this image.,Qwen/Qwen2.5-VL-3B-Instruct,210,batch1,r
fr56,2,The quill pen,Qwen/Qwen2.5-VL-3B-Instruct,210,batch1,r
fr57,1,The bank,Qwen/Qwen2.5-VL-3B-Instruct,210,batch1,r
fr58,2,The hammer,Qwen/Qwen2.5-VL-3B-Instruct,210,batch1,r
fr59,2,The laughing man,Qwen/Qwen2.5-VL-3B-Instruct,210,batch1,r
fr60,1,The orchestra,Qwen/Qwen2.5-VL-3B-Instruct,210,batch1,r
or1,4,The woman,Qwen/Qwen2.5-VL-3B-Instruct,219,batch1,r
or2,4,The pointy trees.,Qwen/Qwen2.5-VL-3B-Instruct,219,batch1,r
or3,2,The tray,Qwen/Qwen2.5-VL-3B-Instruct,219,batch1,r
or4,3,The man.,Qwen/Qwen2.5-VL-3B-Instruct,219,batch1,r
or5,3,The suitcase,Qwen/Qwen2.5-VL-3B-Instruct,219,batch1,r
or6,1,The men with their hands up.,Qwen/Qwen2.5-VL-3B-Instruct,219,batch1,r
or7,4,Only say the red rays.,Qwen/Qwen2.5-VL-3B-Instruct,219,batch1,r
or8,3,The man,Qwen/Qwen2.5-VL-3B-Instruct,219,batch1,r
or9,4,The crowd,Qwen/Qwen2.5-VL-3B-Instruct,219,batch1,r
or10,4,the man's right hand,Qwen/Qwen2.5-VL-3B-Instruct,219,batch1,r
or11,3,The open books.,Qwen/Qwen2.5-VL-3B-Instruct,219,batch1,r
or12,4,The kid on the bike.,Qwen/Qwen2.5-VL-3B-Instruct,219,batch1,r
or13,3,The stool,Qwen/Qwen2.5-VL-3B-Instruct,219,batch1,r
or14,2,the red bars,Qwen/Qwen2.5-VL-3B-Instruct,219,batch1,r
or15,4,the woman with the headband,Qwen/Qwen2.5-VL-3B-Instruct,219,batch1,r
cs16,3,The heart-shaped tree.,Qwen/Qwen2.5-VL-3B-Instruct,219,batch1,r
cs17,1,The lightning.,Qwen/Qwen2.5-VL-3B-Instruct,219,batch1,r
cs18,3,the check mark,Qwen/Qwen2.5-VL-3B-Instruct,219,batch1,r
cs19,2,The man in a wheelchair.,Qwen/Qwen2.5-VL-3B-Instruct,219,batch1,r
cs20,1,man,Qwen/Qwen2.5-VL-3B-Instruct,219,batch1,r
cs21,2,The plant is at the most front of this image.,Qwen/Qwen2.5-VL-3B-Instruct,219,batch1,r
cs22,3,Everything equal,Qwen/Qwen2.5-VL-3B-Instruct,219,batch1,r
cs23,2,The door,Qwen/Qwen2.5-VL-3B-Instruct,219,batch1,r
cs24,3,The phone is in the forefront of the image.,Qwen/Qwen2.5-VL-3B-Instruct,219,batch1,r
cs25,1,The woman holding a note.,Qwen/Qwen2.5-VL-3B-Instruct,219,batch1,r
cs26,1,Air Pump,Qwen/Qwen2.5-VL-3B-Instruct,219,batch1,r
cs27,1,the woman's left foot,Qwen/Qwen2.5-VL-3B-Instruct,219,batch1,r
cs28,2,Liver,Qwen/Qwen2.5-VL-3B-Instruct,219,batch1,r
cs29,1,The man with a beard,Qwen/Qwen2.5-VL-3B-Instruct,219,batch1,r
cs30,1,Cannot say.,Qwen/Qwen2.5-VL-3B-Instruct,219,batch1,r
de31,1,The dog collar,Qwen/Qwen2.5-VL-3B-Instruct,219,batch1,r
de32,1,The diamond,Qwen/Qwen2.5-VL-3B-Instruct,219,batch1,r
de33,3,The torch.,Qwen/Qwen2.5-VL-3B-Instruct,219,batch1,r
de34,1,The mug,Qwen/Qwen2.5-VL-3B-Instruct,219,batch1,r
de35,3,The standing people.,Qwen/Qwen2.5-VL-3B-Instruct,219,batch1,r
de36,4,The cigarette box.,Qwen/Qwen2.5-VL-3B-Instruct,219,batch1,r
de37,2,The people.,Qwen/Qwen2.5-VL-3B-Instruct,219,batch1,r
de38,4,bike,Qwen/Qwen2.5-VL-3B-Instruct,219,batch1,r
de39,3,The person sitting alone is at the most front of this image.,Qwen/Qwen2.5-VL-3B-Instruct,219,batch1,r
de40,1,The little girl,Qwen/Qwen2.5-VL-3B-Instruct,219,batch1,r
de41,2,The fingerprint scanner.,Qwen/Qwen2.5-VL-3B-Instruct,219,batch1,r
de42,3,The bigger globe.,Qwen/Qwen2.5-VL-3B-Instruct,219,batch1,r
de43,3,the puzzle pieces,Qwen/Qwen2.5-VL-3B-Instruct,219,batch1,r
de44,2,The magnifying glass,Qwen/Qwen2.5-VL-3B-Instruct,219,batch1,r
de45,4,The VR goggles,Qwen/Qwen2.5-VL-3B-Instruct,219,batch1,r
fr46,1,Scale,Qwen/Qwen2.5-VL-3B-Instruct,219,batch1,r
fr47,1,The couple,Qwen/Qwen2.5-VL-3B-Instruct,219,batch1,r
fr48,1,The bathtub,Qwen/Qwen2.5-VL-3B-Instruct,219,batch1,r
fr49,1,The person holding a pen is at the front of the image.,Qwen/Qwen2.5-VL-3B-Instruct,219,batch1,r
fr50,2,The animal,Qwen/Qwen2.5-VL-3B-Instruct,219,batch1,r
fr51,2,The trucks are at the most front of this image.,Qwen/Qwen2.5-VL-3B-Instruct,219,batch1,r
fr52,3,The water,Qwen/Qwen2.5-VL-3B-Instruct,219,batch1,r
fr53,1,The helicopter,Qwen/Qwen2.5-VL-3B-Instruct,219,batch1,r
fr54,2,The clock is at the forefront of this image.,Qwen/Qwen2.5-VL-3B-Instruct,219,batch1,r
fr55,4,The faucet is at the forefront of this image.,Qwen/Qwen2.5-VL-3B-Instruct,219,batch1,r
fr56,3,The quill pen is at the most front of this image.,Qwen/Qwen2.5-VL-3B-Instruct,219,batch1,r
fr57,3,The bank,Qwen/Qwen2.5-VL-3B-Instruct,219,batch1,r
fr58,3,the people,Qwen/Qwen2.5-VL-3B-Instruct,219,batch1,r
fr59,4,The laughing man,Qwen/Qwen2.5-VL-3B-Instruct,219,batch1,r
fr60,4,The woman on stage,Qwen/Qwen2.5-VL-3B-Instruct,219,batch1,r
or1,1,The woman,Qwen/Qwen2.5-VL-3B-Instruct,267,batch1,r
or2,3,The pointy trees,Qwen/Qwen2.5-VL-3B-Instruct,267,batch1,r
or3,1,The tray,Qwen/Qwen2.5-VL-3B-Instruct,267,batch1,r
or4,3,The man.,Qwen/Qwen2.5-VL-3B-Instruct,267,batch1,r
or5,2,The suitcase is the most front of this image.,Qwen/Qwen2.5-VL-3B-Instruct,267,batch1,r
or6,3,The men with their hands up,Qwen/Qwen2.5-VL-3B-Instruct,267,batch1,r
or7,3,The red rays.,Qwen/Qwen2.5-VL-3B-Instruct,267,batch1,r
or8,2,The man,Qwen/Qwen2.5-VL-3B-Instruct,267,batch1,r
or9,3,The crowd,Qwen/Qwen2.5-VL-3B-Instruct,267,batch1,r
or10,4,The man's right hand,Qwen/Qwen2.5-VL-3B-Instruct,267,batch1,r
or11,3,The open books.,Qwen/Qwen2.5-VL-3B-Instruct,267,batch1,r
or12,2,The kid on the bike,Qwen/Qwen2.5-VL-3B-Instruct,267,batch1,r
or13,4,the stool,Qwen/Qwen2.5-VL-3B-Instruct,267,batch1,r
or14,3,Cannot say,Qwen/Qwen2.5-VL-3B-Instruct,267,batch1,r
or15,2,The woman in jeans is at the most front of this image.,Qwen/Qwen2.5-VL-3B-Instruct,267,batch1,r
cs16,3,The kid in a striped shirt.,Qwen/Qwen2.5-VL-3B-Instruct,267,batch1,r
cs17,4,Everything equal,Qwen/Qwen2.5-VL-3B-Instruct,267,batch1,r
cs18,3,The check mark.,Qwen/Qwen2.5-VL-3B-Instruct,267,batch1,r
cs19,4,the laptops,Qwen/Qwen2.5-VL-3B-Instruct,267,batch1,r
cs20,2,The man.,Qwen/Qwen2.5-VL-3B-Instruct,267,batch1,r
cs21,3,the kid in a yellow shirt,Qwen/Qwen2.5-VL-3B-Instruct,267,batch1,r
cs22,4,Everything Equal,Qwen/Qwen2.5-VL-3B-Instruct,267,batch1,r
cs23,2,The door.,Qwen/Qwen2.5-VL-3B-Instruct,267,batch1,r
cs24,3,cannot say and nothing else.,Qwen/Qwen2.5-VL-3B-Instruct,267,batch1,r
cs26,1,The hammer,Qwen/Qwen2.5-VL-3B-Instruct,267,batch1,r
cs27,1,the woman's left foot,Qwen/Qwen2.5-VL-3B-Instruct,267,batch1,r
cs28,3,The liver.,Qwen/Qwen2.5-VL-3B-Instruct,267,batch1,r
cs29,1,The man with a beard.,Qwen/Qwen2.5-VL-3B-Instruct,267,batch1,r
cs30,3,Cannot say,Qwen/Qwen2.5-VL-3B-Instruct,267,batch1,r
de31,1,the dog collar,Qwen/Qwen2.5-VL-3B-Instruct,267,batch1,r
de32,2,The diamond,Qwen/Qwen2.5-VL-3B-Instruct,267,batch1,r
de33,4,The torch,Qwen/Qwen2.5-VL-3B-Instruct,267,batch1,r
de34,3,The mug.,Qwen/Qwen2.5-VL-3B-Instruct,267,batch1,r
de35,3,the magnifying glass,Qwen/Qwen2.5-VL-3B-Instruct,267,batch1,r
de36,1,The cigarette,Qwen/Qwen2.5-VL-3B-Instruct,267,batch1,r
de37,1,The people.,Qwen/Qwen2.5-VL-3B-Instruct,267,batch1,r
de38,4,the bike,Qwen/Qwen2.5-VL-3B-Instruct,267,batch1,r
de39,2,The mug is at the most front of this image.,Qwen/Qwen2.5-VL-3B-Instruct,267,batch1,r
de40,1,the pictures,Qwen/Qwen2.5-VL-3B-Instruct,267,batch1,r
de41,1,The fingerprint scanner is at the most front of this image.,Qwen/Qwen2.5-VL-3B-Instruct,267,batch1,r
de42,1,the solar panels,Qwen/Qwen2.5-VL-3B-Instruct,267,batch1,r
de43,1,The puzzle pieces,Qwen/Qwen2.5-VL-3B-Instruct,267,batch1,r
de44,4,The old-style building,Qwen/Qwen2.5-VL-3B-Instruct,267,batch1,r
de45,1,VR goggle,Qwen/Qwen2.5-VL-3B-Instruct,267,batch1,r
fr46,3,Scale,Qwen/Qwen2.5-VL-3B-Instruct,267,batch1,r
fr47,2,The couple,Qwen/Qwen2.5-VL-3B-Instruct,267,batch1,r
fr48,4,The bathtub is at the most front of this image.,Qwen/Qwen2.5-VL-3B-Instruct,267,batch1,r
fr49,4,The monitor,Qwen/Qwen2.5-VL-3B-Instruct,267,batch1,r
fr50,3,The animal.,Qwen/Qwen2.5-VL-3B-Instruct,267,batch1,r
fr51,1,The soldiers facing forward are at the most front of the image.,Qwen/Qwen2.5-VL-3B-Instruct,267,batch1,r
fr52,1,The water,Qwen/Qwen2.5-VL-3B-Instruct,267,batch1,r
fr53,2,helicopter,Qwen/Qwen2.5-VL-3B-Instruct,267,batch1,r
fr54,2,The clock,Qwen/Qwen2.5-VL-3B-Instruct,267,batch1,r
fr55,3,The faucet,Qwen/Qwen2.5-VL-3B-Instruct,267,batch1,r
fr56,1,quill pen,Qwen/Qwen2.5-VL-3B-Instruct,267,batch1,r
fr57,4,The bank,Qwen/Qwen2.5-VL-3B-Instruct,267,batch1,r
fr58,3,People,Qwen/Qwen2.5-VL-3B-Instruct,267,batch1,r
fr59,1,The laughing man,Qwen/Qwen2.5-VL-3B-Instruct,267,batch1,r
fr60,1,The woman on stage.,Qwen/Qwen2.5-VL-3B-Instruct,267,batch1,r
or1,2,woman,Qwen/Qwen2.5-VL-3B-Instruct,306,batch1,r
or2,3,The pointy trees.,Qwen/Qwen2.5-VL-3B-Instruct,306,batch1,r
or3,2,The tray,Qwen/Qwen2.5-VL-3B-Instruct,306,batch1,r
or4,1,the man,Qwen/Qwen2.5-VL-3B-Instruct,306,batch1,r
or5,1,The globe,Qwen/Qwen2.5-VL-3B-Instruct,306,batch1,r
or6,3,The men with their hands up,Qwen/Qwen2.5-VL-3B-Instruct,306,batch1,r
or7,2,Only say the red rays.,Qwen/Qwen2.5-VL-3B-Instruct,306,batch1,r
or8,2,The man,Qwen/Qwen2.5-VL-3B-Instruct,306,batch1,r
or9,4,The crowd,Qwen/Qwen2.5-VL-3B-Instruct,306,batch1,r
or10,3,"The man's right hand, the woman's left hand, the thermos",Qwen/Qwen2.5-VL-3B-Instruct,306,batch1,r
or11,3,The open books are at the forefront of this image.,Qwen/Qwen2.5-VL-3B-Instruct,306,batch1,r
or12,3,The kid on the bike,Qwen/Qwen2.5-VL-3B-Instruct,306,batch1,r
or13,4,The stool,Qwen/Qwen2.5-VL-3B-Instruct,306,batch1,r
or14,3,The red bars are at the forefront of the image.,Qwen/Qwen2.5-VL-3B-Instruct,306,batch1,r
or15,4,the lime,Qwen/Qwen2.5-VL-3B-Instruct,306,batch1,r
cs16,4,The kid in a striped shirt.,Qwen/Qwen2.5-VL-3B-Instruct,306,batch1,r
cs17,4,Everything equal,Qwen/Qwen2.5-VL-3B-Instruct,306,batch1,r
cs18,3,the checkmark,Qwen/Qwen2.5-VL-3B-Instruct,306,batch1,r
cs19,3,The laptops,Qwen/Qwen2.5-VL-3B-Instruct,306,batch1,r
cs20,3,The man,Qwen/Qwen2.5-VL-3B-Instruct,306,batch1,r
cs21,2,The screen,Qwen/Qwen2.5-VL-3B-Instruct,306,batch1,r
cs22,3,Everything Equal,Qwen/Qwen2.5-VL-3B-Instruct,306,batch1,r
cs23,1,The door,Qwen/Qwen2.5-VL-3B-Instruct,306,batch1,r
cs24,1,The phone.,Qwen/Qwen2.5-VL-3B-Instruct,306,batch1,r
cs25,3,The light,Qwen/Qwen2.5-VL-3B-Instruct,306,batch1,r
cs26,3,The air pump,Qwen/Qwen2.5-VL-3B-Instruct,306,batch1,r
cs27,2,The woman's left foot,Qwen/Qwen2.5-VL-3B-Instruct,306,batch1,r
cs28,3,The liver,Qwen/Qwen2.5-VL-3B-Instruct,306,batch1,r
cs29,3,the man with a beard,Qwen/Qwen2.5-VL-3B-Instruct,306,batch1,r
cs30,3,the exclamation points,Qwen/Qwen2.5-VL-3B-Instruct,306,batch1,r
de31,3,The dog collar,Qwen/Qwen2.5-VL-3B-Instruct,306,batch1,r
de32,3,The diamond,Qwen/Qwen2.5-VL-3B-Instruct,306,batch1,r
de33,4,The torch,Qwen/Qwen2.5-VL-3B-Instruct,306,batch1,r
de34,4,The mug,Qwen/Qwen2.5-VL-3B-Instruct,306,batch1,r
de35,4,The magnifying glass,Qwen/Qwen2.5-VL-3B-Instruct,306,batch1,r
de36,2,The cigarette box,Qwen/Qwen2.5-VL-3B-Instruct,306,batch1,r
de37,1,The people,Qwen/Qwen2.5-VL-3B-Instruct,306,batch1,r
de38,3,the bike,Qwen/Qwen2.5-VL-3B-Instruct,306,batch1,r
de39,3,The mug is at the front of the image.,Qwen/Qwen2.5-VL-3B-Instruct,306,batch1,r
de40,3,the little girl,Qwen/Qwen2.5-VL-3B-Instruct,306,batch1,r
de41,4,The fingerprint scanner.,Qwen/Qwen2.5-VL-3B-Instruct,306,batch1,r
de42,1,The solar panels.,Qwen/Qwen2.5-VL-3B-Instruct,306,batch1,r
de43,2,The puzzle pieces,Qwen/Qwen2.5-VL-3B-Instruct,306,batch1,r
de44,4,The book with a brick on it.,Qwen/Qwen2.5-VL-3B-Instruct,306,batch1,r
de45,1,The VR goggle.,Qwen/Qwen2.5-VL-3B-Instruct,306,batch1,r
fr46,3,The door on the left.,Qwen/Qwen2.5-VL-3B-Instruct,306,batch1,r
fr47,2,The couple,Qwen/Qwen2.5-VL-3B-Instruct,306,batch1,r
fr48,3,the bathtub,Qwen/Qwen2.5-VL-3B-Instruct,306,batch1,r
fr49,4,The person holding a pen,Qwen/Qwen2.5-VL-3B-Instruct,306,batch1,r
fr50,3,animal,Qwen/Qwen2.5-VL-3B-Instruct,306,batch1,r
fr51,3,The soldiers facing forward are at the most front of this image.,Qwen/Qwen2.5-VL-3B-Instruct,306,batch1,r
fr52,1,The water.,Qwen/Qwen2.5-VL-3B-Instruct,306,batch1,r
fr53,1,helicopter,Qwen/Qwen2.5-VL-3B-Instruct,306,batch1,r
fr54,2,it is ambiguous?,Qwen/Qwen2.5-VL-3B-Instruct,306,batch1,r
fr55,2,The faucet.,Qwen/Qwen2.5-VL-3B-Instruct,306,batch1,r
fr56,3,The quill pen,Qwen/Qwen2.5-VL-3B-Instruct,306,batch1,r
fr57,2,The bank,Qwen/Qwen2.5-VL-3B-Instruct,306,batch1,r
fr58,3,The people,Qwen/Qwen2.5-VL-3B-Instruct,306,batch1,r
fr59,1,The laughing man.,Qwen/Qwen2.5-VL-3B-Instruct,306,batch1,r
fr60,3,The woman on stage.,Qwen/Qwen2.5-VL-3B-Instruct,306,batch1,r
or1,3,the woman,Qwen/Qwen2.5-VL-3B-Instruct,343,batch1,r
or2,2,The pointy trees.,Qwen/Qwen2.5-VL-3B-Instruct,343,batch1,r
or3,4,The tray,Qwen/Qwen2.5-VL-3B-Instruct,343,batch1,r
or4,4,The man,Qwen/Qwen2.5-VL-3B-Instruct,343,batch1,r
or5,3,The baby,Qwen/Qwen2.5-VL-3B-Instruct,343,batch1,r
or6,4,The men with their hands up.,Qwen/Qwen2.5-VL-3B-Instruct,343,batch1,r
or7,1,The red rays.,Qwen/Qwen2.5-VL-3B-Instruct,343,batch1,r
or8,1,The man,Qwen/Qwen2.5-VL-3B-Instruct,343,batch1,r
or9,3,The crowd,Qwen/Qwen2.5-VL-3B-Instruct,343,batch1,r
or10,3,"""the thermos""",Qwen/Qwen2.5-VL-3B-Instruct,343,batch1,r
or11,3,The open books are at the forefront of the image.,Qwen/Qwen2.5-VL-3B-Instruct,343,batch1,r
or12,3,The kid on the bike,Qwen/Qwen2.5-VL-3B-Instruct,343,batch1,r
or13,3,The stool.,Qwen/Qwen2.5-VL-3B-Instruct,343,batch1,r
or14,3,the red bars,Qwen/Qwen2.5-VL-3B-Instruct,343,batch1,r
or15,3,The woman in jeans.,Qwen/Qwen2.5-VL-3B-Instruct,343,batch1,r
cs16,2,the kid in a striped shirt,Qwen/Qwen2.5-VL-3B-Instruct,343,batch1,r
cs17,3,The lightning,Qwen/Qwen2.5-VL-3B-Instruct,343,batch1,r
cs18,3,The building with a dome,Qwen/Qwen2.5-VL-3B-Instruct,343,batch1,r
cs19,3,the laptops,Qwen/Qwen2.5-VL-3B-Instruct,343,batch1,r
cs20,4,The man,Qwen/Qwen2.5-VL-3B-Instruct,343,batch1,r
cs21,3,The screen,Qwen/Qwen2.5-VL-3B-Instruct,343,batch1,r
cs22,2,Everything equal,Qwen/Qwen2.5-VL-3B-Instruct,343,batch1,r
cs23,3,The moon,Qwen/Qwen2.5-VL-3B-Instruct,343,batch1,r
cs24,3,The phone.,Qwen/Qwen2.5-VL-3B-Instruct,343,batch1,r
cs25,1,The light,Qwen/Qwen2.5-VL-3B-Instruct,343,batch1,r
cs26,2,The air pump,Qwen/Qwen2.5-VL-3B-Instruct,343,batch1,r
cs27,2,the woman's left foot,Qwen/Qwen2.5-VL-3B-Instruct,343,batch1,r
cs29,2,The man with a beard is at the most front of this image.,Qwen/Qwen2.5-VL-3B-Instruct,343,batch1,r
cs30,4,The flasks.,Qwen/Qwen2.5-VL-3B-Instruct,343,batch1,r
de31,3,the dog collar,Qwen/Qwen2.5-VL-3B-Instruct,343,batch1,r
de32,2,the diamond,Qwen/Qwen2.5-VL-3B-Instruct,343,batch1,r
de33,1,The torch,Qwen/Qwen2.5-VL-3B-Instruct,343,batch1,r
de34,1,The mug,Qwen/Qwen2.5-VL-3B-Instruct,343,batch1,r
de35,4,The magnifying glass,Qwen/Qwen2.5-VL-3B-Instruct,343,batch1,r
de36,4,The cigarette,Qwen/Qwen2.5-VL-3B-Instruct,343,batch1,r
de38,3,The bike,Qwen/Qwen2.5-VL-3B-Instruct,343,batch1,r
de39,3,The mug is at the most front of this image.,Qwen/Qwen2.5-VL-3B-Instruct,343,batch1,r
de40,1,the couch,Qwen/Qwen2.5-VL-3B-Instruct,343,batch1,r
de41,3,The fingerprint scanner,Qwen/Qwen2.5-VL-3B-Instruct,343,batch1,r
de42,1,The solar panels.,Qwen/Qwen2.5-VL-3B-Instruct,343,batch1,r
de43,1,The puzzles,Qwen/Qwen2.5-VL-3B-Instruct,343,batch1,r
de44,2,The magnifying glass,Qwen/Qwen2.5-VL-3B-Instruct,343,batch1,r
de45,2,VR goggles,Qwen/Qwen2.5-VL-3B-Instruct,343,batch1,r
fr46,4,The blackboard,Qwen/Qwen2.5-VL-3B-Instruct,343,batch1,r
fr47,1,The couple,Qwen/Qwen2.5-VL-3B-Instruct,343,batch1,r
fr48,4,The bathtub,Qwen/Qwen2.5-VL-3B-Instruct,343,batch1,r
fr49,3,The person holding a pen,Qwen/Qwen2.5-VL-3B-Instruct,343,batch1,r
fr50,3,The animal,Qwen/Qwen2.5-VL-3B-Instruct,343,batch1,r
fr51,1,The soldiers facing forward are at the forefront of the image.,Qwen/Qwen2.5-VL-3B-Instruct,343,batch1,r
fr52,4,The water,Qwen/Qwen2.5-VL-3B-Instruct,343,batch1,r
fr53,3,The helicopter,Qwen/Qwen2.5-VL-3B-Instruct,343,batch1,r
fr54,3,The piggy bank.,Qwen/Qwen2.5-VL-3B-Instruct,343,batch1,r
fr55,4,The faucet,Qwen/Qwen2.5-VL-3B-Instruct,343,batch1,r
fr56,2,The candle.,Qwen/Qwen2.5-VL-3B-Instruct,343,batch1,r
fr57,3,The bank,Qwen/Qwen2.5-VL-3B-Instruct,343,batch1,r
fr58,1,the hammer,Qwen/Qwen2.5-VL-3B-Instruct,343,batch1,r
fr59,2,The laughing man,Qwen/Qwen2.5-VL-3B-Instruct,343,batch1,r
fr60,3,The woman on stage.,Qwen/Qwen2.5-VL-3B-Instruct,343,batch1,r
or1,2,The woman,Qwen/Qwen2.5-VL-3B-Instruct,409,batch1,r
or2,2,The skyscrapers.,Qwen/Qwen2.5-VL-3B-Instruct,409,batch1,r
or3,1,The tray,Qwen/Qwen2.5-VL-3B-Instruct,409,batch1,r
or4,1,The man,Qwen/Qwen2.5-VL-3B-Instruct,409,batch1,r
or5,3,The suitcase,Qwen/Qwen2.5-VL-3B-Instruct,409,batch1,r
or6,4,The men with their hands up,Qwen/Qwen2.5-VL-3B-Instruct,409,batch1,r
or7,4,The red rays.,Qwen/Qwen2.5-VL-3B-Instruct,409,batch1,r
or8,3,Man,Qwen/Qwen2.5-VL-3B-Instruct,409,batch1,r
or9,3,the crowd,Qwen/Qwen2.5-VL-3B-Instruct,409,batch1,r
or10,4,The man's right hand.,Qwen/Qwen2.5-VL-3B-Instruct,409,batch1,r
or11,4,"Only say the open books, the woman holding a pen, or the lights on",Qwen/Qwen2.5-VL-3B-Instruct,409,batch1,r
or12,2,The kid on the bike,Qwen/Qwen2.5-VL-3B-Instruct,409,batch1,r
or13,3,the stool,Qwen/Qwen2.5-VL-3B-Instruct,409,batch1,r
or14,3,The green bars.,Qwen/Qwen2.5-VL-3B-Instruct,409,batch1,r
or15,1,the lime,Qwen/Qwen2.5-VL-3B-Instruct,409,batch1,r
cs16,2,The kid in a striped shirt.,Qwen/Qwen2.5-VL-3B-Instruct,409,batch1,r
cs17,3,Everything equal.,Qwen/Qwen2.5-VL-3B-Instruct,409,batch1,r
cs18,2,The elephant,Qwen/Qwen2.5-VL-3B-Instruct,409,batch1,r
cs19,4,laptops,Qwen/Qwen2.5-VL-3B-Instruct,409,batch1,r
cs20,3,The man,Qwen/Qwen2.5-VL-3B-Instruct,409,batch1,r
cs21,3,The kid in a yellow shirt,Qwen/Qwen2.5-VL-3B-Instruct,409,batch1,r
cs22,1,Everything equal,Qwen/Qwen2.5-VL-3B-Instruct,409,batch1,r
cs23,1,The moon,Qwen/Qwen2.5-VL-3B-Instruct,409,batch1,r
cs24,2,The phone,Qwen/Qwen2.5-VL-3B-Instruct,409,batch1,r
cs25,1,The light,Qwen/Qwen2.5-VL-3B-Instruct,409,batch1,r
cs26,4,The air pump,Qwen/Qwen2.5-VL-3B-Instruct,409,batch1,r
cs27,3,The woman's left foot,Qwen/Qwen2.5-VL-3B-Instruct,409,batch1,r
cs28,2,The liver.,Qwen/Qwen2.5-VL-3B-Instruct,409,batch1,r
cs29,3,cannot say,Qwen/Qwen2.5-VL-3B-Instruct,409,batch1,r
cs30,3,The flasks.,Qwen/Qwen2.5-VL-3B-Instruct,409,batch1,r
de31,3,the dog collar,Qwen/Qwen2.5-VL-3B-Instruct,409,batch1,r
de32,1,The diamond,Qwen/Qwen2.5-VL-3B-Instruct,409,batch1,r
de33,2,The torch,Qwen/Qwen2.5-VL-3B-Instruct,409,batch1,r
de34,2,The mug,Qwen/Qwen2.5-VL-3B-Instruct,409,batch1,r
de35,1,The magnifying glass,Qwen/Qwen2.5-VL-3B-Instruct,409,batch1,r
de36,2,The cigarette box,Qwen/Qwen2.5-VL-3B-Instruct,409,batch1,r
de37,1,The people,Qwen/Qwen2.5-VL-3B-Instruct,409,batch1,r
de38,1,bike,Qwen/Qwen2.5-VL-3B-Instruct,409,batch1,r
de39,2,The mug,Qwen/Qwen2.5-VL-3B-Instruct,409,batch1,r
de40,3,The little girl,Qwen/Qwen2.5-VL-3B-Instruct,409,batch1,r
de41,1,The fingerprint scanner,Qwen/Qwen2.5-VL-3B-Instruct,409,batch1,r
de42,1,The big window.,Qwen/Qwen2.5-VL-3B-Instruct,409,batch1,r
de43,3,The puzzle pieces,Qwen/Qwen2.5-VL-3B-Instruct,409,batch1,r
de44,4,The book with a brick on it.,Qwen/Qwen2.5-VL-3B-Instruct,409,batch1,r
de45,4,The VR goggles are at the forefront of the image.,Qwen/Qwen2.5-VL-3B-Instruct,409,batch1,r
fr46,2,the blackboard,Qwen/Qwen2.5-VL-3B-Instruct,409,batch1,r
fr47,1,The couple,Qwen/Qwen2.5-VL-3B-Instruct,409,batch1,r
fr48,3,The bathtub.,Qwen/Qwen2.5-VL-3B-Instruct,409,batch1,r
fr49,1,The person holding a pen.,Qwen/Qwen2.5-VL-3B-Instruct,409,batch1,r
fr50,1,Animal,Qwen/Qwen2.5-VL-3B-Instruct,409,batch1,r
fr51,2,the soldiers facing forward,Qwen/Qwen2.5-VL-3B-Instruct,409,batch1,r
fr52,4,The water,Qwen/Qwen2.5-VL-3B-Instruct,409,batch1,r
fr53,1,The helicopter,Qwen/Qwen2.5-VL-3B-Instruct,409,batch1,r
fr54,3,the piggy bank,Qwen/Qwen2.5-VL-3B-Instruct,409,batch1,r
fr55,3,The faucet,Qwen/Qwen2.5-VL-3B-Instruct,409,batch1,r
fr56,3,The candle,Qwen/Qwen2.5-VL-3B-Instruct,409,batch1,r
fr57,3,The bank.,Qwen/Qwen2.5-VL-3B-Instruct,409,batch1,r
fr58,3,the people,Qwen/Qwen2.5-VL-3B-Instruct,409,batch1,r
fr59,3,The woman with a notepad.,Qwen/Qwen2.5-VL-3B-Instruct,409,batch1,r
fr60,2,the woman on stage,Qwen/Qwen2.5-VL-3B-Instruct,409,batch1,r
or16,3,The heart-shaped tree.,Qwen/Qwen2.5-VL-3B-Instruct,112,batch2,r
or17,4,The lightning.,Qwen/Qwen2.5-VL-3B-Instruct,112,batch2,r
or18,3,The elephant,Qwen/Qwen2.5-VL-3B-Instruct,112,batch2,r
or19,1,The laptops,Qwen/Qwen2.5-VL-3B-Instruct,112,batch2,r
or20,3,The man,Qwen/Qwen2.5-VL-3B-Instruct,112,batch2,r
or21,4,The plants,Qwen/Qwen2.5-VL-3B-Instruct,112,batch2,r
or22,4,sun,Qwen/Qwen2.5-VL-3B-Instruct,112,batch2,r
or23,1,The door,Qwen/Qwen2.5-VL-3B-Instruct,112,batch2,r
or24,3,the phone,Qwen/Qwen2.5-VL-3B-Instruct,112,batch2,r
or25,1,The woman holding a note.,Qwen/Qwen2.5-VL-3B-Instruct,112,batch2,r
or26,4,The air pump,Qwen/Qwen2.5-VL-3B-Instruct,112,batch2,r
or27,3,The woman's left foot,Qwen/Qwen2.5-VL-3B-Instruct,112,batch2,r
or28,4,Liver,Qwen/Qwen2.5-VL-3B-Instruct,112,batch2,r
or29,4,cannot say,Qwen/Qwen2.5-VL-3B-Instruct,112,batch2,r
or30,4,Cannot say.,Qwen/Qwen2.5-VL-3B-Instruct,112,batch2,r
cs31,2,the dog collar,Qwen/Qwen2.5-VL-3B-Instruct,112,batch2,r
cs32,1,The diamond.,Qwen/Qwen2.5-VL-3B-Instruct,112,batch2,r
cs33,1,The torch.,Qwen/Qwen2.5-VL-3B-Instruct,112,batch2,r
cs34,2,The mug,Qwen/Qwen2.5-VL-3B-Instruct,112,batch2,r
cs36,4,The cigarette box,Qwen/Qwen2.5-VL-3B-Instruct,112,batch2,r
cs37,1,The people,Qwen/Qwen2.5-VL-3B-Instruct,112,batch2,r
cs38,4,The bike,Qwen/Qwen2.5-VL-3B-Instruct,112,batch2,r
cs39,3,The mug is at the most front of this image.,Qwen/Qwen2.5-VL-3B-Instruct,112,batch2,r
cs40,2,The couch,Qwen/Qwen2.5-VL-3B-Instruct,112,batch2,r
cs41,3,The fingerprint scanner.,Qwen/Qwen2.5-VL-3B-Instruct,112,batch2,r
cs42,2,The solar panels.,Qwen/Qwen2.5-VL-3B-Instruct,112,batch2,r
cs43,2,The puzzle pieces,Qwen/Qwen2.5-VL-3B-Instruct,112,batch2,r
cs44,3,The book with a brick on it.,Qwen/Qwen2.5-VL-3B-Instruct,112,batch2,r
cs45,4,The VR goggles.,Qwen/Qwen2.5-VL-3B-Instruct,112,batch2,r
de46,4,The scale,Qwen/Qwen2.5-VL-3B-Instruct,112,batch2,r
de47,2,The couple.,Qwen/Qwen2.5-VL-3B-Instruct,112,batch2,r
de48,4,the bathtub,Qwen/Qwen2.5-VL-3B-Instruct,112,batch2,r
de49,3,The person holding a pen.,Qwen/Qwen2.5-VL-3B-Instruct,112,batch2,r
de51,2,the soldiers facing forward,Qwen/Qwen2.5-VL-3B-Instruct,112,batch2,r
de52,1,The water.,Qwen/Qwen2.5-VL-3B-Instruct,112,batch2,r
de53,2,helicopter,Qwen/Qwen2.5-VL-3B-Instruct,112,batch2,r
de54,3,The piggy bank is at the most front of the image.,Qwen/Qwen2.5-VL-3B-Instruct,112,batch2,r
de55,4,The faucet,Qwen/Qwen2.5-VL-3B-Instruct,112,batch2,r
de56,3,The quill pen,Qwen/Qwen2.5-VL-3B-Instruct,112,batch2,r
de57,2,The Pig Broken in Half,Qwen/Qwen2.5-VL-3B-Instruct,112,batch2,r
de58,4,The hammer,Qwen/Qwen2.5-VL-3B-Instruct,112,batch2,r
de59,1,the laughing man,Qwen/Qwen2.5-VL-3B-Instruct,112,batch2,r
de60,2,The woman on stage.,Qwen/Qwen2.5-VL-3B-Instruct,112,batch2,r
fr61,1,The cylinders.,Qwen/Qwen2.5-VL-3B-Instruct,112,batch2,r
fr62,2,The magnifying glass,Qwen/Qwen2.5-VL-3B-Instruct,112,batch2,r
fr63,4,The corn.,Qwen/Qwen2.5-VL-3B-Instruct,112,batch2,r
fr64,1,The glove is at the most front of this image.,Qwen/Qwen2.5-VL-3B-Instruct,112,batch2,r
fr65,3,the ball next to a monitor,Qwen/Qwen2.5-VL-3B-Instruct,112,batch2,r
fr66,4,The hourglass,Qwen/Qwen2.5-VL-3B-Instruct,112,batch2,r
fr67,2,The yellow balls.,Qwen/Qwen2.5-VL-3B-Instruct,112,batch2,r
fr68,2,The shield,Qwen/Qwen2.5-VL-3B-Instruct,112,batch2,r
fr69,4,The sitting man wearing a hat.,Qwen/Qwen2.5-VL-3B-Instruct,112,batch2,r
fr70,3,The arrow.,Qwen/Qwen2.5-VL-3B-Instruct,112,batch2,r
fr71,3,The fire truck is at the most front of this image.,Qwen/Qwen2.5-VL-3B-Instruct,112,batch2,r
fr72,3,The red flower-shaped object with a pointy middle is at the most front of,Qwen/Qwen2.5-VL-3B-Instruct,112,batch2,r
fr73,1,The lamps,Qwen/Qwen2.5-VL-3B-Instruct,112,batch2,r
fr74,4,The person in a yellow shirt,Qwen/Qwen2.5-VL-3B-Instruct,112,batch2,r
fr75,2,The trees in the lower left corner are at the most front of this image.,Qwen/Qwen2.5-VL-3B-Instruct,112,batch2,r
or16,1,The kid in a striped shirt is at the most front of the image.,Qwen/Qwen2.5-VL-3B-Instruct,181,batch2,r
or17,3,Everything equal,Qwen/Qwen2.5-VL-3B-Instruct,181,batch2,r
or18,3,the elephant,Qwen/Qwen2.5-VL-3B-Instruct,181,batch2,r
or19,3,The man in a wheelchair.,Qwen/Qwen2.5-VL-3B-Instruct,181,batch2,r
or20,2,The man,Qwen/Qwen2.5-VL-3B-Instruct,181,batch2,r
or21,2,The kid in a yellow shirt,Qwen/Qwen2.5-VL-3B-Instruct,181,batch2,r
or22,3,Everything equal,Qwen/Qwen2.5-VL-3B-Instruct,181,batch2,r
or23,1,The staircase,Qwen/Qwen2.5-VL-3B-Instruct,181,batch2,r
or24,2,The phone is the most front in this image.,Qwen/Qwen2.5-VL-3B-Instruct,181,batch2,r
or25,1,the big circle,Qwen/Qwen2.5-VL-3B-Instruct,181,batch2,r
or26,4,The air pump,Qwen/Qwen2.5-VL-3B-Instruct,181,batch2,r
or27,4,the woman's left foot,Qwen/Qwen2.5-VL-3B-Instruct,181,batch2,r
or28,4,The liver.,Qwen/Qwen2.5-VL-3B-Instruct,181,batch2,r
or29,4,The man with a beard.,Qwen/Qwen2.5-VL-3B-Instruct,181,batch2,r
or30,4,The flasks.,Qwen/Qwen2.5-VL-3B-Instruct,181,batch2,r
cs31,1,The dog collar,Qwen/Qwen2.5-VL-3B-Instruct,181,batch2,r
cs32,3,The diamond,Qwen/Qwen2.5-VL-3B-Instruct,181,batch2,r
cs33,1,The torch,Qwen/Qwen2.5-VL-3B-Instruct,181,batch2,r
cs34,4,The mug,Qwen/Qwen2.5-VL-3B-Instruct,181,batch2,r
cs35,4,the magnifying glass,Qwen/Qwen2.5-VL-3B-Instruct,181,batch2,r
cs36,4,The cigarette,Qwen/Qwen2.5-VL-3B-Instruct,181,batch2,r
cs37,1,The people.,Qwen/Qwen2.5-VL-3B-Instruct,181,batch2,r
cs38,1,The bike,Qwen/Qwen2.5-VL-3B-Instruct,181,batch2,r
cs39,3,The mug,Qwen/Qwen2.5-VL-3B-Instruct,181,batch2,r
cs41,2,The fingerprint scanner,Qwen/Qwen2.5-VL-3B-Instruct,181,batch2,r
cs42,1,The solar panels.,Qwen/Qwen2.5-VL-3B-Instruct,181,batch2,r
cs43,3,The puzzle pieces,Qwen/Qwen2.5-VL-3B-Instruct,181,batch2,r
cs44,3,The book with a brick on it,Qwen/Qwen2.5-VL-3B-Instruct,181,batch2,r
cs45,4,The VR goggles.,Qwen/Qwen2.5-VL-3B-Instruct,181,batch2,r
de46,2,The scale,Qwen/Qwen2.5-VL-3B-Instruct,181,batch2,r
de47,1,The couple,Qwen/Qwen2.5-VL-3B-Instruct,181,batch2,r
de48,4,the bathtub,Qwen/Qwen2.5-VL-3B-Instruct,181,batch2,r
de49,1,The person holding a pen.,Qwen/Qwen2.5-VL-3B-Instruct,181,batch2,r
de50,1,The animal,Qwen/Qwen2.5-VL-3B-Instruct,181,batch2,r
de51,1,"the soldiers facing forward, the helicopter on the left",Qwen/Qwen2.5-VL-3B-Instruct,181,batch2,r
de52,2,The water,Qwen/Qwen2.5-VL-3B-Instruct,181,batch2,r
de53,3,The helicopter.,Qwen/Qwen2.5-VL-3B-Instruct,181,batch2,r
de54,2,The piggy bank.,Qwen/Qwen2.5-VL-3B-Instruct,181,batch2,r
de55,3,The faucet.,Qwen/Qwen2.5-VL-3B-Instruct,181,batch2,r
de56,3,Quill pen,Qwen/Qwen2.5-VL-3B-Instruct,181,batch2,r
de57,4,The bank,Qwen/Qwen2.5-VL-3B-Instruct,181,batch2,r
de58,4,The hammer,Qwen/Qwen2.5-VL-3B-Instruct,181,batch2,r
de59,1,The laughing man,Qwen/Qwen2.5-VL-3B-Instruct,181,batch2,r
de60,3,The orchestra,Qwen/Qwen2.5-VL-3B-Instruct,181,batch2,r
fr61,3,The cylinders are at the most front of this image.,Qwen/Qwen2.5-VL-3B-Instruct,181,batch2,r
fr62,1,The people,Qwen/Qwen2.5-VL-3B-Instruct,181,batch2,r
fr63,2,The tractor,Qwen/Qwen2.5-VL-3B-Instruct,181,batch2,r
fr64,4,The magnifying glass,Qwen/Qwen2.5-VL-3B-Instruct,181,batch2,r
fr65,3,the ape,Qwen/Qwen2.5-VL-3B-Instruct,181,batch2,r
fr67,3,the yellow balls,Qwen/Qwen2.5-VL-3B-Instruct,181,batch2,r
fr68,3,The shield,Qwen/Qwen2.5-VL-3B-Instruct,181,batch2,r
fr69,2,The sitting man wearing a hat.,Qwen/Qwen2.5-VL-3B-Instruct,181,batch2,r
fr70,1,The arrow.,Qwen/Qwen2.5-VL-3B-Instruct,181,batch2,r
fr71,1,The flames,Qwen/Qwen2.5-VL-3B-Instruct,181,batch2,r
fr72,3,The red flower-shaped object with a pointy middle,Qwen/Qwen2.5-VL-3B-Instruct,181,batch2,r
fr73,1,The lamps.,Qwen/Qwen2.5-VL-3B-Instruct,181,batch2,r
fr74,3,Everything Equal,Qwen/Qwen2.5-VL-3B-Instruct,181,batch2,r
or16,3,The heart-shaped tree.,Qwen/Qwen2.5-VL-3B-Instruct,213,batch2,r
or17,3,The brain,Qwen/Qwen2.5-VL-3B-Instruct,213,batch2,r
or18,4,The check mark.,Qwen/Qwen2.5-VL-3B-Instruct,213,batch2,r
or19,3,the man in a wheelchair,Qwen/Qwen2.5-VL-3B-Instruct,213,batch2,r
or20,4,The man,Qwen/Qwen2.5-VL-3B-Instruct,213,batch2,r
or21,3,The kid in a yellow shirt,Qwen/Qwen2.5-VL-3B-Instruct,213,batch2,r
or22,3,sun,Qwen/Qwen2.5-VL-3B-Instruct,213,batch2,r
or23,3,The door,Qwen/Qwen2.5-VL-3B-Instruct,213,batch2,r
or24,4,The phone,Qwen/Qwen2.5-VL-3B-Instruct,213,batch2,r
or25,4,The light,Qwen/Qwen2.5-VL-3B-Instruct,213,batch2,r
or26,2,The air pump.,Qwen/Qwen2.5-VL-3B-Instruct,213,batch2,r
or27,2,The woman's left foot,Qwen/Qwen2.5-VL-3B-Instruct,213,batch2,r
or28,3,The liver.,Qwen/Qwen2.5-VL-3B-Instruct,213,batch2,r
or29,3,The man with a beard is at the most front of this image.,Qwen/Qwen2.5-VL-3B-Instruct,213,batch2,r
or30,3,The flasks,Qwen/Qwen2.5-VL-3B-Instruct,213,batch2,r
cs31,3,The dog collar is at the most front of this image.,Qwen/Qwen2.5-VL-3B-Instruct,213,batch2,r
cs32,3,The person.,Qwen/Qwen2.5-VL-3B-Instruct,213,batch2,r
cs33,3,The torch.,Qwen/Qwen2.5-VL-3B-Instruct,213,batch2,r
cs34,1,the mug,Qwen/Qwen2.5-VL-3B-Instruct,213,batch2,r
cs35,1,The standing people,Qwen/Qwen2.5-VL-3B-Instruct,213,batch2,r
cs36,4,The cigarette,Qwen/Qwen2.5-VL-3B-Instruct,213,batch2,r
cs37,1,The people.,Qwen/Qwen2.5-VL-3B-Instruct,213,batch2,r
cs38,1,the bike,Qwen/Qwen2.5-VL-3B-Instruct,213,batch2,r
cs39,2,the mug,Qwen/Qwen2.5-VL-3B-Instruct,213,batch2,r
cs41,3,The fingerprint scanner.,Qwen/Qwen2.5-VL-3B-Instruct,213,batch2,r
cs43,1,The puzzle pieces,Qwen/Qwen2.5-VL-3B-Instruct,213,batch2,r
cs44,2,The magnifying glass,Qwen/Qwen2.5-VL-3B-Instruct,213,batch2,r
cs45,1,The VR goggle is at the most front of this image.,Qwen/Qwen2.5-VL-3B-Instruct,213,batch2,r
de46,3,The scale is at the forefront of this image.,Qwen/Qwen2.5-VL-3B-Instruct,213,batch2,r
de47,4,the couple,Qwen/Qwen2.5-VL-3B-Instruct,213,batch2,r
de48,3,the bathtub,Qwen/Qwen2.5-VL-3B-Instruct,213,batch2,r
de49,3,The person holding a pen is at the most front of this image.,Qwen/Qwen2.5-VL-3B-Instruct,213,batch2,r
de51,1,The soldiers facing forward are at the most front of the image.,Qwen/Qwen2.5-VL-3B-Instruct,213,batch2,r
de52,1,The water.,Qwen/Qwen2.5-VL-3B-Instruct,213,batch2,r
de53,4,The helicopter,Qwen/Qwen2.5-VL-3B-Instruct,213,batch2,r
de54,3,The clock is at the most front in the upper left corner of the image.,Qwen/Qwen2.5-VL-3B-Instruct,213,batch2,r
de55,4,The faucet.,Qwen/Qwen2.5-VL-3B-Instruct,213,batch2,r
de56,3,The quill pen.,Qwen/Qwen2.5-VL-3B-Instruct,213,batch2,r
de57,3,bank,Qwen/Qwen2.5-VL-3B-Instruct,213,batch2,r
de58,2,The people,Qwen/Qwen2.5-VL-3B-Instruct,213,batch2,r
de59,2,The woman with the notepad,Qwen/Qwen2.5-VL-3B-Instruct,213,batch2,r
de60,4,The woman on stage.,Qwen/Qwen2.5-VL-3B-Instruct,213,batch2,r
fr61,3,The cylinders,Qwen/Qwen2.5-VL-3B-Instruct,213,batch2,r
fr62,4,the seal,Qwen/Qwen2.5-VL-3B-Instruct,213,batch2,r
fr63,3,Tomatoes,Qwen/Qwen2.5-VL-3B-Instruct,213,batch2,r
fr64,3,The glove is at the most front of this image.,Qwen/Qwen2.5-VL-3B-Instruct,213,batch2,r
fr65,2,The ape.,Qwen/Qwen2.5-VL-3B-Instruct,213,batch2,r
fr66,1,The hourglass is at the most front of the image.,Qwen/Qwen2.5-VL-3B-Instruct,213,batch2,r
fr67,1,The yellow balls,Qwen/Qwen2.5-VL-3B-Instruct,213,batch2,r
fr68,3,The shield.,Qwen/Qwen2.5-VL-3B-Instruct,213,batch2,r
fr69,3,the sitting man wearing a hat,Qwen/Qwen2.5-VL-3B-Instruct,213,batch2,r
fr70,2,the arrow,Qwen/Qwen2.5-VL-3B-Instruct,213,batch2,r
fr71,3,The flames.,Qwen/Qwen2.5-VL-3B-Instruct,213,batch2,r
fr72,2,The red flower-shaped object with a pointy middle is at the most front of,Qwen/Qwen2.5-VL-3B-Instruct,213,batch2,r
fr73,3,The lamps.,Qwen/Qwen2.5-VL-3B-Instruct,213,batch2,r
fr74,2,The person in a yellow shirt is at the forefront of the image.,Qwen/Qwen2.5-VL-3B-Instruct,213,batch2,r
fr75,4,Trees in the lower left corner,Qwen/Qwen2.5-VL-3B-Instruct,213,batch2,r
or16,3,The heart-shaped tree.,Qwen/Qwen2.5-VL-3B-Instruct,277,batch2,r
or17,3,The lightning.,Qwen/Qwen2.5-VL-3B-Instruct,277,batch2,r
or18,4,the check mark,Qwen/Qwen2.5-VL-3B-Instruct,277,batch2,r
or19,3,The man in a wheelchair,Qwen/Qwen2.5-VL-3B-Instruct,277,batch2,r
or20,4,man,Qwen/Qwen2.5-VL-3B-Instruct,277,batch2,r
or21,3,The kid in a yellow shirt is at the most front of this image.,Qwen/Qwen2.5-VL-3B-Instruct,277,batch2,r
or22,3,the sun,Qwen/Qwen2.5-VL-3B-Instruct,277,batch2,r
or23,2,The door,Qwen/Qwen2.5-VL-3B-Instruct,277,batch2,r
or24,2,The phone,Qwen/Qwen2.5-VL-3B-Instruct,277,batch2,r
or25,1,The big circle.,Qwen/Qwen2.5-VL-3B-Instruct,277,batch2,r
or26,3,The air pump,Qwen/Qwen2.5-VL-3B-Instruct,277,batch2,r
or27,2,The woman's left foot,Qwen/Qwen2.5-VL-3B-Instruct,277,batch2,r
or28,3,Liver,Qwen/Qwen2.5-VL-3B-Instruct,277,batch2,r
or29,1,The man with a beard is at the most front of this image.,Qwen/Qwen2.5-VL-3B-Instruct,277,batch2,r
or30,1,The flasks,Qwen/Qwen2.5-VL-3B-Instruct,277,batch2,r
cs31,3,The dog collar.,Qwen/Qwen2.5-VL-3B-Instruct,277,batch2,r
cs32,3,The diamond,Qwen/Qwen2.5-VL-3B-Instruct,277,batch2,r
cs33,2,The torch,Qwen/Qwen2.5-VL-3B-Instruct,277,batch2,r
cs34,3,The mug,Qwen/Qwen2.5-VL-3B-Instruct,277,batch2,r
cs35,1,The magnifying glass,Qwen/Qwen2.5-VL-3B-Instruct,277,batch2,r
cs36,4,The cigarette,Qwen/Qwen2.5-VL-3B-Instruct,277,batch2,r
cs37,3,The people.,Qwen/Qwen2.5-VL-3B-Instruct,277,batch2,r
cs38,1,The bike,Qwen/Qwen2.5-VL-3B-Instruct,277,batch2,r
cs39,3,The mug is at the forefront of this image.,Qwen/Qwen2.5-VL-3B-Instruct,277,batch2,r
cs40,2,The little girl,Qwen/Qwen2.5-VL-3B-Instruct,277,batch2,r
cs41,2,The fingerprint scanner,Qwen/Qwen2.5-VL-3B-Instruct,277,batch2,r
cs42,2,the bigger globe,Qwen/Qwen2.5-VL-3B-Instruct,277,batch2,r
cs43,3,The puzzle pieces,Qwen/Qwen2.5-VL-3B-Instruct,277,batch2,r
cs44,3,The magnifying glass,Qwen/Qwen2.5-VL-3B-Instruct,277,batch2,r
cs45,3,The VR goggles.,Qwen/Qwen2.5-VL-3B-Instruct,277,batch2,r
de46,3,The door on the left.,Qwen/Qwen2.5-VL-3B-Instruct,277,batch2,r
de47,1,The couple,Qwen/Qwen2.5-VL-3B-Instruct,277,batch2,r
de48,4,The bathtub,Qwen/Qwen2.5-VL-3B-Instruct,277,batch2,r
de49,1,The person holding a pen.,Qwen/Qwen2.5-VL-3B-Instruct,277,batch2,r
de50,1,The animal,Qwen/Qwen2.5-VL-3B-Instruct,277,batch2,r
de51,2,The soldiers facing forward are at the most front of the image.,Qwen/Qwen2.5-VL-3B-Instruct,277,batch2,r
de52,3,Only say the water.,Qwen/Qwen2.5-VL-3B-Instruct,277,batch2,r
de53,3,The helicopter is at the most front of this image.,Qwen/Qwen2.5-VL-3B-Instruct,277,batch2,r
de54,3,The piggy bank.,Qwen/Qwen2.5-VL-3B-Instruct,277,batch2,r
de55,3,The faucet,Qwen/Qwen2.5-VL-3B-Instruct,277,batch2,r
de56,3,The candle,Qwen/Qwen2.5-VL-3B-Instruct,277,batch2,r
de57,4,The bank.,Qwen/Qwen2.5-VL-3B-Instruct,277,batch2,r
de58,1,The people,Qwen/Qwen2.5-VL-3B-Instruct,277,batch2,r
de59,1,The woman with the notepad.,Qwen/Qwen2.5-VL-3B-Instruct,277,batch2,r
de60,1,The woman on stage.,Qwen/Qwen2.5-VL-3B-Instruct,277,batch2,r
fr61,4,The cylinders,Qwen/Qwen2.5-VL-3B-Instruct,277,batch2,r
fr62,3,The seal is at the most front of this image.,Qwen/Qwen2.5-VL-3B-Instruct,277,batch2,r
fr63,1,The tractor,Qwen/Qwen2.5-VL-3B-Instruct,277,batch2,r
fr64,2,The magnifying glass,Qwen/Qwen2.5-VL-3B-Instruct,277,batch2,r
fr65,3,The ball next to a monitor,Qwen/Qwen2.5-VL-3B-Instruct,277,batch2,r
fr67,2,The yellow balls.,Qwen/Qwen2.5-VL-3B-Instruct,277,batch2,r
fr68,3,The shield.,Qwen/Qwen2.5-VL-3B-Instruct,277,batch2,r
fr69,2,The sitting man wearing a hat,Qwen/Qwen2.5-VL-3B-Instruct,277,batch2,r
fr70,1,Arrow,Qwen/Qwen2.5-VL-3B-Instruct,277,batch2,r
fr71,1,The flames,Qwen/Qwen2.5-VL-3B-Instruct,277,batch2,r
fr72,3,The green flower-shaped object.,Qwen/Qwen2.5-VL-3B-Instruct,277,batch2,r
fr73,1,The lamps,Qwen/Qwen2.5-VL-3B-Instruct,277,batch2,r
fr74,1,the person in a yellow shirt,Qwen/Qwen2.5-VL-3B-Instruct,277,batch2,r
fr75,1,The trees in the lower left corner.,Qwen/Qwen2.5-VL-3B-Instruct,277,batch2,r
or17,3,The brain,Qwen/Qwen2.5-VL-3B-Instruct,359,batch2,r
or18,3,The elephant,Qwen/Qwen2.5-VL-3B-Instruct,359,batch2,r
or19,4,The man in a wheelchair,Qwen/Qwen2.5-VL-3B-Instruct,359,batch2,r
or20,4,the man,Qwen/Qwen2.5-VL-3B-Instruct,359,batch2,r
or21,4,The screen,Qwen/Qwen2.5-VL-3B-Instruct,359,batch2,r
or22,4,Everything equal,Qwen/Qwen2.5-VL-3B-Instruct,359,batch2,r
or23,2,The door,Qwen/Qwen2.5-VL-3B-Instruct,359,batch2,r
or24,3,The phone.,Qwen/Qwen2.5-VL-3B-Instruct,359,batch2,r
or25,4,The light,Qwen/Qwen2.5-VL-3B-Instruct,359,batch2,r
or26,1,The air pump.,Qwen/Qwen2.5-VL-3B-Instruct,359,batch2,r
or27,3,The woman's left foot,Qwen/Qwen2.5-VL-3B-Instruct,359,batch2,r
or28,2,The pig,Qwen/Qwen2.5-VL-3B-Instruct,359,batch2,r
or29,3,cannot say,Qwen/Qwen2.5-VL-3B-Instruct,359,batch2,r
or30,3,Cannot say,Qwen/Qwen2.5-VL-3B-Instruct,359,batch2,r
cs31,1,The dog collar is at the most front of this image.,Qwen/Qwen2.5-VL-3B-Instruct,359,batch2,r
cs32,2,The diamond.,Qwen/Qwen2.5-VL-3B-Instruct,359,batch2,r
cs33,2,The sun.,Qwen/Qwen2.5-VL-3B-Instruct,359,batch2,r
cs34,1,The mug,Qwen/Qwen2.5-VL-3B-Instruct,359,batch2,r
cs35,1,The magnifying glass,Qwen/Qwen2.5-VL-3B-Instruct,359,batch2,r
cs36,3,The cigarette,Qwen/Qwen2.5-VL-3B-Instruct,359,batch2,r
cs37,1,The people,Qwen/Qwen2.5-VL-3B-Instruct,359,batch2,r
cs38,2,The bike,Qwen/Qwen2.5-VL-3B-Instruct,359,batch2,r
cs39,2,The mug.,Qwen/Qwen2.5-VL-3B-Instruct,359,batch2,r
cs40,1,The couch,Qwen/Qwen2.5-VL-3B-Instruct,359,batch2,r
cs41,1,The fingerprint scanner,Qwen/Qwen2.5-VL-3B-Instruct,359,batch2,r
cs42,4,The solar panels.,Qwen/Qwen2.5-VL-3B-Instruct,359,batch2,r
cs43,2,The keyboard,Qwen/Qwen2.5-VL-3B-Instruct,359,batch2,r
cs44,2,The magnifying glass.,Qwen/Qwen2.5-VL-3B-Instruct,359,batch2,r
cs45,2,The VR goggles.,Qwen/Qwen2.5-VL-3B-Instruct,359,batch2,r
de46,4,The door on the left,Qwen/Qwen2.5-VL-3B-Instruct,359,batch2,r
de47,2,the couple,Qwen/Qwen2.5-VL-3B-Instruct,359,batch2,r
de48,4,The bathtub.,Qwen/Qwen2.5-VL-3B-Instruct,359,batch2,r
de49,3,The person holding a pen,Qwen/Qwen2.5-VL-3B-Instruct,359,batch2,r
de51,3,The soldiers facing forward are at the forefront of the image.,Qwen/Qwen2.5-VL-3B-Instruct,359,batch2,r
de52,3,The water.,Qwen/Qwen2.5-VL-3B-Instruct,359,batch2,r
de53,1,the helicopter,Qwen/Qwen2.5-VL-3B-Instruct,359,batch2,r
de54,1,The piggy bank.,Qwen/Qwen2.5-VL-3B-Instruct,359,batch2,r
de55,2,The faucet.,Qwen/Qwen2.5-VL-3B-Instruct,359,batch2,r
de56,3,the quill pen,Qwen/Qwen2.5-VL-3B-Instruct,359,batch2,r
de57,3,The pig broken in half,Qwen/Qwen2.5-VL-3B-Instruct,359,batch2,r
de58,3,The hammer,Qwen/Qwen2.5-VL-3B-Instruct,359,batch2,r
de59,2,The woman with a notepad is at the forefront of the image.,Qwen/Qwen2.5-VL-3B-Instruct,359,batch2,r
de60,1,the orchestra,Qwen/Qwen2.5-VL-3B-Instruct,359,batch2,r
fr61,2,The cylinders,Qwen/Qwen2.5-VL-3B-Instruct,359,batch2,r
fr62,3,The seal.,Qwen/Qwen2.5-VL-3B-Instruct,359,batch2,r
fr63,1,The tractor,Qwen/Qwen2.5-VL-3B-Instruct,359,batch2,r
fr64,3,The magnifying glass.,Qwen/Qwen2.5-VL-3B-Instruct,359,batch2,r
fr65,2,The ape.,Qwen/Qwen2.5-VL-3B-Instruct,359,batch2,r
fr67,3,The yellow balls.,Qwen/Qwen2.5-VL-3B-Instruct,359,batch2,r
fr68,4,The shield,Qwen/Qwen2.5-VL-3B-Instruct,359,batch2,r
fr69,3,The sitting man wearing a hat.,Qwen/Qwen2.5-VL-3B-Instruct,359,batch2,r
fr70,3,The arrow.,Qwen/Qwen2.5-VL-3B-Instruct,359,batch2,r
fr71,2,The flames,Qwen/Qwen2.5-VL-3B-Instruct,359,batch2,r
fr72,1,The red flower-shaped object with a pointy middle,Qwen/Qwen2.5-VL-3B-Instruct,359,batch2,r
fr73,1,The lamps.,Qwen/Qwen2.5-VL-3B-Instruct,359,batch2,r
fr74,1,The person in a yellow shirt,Qwen/Qwen2.5-VL-3B-Instruct,359,batch2,r
fr75,3,The cliffs on the right.,Qwen/Qwen2.5-VL-3B-Instruct,359,batch2,r
or16,3,The kid in a striped shirt.,Qwen/Qwen2.5-VL-3B-Instruct,410,batch2,r
or17,3,The brain.,Qwen/Qwen2.5-VL-3B-Instruct,410,batch2,r
or18,3,the check mark,Qwen/Qwen2.5-VL-3B-Instruct,410,batch2,r
or19,3,the laptops,Qwen/Qwen2.5-VL-3B-Instruct,410,batch2,r
or20,3,The man,Qwen/Qwen2.5-VL-3B-Instruct,410,batch2,r
or21,4,The screen is at the most front of this image.,Qwen/Qwen2.5-VL-3B-Instruct,410,batch2,r
or22,4,sun,Qwen/Qwen2.5-VL-3B-Instruct,410,batch2,r
or23,3,The door,Qwen/Qwen2.5-VL-3B-Instruct,410,batch2,r
or24,3,The phone.,Qwen/Qwen2.5-VL-3B-Instruct,410,batch2,r
or25,3,The big circle.,Qwen/Qwen2.5-VL-3B-Instruct,410,batch2,r
or26,1,The air pump,Qwen/Qwen2.5-VL-3B-Instruct,410,batch2,r
or27,3,The woman's left foot,Qwen/Qwen2.5-VL-3B-Instruct,410,batch2,r
or28,3,The liver.,Qwen/Qwen2.5-VL-3B-Instruct,410,batch2,r
or29,3,cannot say,Qwen/Qwen2.5-VL-3B-Instruct,410,batch2,r
or30,3,The flasks.,Qwen/Qwen2.5-VL-3B-Instruct,410,batch2,r
cs31,1,The dog collar.,Qwen/Qwen2.5-VL-3B-Instruct,410,batch2,r
cs32,3,The diamond.,Qwen/Qwen2.5-VL-3B-Instruct,410,batch2,r
cs33,4,The torch,Qwen/Qwen2.5-VL-3B-Instruct,410,batch2,r
cs34,2,The mug,Qwen/Qwen2.5-VL-3B-Instruct,410,batch2,r
cs35,3,The magnifying glass is at the most front of this image.,Qwen/Qwen2.5-VL-3B-Instruct,410,batch2,r
cs36,2,Cigarette,Qwen/Qwen2.5-VL-3B-Instruct,410,batch2,r
cs37,4,The people,Qwen/Qwen2.5-VL-3B-Instruct,410,batch2,r
cs38,3,the bike,Qwen/Qwen2.5-VL-3B-Instruct,410,batch2,r
cs39,2,The mug.,Qwen/Qwen2.5-VL-3B-Instruct,410,batch2,r
cs40,1,The little girl.,Qwen/Qwen2.5-VL-3B-Instruct,410,batch2,r
cs41,1,Fingerprint scanner,Qwen/Qwen2.5-VL-3B-Instruct,410,batch2,r
cs42,2,The bigger globe,Qwen/Qwen2.5-VL-3B-Instruct,410,batch2,r
cs43,3,The puzzle pieces,Qwen/Qwen2.5-VL-3B-Instruct,410,batch2,r
cs44,3,the book with a brick on it,Qwen/Qwen2.5-VL-3B-Instruct,410,batch2,r
cs45,1,The VR goggle.,Qwen/Qwen2.5-VL-3B-Instruct,410,batch2,r
de46,3,The scale.,Qwen/Qwen2.5-VL-3B-Instruct,410,batch2,r
de47,1,The bench.,Qwen/Qwen2.5-VL-3B-Instruct,410,batch2,r
de48,4,the bathtub,Qwen/Qwen2.5-VL-3B-Instruct,410,batch2,r
de49,2,The person holding a pen.,Qwen/Qwen2.5-VL-3B-Instruct,410,batch2,r
de50,1,the animal,Qwen/Qwen2.5-VL-3B-Instruct,410,batch2,r
de51,3,The soldiers facing forward.,Qwen/Qwen2.5-VL-3B-Instruct,410,batch2,r
de52,1,Only say the water.,Qwen/Qwen2.5-VL-3B-Instruct,410,batch2,r
de53,3,The helicopter,Qwen/Qwen2.5-VL-3B-Instruct,410,batch2,r
de54,1,The piggy bank is not at the forefront of this image. The clock is,Qwen/Qwen2.5-VL-3B-Instruct,410,batch2,r
de55,3,The faucet is at the forefront of the image.,Qwen/Qwen2.5-VL-3B-Instruct,410,batch2,r
de56,3,The candle,Qwen/Qwen2.5-VL-3B-Instruct,410,batch2,r
de57,3,The bank,Qwen/Qwen2.5-VL-3B-Instruct,410,batch2,r
de58,3,The people,Qwen/Qwen2.5-VL-3B-Instruct,410,batch2,r
de59,1,The laughing man is at the most front of this image.,Qwen/Qwen2.5-VL-3B-Instruct,410,batch2,r
de60,3,The woman on stage.,Qwen/Qwen2.5-VL-3B-Instruct,410,batch2,r
fr61,1,The cylinders.,Qwen/Qwen2.5-VL-3B-Instruct,410,batch2,r
fr62,1,Seal,Qwen/Qwen2.5-VL-3B-Instruct,410,batch2,r
fr63,4,The corn,Qwen/Qwen2.5-VL-3B-Instruct,410,batch2,r
fr64,3,Glove,Qwen/Qwen2.5-VL-3B-Instruct,410,batch2,r
fr65,3,The ape.,Qwen/Qwen2.5-VL-3B-Instruct,410,batch2,r
fr66,1,The hourglass.,Qwen/Qwen2.5-VL-3B-Instruct,410,batch2,r
fr67,3,The yellow balls.,Qwen/Qwen2.5-VL-3B-Instruct,410,batch2,r
fr68,2,The shield,Qwen/Qwen2.5-VL-3B-Instruct,410,batch2,r
fr69,1,The sitting man wearing a hat.,Qwen/Qwen2.5-VL-3B-Instruct,410,batch2,r
fr70,3,the arrow,Qwen/Qwen2.5-VL-3B-Instruct,410,batch2,r
fr71,3,The flames.,Qwen/Qwen2.5-VL-3B-Instruct,410,batch2,r
fr72,3,The red flower-shaped object with a pointy middle is at the most front of,Qwen/Qwen2.5-VL-3B-Instruct,410,batch2,r
fr73,3,The lamps,Qwen/Qwen2.5-VL-3B-Instruct,410,batch2,r
fr74,4,Everything equal,Qwen/Qwen2.5-VL-3B-Instruct,410,batch2,r
fr75,1,The trees in the lower left corner.,Qwen/Qwen2.5-VL-3B-Instruct,410,batch2,r
or16,3,The heart-shaped tree,Qwen/Qwen2.5-VL-3B-Instruct,437,batch2,r
or17,4,Everything equal.,Qwen/Qwen2.5-VL-3B-Instruct,437,batch2,r
or18,4,The check mark,Qwen/Qwen2.5-VL-3B-Instruct,437,batch2,r
or19,2,the laptops,Qwen/Qwen2.5-VL-3B-Instruct,437,batch2,r
or20,4,The man.,Qwen/Qwen2.5-VL-3B-Instruct,437,batch2,r
or21,3,The kid in a yellow shirt,Qwen/Qwen2.5-VL-3B-Instruct,437,batch2,r
or22,4,Sun,Qwen/Qwen2.5-VL-3B-Instruct,437,batch2,r
or23,3,the staircase,Qwen/Qwen2.5-VL-3B-Instruct,437,batch2,r
or24,3,cannot say and nothing else.,Qwen/Qwen2.5-VL-3B-Instruct,437,batch2,r
or25,3,The woman holding a note.,Qwen/Qwen2.5-VL-3B-Instruct,437,batch2,r
or26,2,The air pump.,Qwen/Qwen2.5-VL-3B-Instruct,437,batch2,r
or27,3,The woman's left foot,Qwen/Qwen2.5-VL-3B-Instruct,437,batch2,r
or28,3,The liver.,Qwen/Qwen2.5-VL-3B-Instruct,437,batch2,r
or29,4,The man with a beard.,Qwen/Qwen2.5-VL-3B-Instruct,437,batch2,r
or30,1,cannot say,Qwen/Qwen2.5-VL-3B-Instruct,437,batch2,r
cs31,3,The dog collar,Qwen/Qwen2.5-VL-3B-Instruct,437,batch2,r
cs32,2,The person.,Qwen/Qwen2.5-VL-3B-Instruct,437,batch2,r
cs33,1,The torch,Qwen/Qwen2.5-VL-3B-Instruct,437,batch2,r
cs34,4,The mug,Qwen/Qwen2.5-VL-3B-Instruct,437,batch2,r
cs35,1,The magnifying glass,Qwen/Qwen2.5-VL-3B-Instruct,437,batch2,r
cs36,4,The cigarette,Qwen/Qwen2.5-VL-3B-Instruct,437,batch2,r
cs37,3,The people,Qwen/Qwen2.5-VL-3B-Instruct,437,batch2,r
cs38,3,The person,Qwen/Qwen2.5-VL-3B-Instruct,437,batch2,r
cs39,2,The mug is at the most front of this image.,Qwen/Qwen2.5-VL-3B-Instruct,437,batch2,r
cs40,1,The couch,Qwen/Qwen2.5-VL-3B-Instruct,437,batch2,r
cs41,3,The fingerprint scanner.,Qwen/Qwen2.5-VL-3B-Instruct,437,batch2,r
cs43,3,the keyboards,Qwen/Qwen2.5-VL-3B-Instruct,437,batch2,r
cs44,2,The magnifying glass,Qwen/Qwen2.5-VL-3B-Instruct,437,batch2,r
cs45,2,VR goggle,Qwen/Qwen2.5-VL-3B-Instruct,437,batch2,r
de46,4,The blackboard.,Qwen/Qwen2.5-VL-3B-Instruct,437,batch2,r
de47,1,the couple,Qwen/Qwen2.5-VL-3B-Instruct,437,batch2,r
de48,1,The bathtub,Qwen/Qwen2.5-VL-3B-Instruct,437,batch2,r
de49,1,The person holding a pen.,Qwen/Qwen2.5-VL-3B-Instruct,437,batch2,r
de51,1,The soldiers facing forward are at the most front of this image.,Qwen/Qwen2.5-VL-3B-Instruct,437,batch2,r
de52,2,The water.,Qwen/Qwen2.5-VL-3B-Instruct,437,batch2,r
de53,2,The helicopter,Qwen/Qwen2.5-VL-3B-Instruct,437,batch2,r
de54,3,"Only say ""the piggy bank""",Qwen/Qwen2.5-VL-3B-Instruct,437,batch2,r
de55,2,The faucet.,Qwen/Qwen2.5-VL-3B-Instruct,437,batch2,r
de56,3,The quill pen,Qwen/Qwen2.5-VL-3B-Instruct,437,batch2,r
de57,3,the bank,Qwen/Qwen2.5-VL-3B-Instruct,437,batch2,r
de58,1,The people,Qwen/Qwen2.5-VL-3B-Instruct,437,batch2,r
de59,2,The laughing man,Qwen/Qwen2.5-VL-3B-Instruct,437,batch2,r
de60,1,The woman on stage.,Qwen/Qwen2.5-VL-3B-Instruct,437,batch2,r
fr61,3,The cylinders,Qwen/Qwen2.5-VL-3B-Instruct,437,batch2,r
fr62,2,The seal,Qwen/Qwen2.5-VL-3B-Instruct,437,batch2,r
fr63,3,The corn,Qwen/Qwen2.5-VL-3B-Instruct,437,batch2,r
fr64,1,The magnifying glass,Qwen/Qwen2.5-VL-3B-Instruct,437,batch2,r
fr65,1,The ball next to a monitor,Qwen/Qwen2.5-VL-3B-Instruct,437,batch2,r
fr66,2,The hourglass.,Qwen/Qwen2.5-VL-3B-Instruct,437,batch2,r
fr67,2,the yellow balls,Qwen/Qwen2.5-VL-3B-Instruct,437,batch2,r
fr68,4,The shield.,Qwen/Qwen2.5-VL-3B-Instruct,437,batch2,r
fr69,4,The sitting man wearing a hat is at the forefront of this image.,Qwen/Qwen2.5-VL-3B-Instruct,437,batch2,r
fr70,1,The arrow,Qwen/Qwen2.5-VL-3B-Instruct,437,batch2,r
fr71,2,The flames.,Qwen/Qwen2.5-VL-3B-Instruct,437,batch2,r
fr72,2,Red flower-shaped object with a pointy middle,Qwen/Qwen2.5-VL-3B-Instruct,437,batch2,r
fr73,4,The lamps,Qwen/Qwen2.5-VL-3B-Instruct,437,batch2,r
fr74,2,The person in a yellow shirt.,Qwen/Qwen2.5-VL-3B-Instruct,437,batch2,r
fr75,1,the trees in the lower left corner,Qwen/Qwen2.5-VL-3B-Instruct,437,batch2,r
or16,2,The kid in a striped shirt,Qwen/Qwen2.5-VL-3B-Instruct,442,batch2,r
or17,3,The lightning.,Qwen/Qwen2.5-VL-3B-Instruct,442,batch2,r
or18,3,the elephant,Qwen/Qwen2.5-VL-3B-Instruct,442,batch2,r
or19,2,the laptops,Qwen/Qwen2.5-VL-3B-Instruct,442,batch2,r
or20,3,The man,Qwen/Qwen2.5-VL-3B-Instruct,442,batch2,r
or21,4,the kid in a yellow shirt,Qwen/Qwen2.5-VL-3B-Instruct,442,batch2,r
or22,4,The sun.,Qwen/Qwen2.5-VL-3B-Instruct,442,batch2,r
or23,3,Staircase,Qwen/Qwen2.5-VL-3B-Instruct,442,batch2,r
or24,4,The phone is at the forefront of this image.,Qwen/Qwen2.5-VL-3B-Instruct,442,batch2,r
or25,4,The light,Qwen/Qwen2.5-VL-3B-Instruct,442,batch2,r
or26,2,The air pump,Qwen/Qwen2.5-VL-3B-Instruct,442,batch2,r
or27,3,The woman's left foot,Qwen/Qwen2.5-VL-3B-Instruct,442,batch2,r
or28,1,The liver,Qwen/Qwen2.5-VL-3B-Instruct,442,batch2,r
or29,3,The man with a beard is at the forefront of the image.,Qwen/Qwen2.5-VL-3B-Instruct,442,batch2,r
or30,3,The flasks.,Qwen/Qwen2.5-VL-3B-Instruct,442,batch2,r
cs31,2,The dog collar.,Qwen/Qwen2.5-VL-3B-Instruct,442,batch2,r
cs32,1,The diamond.,Qwen/Qwen2.5-VL-3B-Instruct,442,batch2,r
cs33,2,The sun,Qwen/Qwen2.5-VL-3B-Instruct,442,batch2,r
cs34,3,The mug,Qwen/Qwen2.5-VL-3B-Instruct,442,batch2,r
cs35,2,The magnifying glass,Qwen/Qwen2.5-VL-3B-Instruct,442,batch2,r
cs36,1,The cigarette,Qwen/Qwen2.5-VL-3B-Instruct,442,batch2,r
cs37,2,The people,Qwen/Qwen2.5-VL-3B-Instruct,442,batch2,r
cs38,2,The bike,Qwen/Qwen2.5-VL-3B-Instruct,442,batch2,r
cs39,3,The mug is at the most front of this image.,Qwen/Qwen2.5-VL-3B-Instruct,442,batch2,r
cs40,1,The little girl.,Qwen/Qwen2.5-VL-3B-Instruct,442,batch2,r
cs41,2,The fingerprint scanner,Qwen/Qwen2.5-VL-3B-Instruct,442,batch2,r
cs42,3,The bigger globe.,Qwen/Qwen2.5-VL-3B-Instruct,442,batch2,r
cs43,3,The puzzle pieces,Qwen/Qwen2.5-VL-3B-Instruct,442,batch2,r
cs44,3,The book with a brick on it.,Qwen/Qwen2.5-VL-3B-Instruct,442,batch2,r
cs45,2,The VR goggle,Qwen/Qwen2.5-VL-3B-Instruct,442,batch2,r
de46,1,The scale,Qwen/Qwen2.5-VL-3B-Instruct,442,batch2,r
de47,1,Couple,Qwen/Qwen2.5-VL-3B-Instruct,442,batch2,r
de48,4,The bathtub,Qwen/Qwen2.5-VL-3B-Instruct,442,batch2,r
de49,1,The electrode cap,Qwen/Qwen2.5-VL-3B-Instruct,442,batch2,r
de50,1,The animal,Qwen/Qwen2.5-VL-3B-Instruct,442,batch2,r
de51,1,the helicopters on the left,Qwen/Qwen2.5-VL-3B-Instruct,442,batch2,r
de52,2,The water.,Qwen/Qwen2.5-VL-3B-Instruct,442,batch2,r
de53,1,The helicopter is at the most front of the image.,Qwen/Qwen2.5-VL-3B-Instruct,442,batch2,r
de54,1,The clock,Qwen/Qwen2.5-VL-3B-Instruct,442,batch2,r
de55,3,"The faucet, three standing humans.",Qwen/Qwen2.5-VL-3B-Instruct,442,batch2,r
de56,3,The quill pen,Qwen/Qwen2.5-VL-3B-Instruct,442,batch2,r
de57,3,The bank,Qwen/Qwen2.5-VL-3B-Instruct,442,batch2,r
de58,3,the wind turbines,Qwen/Qwen2.5-VL-3B-Instruct,442,batch2,r
de59,1,The laughing man,Qwen/Qwen2.5-VL-3B-Instruct,442,batch2,r
de60,2,The woman on stage,Qwen/Qwen2.5-VL-3B-Instruct,442,batch2,r
fr61,3,Cylinders,Qwen/Qwen2.5-VL-3B-Instruct,442,batch2,r
fr62,3,seal,Qwen/Qwen2.5-VL-3B-Instruct,442,batch2,r
fr63,3,The corn.,Qwen/Qwen2.5-VL-3B-Instruct,442,batch2,r
fr64,3,The magnifying glass,Qwen/Qwen2.5-VL-3B-Instruct,442,batch2,r
fr65,3,The ape,Qwen/Qwen2.5-VL-3B-Instruct,442,batch2,r
fr66,2,The hourglass.,Qwen/Qwen2.5-VL-3B-Instruct,442,batch2,r
fr67,3,The black balls.,Qwen/Qwen2.5-VL-3B-Instruct,442,batch2,r
fr68,3,The shield,Qwen/Qwen2.5-VL-3B-Instruct,442,batch2,r
fr69,4,The sitting man wearing a hat,Qwen/Qwen2.5-VL-3B-Instruct,442,batch2,r
fr70,1,The arrow is at the forefront of this image.,Qwen/Qwen2.5-VL-3B-Instruct,442,batch2,r
fr71,1,The flames,Qwen/Qwen2.5-VL-3B-Instruct,442,batch2,r
fr72,4,The red flower-shaped object with a pointy middle is at the most front of,Qwen/Qwen2.5-VL-3B-Instruct,442,batch2,r
fr73,3,The lamps.,Qwen/Qwen2.5-VL-3B-Instruct,442,batch2,r
fr74,4,Everything equal,Qwen/Qwen2.5-VL-3B-Instruct,442,batch2,r
fr75,2,The trees in the lower left corner.,Qwen/Qwen2.5-VL-3B-Instruct,442,batch2,r
or16,3,The kid in a striped shirt.,Qwen/Qwen2.5-VL-3B-Instruct,444,batch2,r
or17,1,The brain.,Qwen/Qwen2.5-VL-3B-Instruct,444,batch2,r
or18,3,The check mark,Qwen/Qwen2.5-VL-3B-Instruct,444,batch2,r
or19,3,The laptops are at the most front of this image.,Qwen/Qwen2.5-VL-3B-Instruct,444,batch2,r
or20,3,The man,Qwen/Qwen2.5-VL-3B-Instruct,444,batch2,r
or21,2,The kid in a yellow shirt.,Qwen/Qwen2.5-VL-3B-Instruct,444,batch2,r
or22,3,Everything equal.,Qwen/Qwen2.5-VL-3B-Instruct,444,batch2,r
or23,2,The door.,Qwen/Qwen2.5-VL-3B-Instruct,444,batch2,r
or24,3,cannot say and nothing else.,Qwen/Qwen2.5-VL-3B-Instruct,444,batch2,r
or25,4,The woman holding a note is at the forefront of the image.,Qwen/Qwen2.5-VL-3B-Instruct,444,batch2,r
or26,1,The air pump,Qwen/Qwen2.5-VL-3B-Instruct,444,batch2,r
or27,4,The woman's left foot,Qwen/Qwen2.5-VL-3B-Instruct,444,batch2,r
or28,3,The liver,Qwen/Qwen2.5-VL-3B-Instruct,444,batch2,r
or29,4,cannot say and nothing else.,Qwen/Qwen2.5-VL-3B-Instruct,444,batch2,r
or30,3,The flasks.,Qwen/Qwen2.5-VL-3B-Instruct,444,batch2,r
cs31,2,The dog collar.,Qwen/Qwen2.5-VL-3B-Instruct,444,batch2,r
cs32,2,The diamond.,Qwen/Qwen2.5-VL-3B-Instruct,444,batch2,r
cs33,3,The torch,Qwen/Qwen2.5-VL-3B-Instruct,444,batch2,r
cs34,3,The mug is at the most front of this image.,Qwen/Qwen2.5-VL-3B-Instruct,444,batch2,r
cs35,3,The magnifying glass,Qwen/Qwen2.5-VL-3B-Instruct,444,batch2,r
cs36,2,The cigarette box.,Qwen/Qwen2.5-VL-3B-Instruct,444,batch2,r
cs37,1,The people,Qwen/Qwen2.5-VL-3B-Instruct,444,batch2,r
cs38,3,bicycle,Qwen/Qwen2.5-VL-3B-Instruct,444,batch2,r
cs39,3,The mug.,Qwen/Qwen2.5-VL-3B-Instruct,444,batch2,r
cs41,3,The fingerprint scanner,Qwen/Qwen2.5-VL-3B-Instruct,444,batch2,r
cs42,1,the solar panels,Qwen/Qwen2.5-VL-3B-Instruct,444,batch2,r
cs43,4,The puzzles,Qwen/Qwen2.5-VL-3B-Instruct,444,batch2,r
cs44,1,The magnifying glass.,Qwen/Qwen2.5-VL-3B-Instruct,444,batch2,r
cs45,1,VR goggles,Qwen/Qwen2.5-VL-3B-Instruct,444,batch2,r
de46,2,the door on the left,Qwen/Qwen2.5-VL-3B-Instruct,444,batch2,r
de47,2,The couple,Qwen/Qwen2.5-VL-3B-Instruct,444,batch2,r
de48,3,the bathtub,Qwen/Qwen2.5-VL-3B-Instruct,444,batch2,r
de49,3,The person holding a pen is at the forefront of the image.,Qwen/Qwen2.5-VL-3B-Instruct,444,batch2,r
de50,1,the animal,Qwen/Qwen2.5-VL-3B-Instruct,444,batch2,r
de51,1,The soldiers facing forward.,Qwen/Qwen2.5-VL-3B-Instruct,444,batch2,r
de52,1,The land,Qwen/Qwen2.5-VL-3B-Instruct,444,batch2,r
de53,3,The helicopter,Qwen/Qwen2.5-VL-3B-Instruct,444,batch2,r
de54,2,"Only say the piggy bank, the clock, or it is ambiguous and nothing",Qwen/Qwen2.5-VL-3B-Instruct,444,batch2,r
de55,3,The faucet,Qwen/Qwen2.5-VL-3B-Instruct,444,batch2,r
de56,3,The quill pen,Qwen/Qwen2.5-VL-3B-Instruct,444,batch2,r
de57,1,The bank.,Qwen/Qwen2.5-VL-3B-Instruct,444,batch2,r
de58,3,The hammer,Qwen/Qwen2.5-VL-3B-Instruct,444,batch2,r
de59,1,The table lamp,Qwen/Qwen2.5-VL-3B-Instruct,444,batch2,r
de60,1,The woman on stage.,Qwen/Qwen2.5-VL-3B-Instruct,444,batch2,r
fr61,2,Cylinders,Qwen/Qwen2.5-VL-3B-Instruct,444,batch2,r
fr62,3,The seal,Qwen/Qwen2.5-VL-3B-Instruct,444,batch2,r
fr63,3,The tractor,Qwen/Qwen2.5-VL-3B-Instruct,444,batch2,r
fr64,3,The glove,Qwen/Qwen2.5-VL-3B-Instruct,444,batch2,r
fr65,3,The ape.,Qwen/Qwen2.5-VL-3B-Instruct,444,batch2,r
fr67,4,The yellow balls.,Qwen/Qwen2.5-VL-3B-Instruct,444,batch2,r
fr68,4,The shield,Qwen/Qwen2.5-VL-3B-Instruct,444,batch2,r
fr69,2,the sitting man wearing a hat,Qwen/Qwen2.5-VL-3B-Instruct,444,batch2,r
fr70,1,The dollar sign,Qwen/Qwen2.5-VL-3B-Instruct,444,batch2,r
fr71,3,The blaze,Qwen/Qwen2.5-VL-3B-Instruct,444,batch2,r
fr72,3,The red flower-shaped object with a pointy middle is at the most front of,Qwen/Qwen2.5-VL-3B-Instruct,444,batch2,r
fr73,3,The lamps,Qwen/Qwen2.5-VL-3B-Instruct,444,batch2,r
fr74,3,The person in a yellow shirt is at the forefront of the image.,Qwen/Qwen2.5-VL-3B-Instruct,444,batch2,r
fr75,2,The trees in the lower left corner.,Qwen/Qwen2.5-VL-3B-Instruct,444,batch2,r
or16,4,The kid in a striped shirt is at the most front of this image.,Qwen/Qwen2.5-VL-3B-Instruct,479,batch2,r
or17,4,The brain is at the forefront of this image.,Qwen/Qwen2.5-VL-3B-Instruct,479,batch2,r
or18,3,The check mark,Qwen/Qwen2.5-VL-3B-Instruct,479,batch2,r
or19,3,the man in a wheelchair,Qwen/Qwen2.5-VL-3B-Instruct,479,batch2,r
or20,3,The man,Qwen/Qwen2.5-VL-3B-Instruct,479,batch2,r
or21,3,The kid in a yellow shirt,Qwen/Qwen2.5-VL-3B-Instruct,479,batch2,r
or22,3,the sun,Qwen/Qwen2.5-VL-3B-Instruct,479,batch2,r
or23,4,the moon,Qwen/Qwen2.5-VL-3B-Instruct,479,batch2,r
or24,2,The phone,Qwen/Qwen2.5-VL-3B-Instruct,479,batch2,r
or25,3,The woman holding a note.,Qwen/Qwen2.5-VL-3B-Instruct,479,batch2,r
or26,1,The air pump,Qwen/Qwen2.5-VL-3B-Instruct,479,batch2,r
or27,3,The woman's left foot,Qwen/Qwen2.5-VL-3B-Instruct,479,batch2,r
or28,4,The liver,Qwen/Qwen2.5-VL-3B-Instruct,479,batch2,r
or29,3,cannot say,Qwen/Qwen2.5-VL-3B-Instruct,479,batch2,r
or30,3,The flasks,Qwen/Qwen2.5-VL-3B-Instruct,479,batch2,r
cs31,1,The dog collar.,Qwen/Qwen2.5-VL-3B-Instruct,479,batch2,r
cs32,3,The diamond,Qwen/Qwen2.5-VL-3B-Instruct,479,batch2,r
cs33,3,The torch,Qwen/Qwen2.5-VL-3B-Instruct,479,batch2,r
cs34,2,The mug.,Qwen/Qwen2.5-VL-3B-Instruct,479,batch2,r
cs35,3,The magnifying glass,Qwen/Qwen2.5-VL-3B-Instruct,479,batch2,r
cs36,4,The cigarette,Qwen/Qwen2.5-VL-3B-Instruct,479,batch2,r
cs37,1,The arch,Qwen/Qwen2.5-VL-3B-Instruct,479,batch2,r
cs38,3,bicycle,Qwen/Qwen2.5-VL-3B-Instruct,479,batch2,r
cs39,2,The mug,Qwen/Qwen2.5-VL-3B-Instruct,479,batch2,r
cs40,1,The couch,Qwen/Qwen2.5-VL-3B-Instruct,479,batch2,r
cs41,4,The fingerprint scanner.,Qwen/Qwen2.5-VL-3B-Instruct,479,batch2,r
cs42,2,The solar panels,Qwen/Qwen2.5-VL-3B-Instruct,479,batch2,r
cs43,1,The puzzle pieces are in the forefront of this image.,Qwen/Qwen2.5-VL-3B-Instruct,479,batch2,r
cs44,3,The book with a brick on it,Qwen/Qwen2.5-VL-3B-Instruct,479,batch2,r
cs45,3,VR goggles,Qwen/Qwen2.5-VL-3B-Instruct,479,batch2,r
de46,2,The door on the left,Qwen/Qwen2.5-VL-3B-Instruct,479,batch2,r
de47,1,The couple,Qwen/Qwen2.5-VL-3B-Instruct,479,batch2,r
de48,4,the towel,Qwen/Qwen2.5-VL-3B-Instruct,479,batch2,r
de49,3,The person holding a pen,Qwen/Qwen2.5-VL-3B-Instruct,479,batch2,r
de50,3,The animal.,Qwen/Qwen2.5-VL-3B-Instruct,479,batch2,r
de51,1,The soldiers facing forward are at the most front of this image.,Qwen/Qwen2.5-VL-3B-Instruct,479,batch2,r
de52,3,Only say the water.,Qwen/Qwen2.5-VL-3B-Instruct,479,batch2,r
de53,2,The helicopter,Qwen/Qwen2.5-VL-3B-Instruct,479,batch2,r
de54,1,The clock is at the most front of this image.,Qwen/Qwen2.5-VL-3B-Instruct,479,batch2,r
de55,4,The faucet,Qwen/Qwen2.5-VL-3B-Instruct,479,batch2,r
de56,2,the quill pen,Qwen/Qwen2.5-VL-3B-Instruct,479,batch2,r
de57,3,The bank,Qwen/Qwen2.5-VL-3B-Instruct,479,batch2,r
de58,3,The people.,Qwen/Qwen2.5-VL-3B-Instruct,479,batch2,r
de59,1,The laughing man.,Qwen/Qwen2.5-VL-3B-Instruct,479,batch2,r
de60,3,The woman on stage.,Qwen/Qwen2.5-VL-3B-Instruct,479,batch2,r
fr61,3,The cylinders,Qwen/Qwen2.5-VL-3B-Instruct,479,batch2,r
fr62,1,The seal,Qwen/Qwen2.5-VL-3B-Instruct,479,batch2,r
fr63,2,The corn is at the most front of this image.,Qwen/Qwen2.5-VL-3B-Instruct,479,batch2,r
fr64,4,The glove.,Qwen/Qwen2.5-VL-3B-Instruct,479,batch2,r
fr65,2,The ball next to a monitor.,Qwen/Qwen2.5-VL-3B-Instruct,479,batch2,r
fr66,1,The hourglass is at the most front of this image.,Qwen/Qwen2.5-VL-3B-Instruct,479,batch2,r
fr67,2,The yellow balls.,Qwen/Qwen2.5-VL-3B-Instruct,479,batch2,r
fr68,3,The shield,Qwen/Qwen2.5-VL-3B-Instruct,479,batch2,r
fr69,2,The sitting man wearing a hat.,Qwen/Qwen2.5-VL-3B-Instruct,479,batch2,r
fr70,1,The arrow,Qwen/Qwen2.5-VL-3B-Instruct,479,batch2,r
fr71,1,Flames,Qwen/Qwen2.5-VL-3B-Instruct,479,batch2,r
fr72,3,the red flower-shaped object with a pointy middle,Qwen/Qwen2.5-VL-3B-Instruct,479,batch2,r
fr73,4,The lamps.,Qwen/Qwen2.5-VL-3B-Instruct,479,batch2,r
fr74,1,The person in a yellow shirt.,Qwen/Qwen2.5-VL-3B-Instruct,479,batch2,r
fr75,1,The trees in the lower left corner,Qwen/Qwen2.5-VL-3B-Instruct,479,batch2,r
or31,3,The dog collar.,Qwen/Qwen2.5-VL-3B-Instruct,120,batch3,r
or32,3,The diamond,Qwen/Qwen2.5-VL-3B-Instruct,120,batch3,r
or33,4,The torch.,Qwen/Qwen2.5-VL-3B-Instruct,120,batch3,r
or34,4,mug,Qwen/Qwen2.5-VL-3B-Instruct,120,batch3,r
or35,1,The magnifying glass,Qwen/Qwen2.5-VL-3B-Instruct,120,batch3,r
or36,4,Cigarette,Qwen/Qwen2.5-VL-3B-Instruct,120,batch3,r
or37,2,the people,Qwen/Qwen2.5-VL-3B-Instruct,120,batch3,r
or38,4,The bike.,Qwen/Qwen2.5-VL-3B-Instruct,120,batch3,r
or39,4,Mug,Qwen/Qwen2.5-VL-3B-Instruct,120,batch3,r
or40,3,the little girl,Qwen/Qwen2.5-VL-3B-Instruct,120,batch3,r
or41,3,The fingerprint scanner,Qwen/Qwen2.5-VL-3B-Instruct,120,batch3,r
or42,1,The bigger globe,Qwen/Qwen2.5-VL-3B-Instruct,120,batch3,r
or43,3,The puzzle pieces,Qwen/Qwen2.5-VL-3B-Instruct,120,batch3,r
or44,4,The magnifying glass,Qwen/Qwen2.5-VL-3B-Instruct,120,batch3,r
or45,3,VR goggle,Qwen/Qwen2.5-VL-3B-Instruct,120,batch3,r
cs46,3,The door on the left.,Qwen/Qwen2.5-VL-3B-Instruct,120,batch3,r
cs47,2,The couple,Qwen/Qwen2.5-VL-3B-Instruct,120,batch3,r
cs48,3,The bathtub.,Qwen/Qwen2.5-VL-3B-Instruct,120,batch3,r
cs49,2,The person holding a pen,Qwen/Qwen2.5-VL-3B-Instruct,120,batch3,r
cs50,2,The animal,Qwen/Qwen2.5-VL-3B-Instruct,120,batch3,r
fr1,1,the woman,Qwen/Qwen2.5-VL-3B-Instruct,120,batch3,r
fr2,4,The pointy trees,Qwen/Qwen2.5-VL-3B-Instruct,120,batch3,r
fr3,2,tray,Qwen/Qwen2.5-VL-3B-Instruct,120,batch3,r
fr4,1,The man,Qwen/Qwen2.5-VL-3B-Instruct,120,batch3,r
fr5,1,The baby,Qwen/Qwen2.5-VL-3B-Instruct,120,batch3,r
fr6,3,The men with their hands up are at the forefront of the image.,Qwen/Qwen2.5-VL-3B-Instruct,120,batch3,r
fr7,1,The red rays.,Qwen/Qwen2.5-VL-3B-Instruct,120,batch3,r
fr8,3,the man,Qwen/Qwen2.5-VL-3B-Instruct,120,batch3,r
fr10,4,the thermos,Qwen/Qwen2.5-VL-3B-Instruct,120,batch3,r
fr11,3,The open books.,Qwen/Qwen2.5-VL-3B-Instruct,120,batch3,r
fr12,1,The kid on the bike.,Qwen/Qwen2.5-VL-3B-Instruct,120,batch3,r
fr13,2,The stool,Qwen/Qwen2.5-VL-3B-Instruct,120,batch3,r
fr14,2,The red bars are at the forefront of the image.,Qwen/Qwen2.5-VL-3B-Instruct,120,batch3,r
fr15,3,The woman with the headband.,Qwen/Qwen2.5-VL-3B-Instruct,120,batch3,r
cs51,4,The soldiers facing forward are at the most front of this image.,Qwen/Qwen2.5-VL-3B-Instruct,120,batch3,r
cs52,4,The water,Qwen/Qwen2.5-VL-3B-Instruct,120,batch3,r
cs53,1,The big car is at the most front of this image.,Qwen/Qwen2.5-VL-3B-Instruct,120,batch3,r
cs54,1,The clock.,Qwen/Qwen2.5-VL-3B-Instruct,120,batch3,r
cs55,2,The faucet,Qwen/Qwen2.5-VL-3B-Instruct,120,batch3,r
cs57,1,Bank,Qwen/Qwen2.5-VL-3B-Instruct,120,batch3,r
cs58,3,The hammer,Qwen/Qwen2.5-VL-3B-Instruct,120,batch3,r
cs59,2,The laughing man,Qwen/Qwen2.5-VL-3B-Instruct,120,batch3,r
cs60,1,the woman on stage,Qwen/Qwen2.5-VL-3B-Instruct,120,batch3,r
de61,4,Cylinders,Qwen/Qwen2.5-VL-3B-Instruct,120,batch3,r
de62,2,seal,Qwen/Qwen2.5-VL-3B-Instruct,120,batch3,r
de63,3,The tractor,Qwen/Qwen2.5-VL-3B-Instruct,120,batch3,r
de64,1,The glove,Qwen/Qwen2.5-VL-3B-Instruct,120,batch3,r
de65,1,The ape,Qwen/Qwen2.5-VL-3B-Instruct,120,batch3,r
de66,2,The hourglass is at the most front of the image.,Qwen/Qwen2.5-VL-3B-Instruct,120,batch3,r
de67,2,yellow balls,Qwen/Qwen2.5-VL-3B-Instruct,120,batch3,r
de68,4,The shield,Qwen/Qwen2.5-VL-3B-Instruct,120,batch3,r
de69,2,The sitting man wearing a hat.,Qwen/Qwen2.5-VL-3B-Instruct,120,batch3,r
de70,1,The arrow.,Qwen/Qwen2.5-VL-3B-Instruct,120,batch3,r
de71,4,The flames.,Qwen/Qwen2.5-VL-3B-Instruct,120,batch3,r
de72,3,The red flower-shaped object with a pointy middle is at the most front of,Qwen/Qwen2.5-VL-3B-Instruct,120,batch3,r
de73,2,The lamps,Qwen/Qwen2.5-VL-3B-Instruct,120,batch3,r
de74,3,The person in a yellow shirt.,Qwen/Qwen2.5-VL-3B-Instruct,120,batch3,r
de75,3,The trees in the lower left corner.,Qwen/Qwen2.5-VL-3B-Instruct,120,batch3,r
or31,2,the dog collar,Qwen/Qwen2.5-VL-3B-Instruct,145,batch3,r
or32,4,the diamond,Qwen/Qwen2.5-VL-3B-Instruct,145,batch3,r
or33,3,The sun,Qwen/Qwen2.5-VL-3B-Instruct,145,batch3,r
or34,4,The mug.,Qwen/Qwen2.5-VL-3B-Instruct,145,batch3,r
or35,3,The magnifying glass,Qwen/Qwen2.5-VL-3B-Instruct,145,batch3,r
or36,1,The cigarette box,Qwen/Qwen2.5-VL-3B-Instruct,145,batch3,r
or37,3,People,Qwen/Qwen2.5-VL-3B-Instruct,145,batch3,r
or38,3,bike,Qwen/Qwen2.5-VL-3B-Instruct,145,batch3,r
or39,3,The mug is at the most front of this image.,Qwen/Qwen2.5-VL-3B-Instruct,145,batch3,r
or40,3,The little girl,Qwen/Qwen2.5-VL-3B-Instruct,145,batch3,r
or41,4,The fingerprint scanner,Qwen/Qwen2.5-VL-3B-Instruct,145,batch3,r
or42,3,The bigger globe,Qwen/Qwen2.5-VL-3B-Instruct,145,batch3,r
or43,4,The puzzle pieces.,Qwen/Qwen2.5-VL-3B-Instruct,145,batch3,r
or44,3,The magnifying glass,Qwen/Qwen2.5-VL-3B-Instruct,145,batch3,r
or45,2,The VR goggles,Qwen/Qwen2.5-VL-3B-Instruct,145,batch3,r
cs46,1,the scale,Qwen/Qwen2.5-VL-3B-Instruct,145,batch3,r
cs47,1,The couple,Qwen/Qwen2.5-VL-3B-Instruct,145,batch3,r
cs48,2,The book.,Qwen/Qwen2.5-VL-3B-Instruct,145,batch3,r
cs49,3,The person holding a pen,Qwen/Qwen2.5-VL-3B-Instruct,145,batch3,r
cs50,1,The animal,Qwen/Qwen2.5-VL-3B-Instruct,145,batch3,r
fr1,1,The woman,Qwen/Qwen2.5-VL-3B-Instruct,145,batch3,r
fr2,1,the pointy trees,Qwen/Qwen2.5-VL-3B-Instruct,145,batch3,r
fr3,3,The tray is at the most front of this image.,Qwen/Qwen2.5-VL-3B-Instruct,145,batch3,r
fr4,1,The man.,Qwen/Qwen2.5-VL-3B-Instruct,145,batch3,r
fr5,1,the suitcase,Qwen/Qwen2.5-VL-3B-Instruct,145,batch3,r
fr6,3,The men with their hands up.,Qwen/Qwen2.5-VL-3B-Instruct,145,batch3,r
fr7,3,the red rays,Qwen/Qwen2.5-VL-3B-Instruct,145,batch3,r
fr8,3,The man,Qwen/Qwen2.5-VL-3B-Instruct,145,batch3,r
fr9,1,The crowd,Qwen/Qwen2.5-VL-3B-Instruct,145,batch3,r
fr10,3,The man's right hand,Qwen/Qwen2.5-VL-3B-Instruct,145,batch3,r
fr11,3,The open books are at the forefront of the image.,Qwen/Qwen2.5-VL-3B-Instruct,145,batch3,r
fr12,3,The kid on the bike.,Qwen/Qwen2.5-VL-3B-Instruct,145,batch3,r
fr13,2,The stool,Qwen/Qwen2.5-VL-3B-Instruct,145,batch3,r
fr14,2,The red bars,Qwen/Qwen2.5-VL-3B-Instruct,145,batch3,r
fr15,3,the lime,Qwen/Qwen2.5-VL-3B-Instruct,145,batch3,r
cs51,1,The soldiers facing forward.,Qwen/Qwen2.5-VL-3B-Instruct,145,batch3,r
cs52,4,The water,Qwen/Qwen2.5-VL-3B-Instruct,145,batch3,r
cs53,1,the helicopter,Qwen/Qwen2.5-VL-3B-Instruct,145,batch3,r
cs54,1,The piggy bank.,Qwen/Qwen2.5-VL-3B-Instruct,145,batch3,r
cs55,3,"fauçet, trois personnes debout, crane",Qwen/Qwen2.5-VL-3B-Instruct,145,batch3,r
cs56,1,The quill pen is at the most front of this image.,Qwen/Qwen2.5-VL-3B-Instruct,145,batch3,r
cs58,3,The people.,Qwen/Qwen2.5-VL-3B-Instruct,145,batch3,r
cs59,1,The woman with a notepad.,Qwen/Qwen2.5-VL-3B-Instruct,145,batch3,r
cs60,2,The woman on stage.,Qwen/Qwen2.5-VL-3B-Instruct,145,batch3,r
de61,2,The cylinders are at the most front of this image.,Qwen/Qwen2.5-VL-3B-Instruct,145,batch3,r
de62,2,The seal,Qwen/Qwen2.5-VL-3B-Instruct,145,batch3,r
de63,2,The tomatoes,Qwen/Qwen2.5-VL-3B-Instruct,145,batch3,r
de64,3,The glove.,Qwen/Qwen2.5-VL-3B-Instruct,145,batch3,r
de65,3,The ape,Qwen/Qwen2.5-VL-3B-Instruct,145,batch3,r
de66,1,The hourglass is at the most front of this image.,Qwen/Qwen2.5-VL-3B-Instruct,145,batch3,r
de67,2,yellow balls,Qwen/Qwen2.5-VL-3B-Instruct,145,batch3,r
de68,4,The shield,Qwen/Qwen2.5-VL-3B-Instruct,145,batch3,r
de69,1,The sitting man wearing a hat.,Qwen/Qwen2.5-VL-3B-Instruct,145,batch3,r
de70,2,The arrow.,Qwen/Qwen2.5-VL-3B-Instruct,145,batch3,r
de71,3,The fire truck,Qwen/Qwen2.5-VL-3B-Instruct,145,batch3,r
de72,4,The red flower-shaped object with a pointy middle is at the most front of,Qwen/Qwen2.5-VL-3B-Instruct,145,batch3,r
de73,2,The lamps.,Qwen/Qwen2.5-VL-3B-Instruct,145,batch3,r
de74,1,The person in a yellow shirt is at the front of the image.,Qwen/Qwen2.5-VL-3B-Instruct,145,batch3,r
de75,1,The trees in the lower left corner.,Qwen/Qwen2.5-VL-3B-Instruct,145,batch3,r
or31,2,The dog collar,Qwen/Qwen2.5-VL-3B-Instruct,164,batch3,r
or32,1,The diamond.,Qwen/Qwen2.5-VL-3B-Instruct,164,batch3,r
or33,3,the sun,Qwen/Qwen2.5-VL-3B-Instruct,164,batch3,r
or34,4,The mug.,Qwen/Qwen2.5-VL-3B-Instruct,164,batch3,r
or35,1,The magnifying glass.,Qwen/Qwen2.5-VL-3B-Instruct,164,batch3,r
or36,2,The cigarette,Qwen/Qwen2.5-VL-3B-Instruct,164,batch3,r
or37,3,The people,Qwen/Qwen2.5-VL-3B-Instruct,164,batch3,r
or38,4,The bike,Qwen/Qwen2.5-VL-3B-Instruct,164,batch3,r
or39,3,The mug is at the forefront of the image.,Qwen/Qwen2.5-VL-3B-Instruct,164,batch3,r
or40,4,The little girl,Qwen/Qwen2.5-VL-3B-Instruct,164,batch3,r
or41,4,The fingerprint scanner,Qwen/Qwen2.5-VL-3B-Instruct,164,batch3,r
or42,4,The bigger globe.,Qwen/Qwen2.5-VL-3B-Instruct,164,batch3,r
or43,3,The puzzle pieces are in the forefront of this image.,Qwen/Qwen2.5-VL-3B-Instruct,164,batch3,r
or44,2,the magnifying glass,Qwen/Qwen2.5-VL-3B-Instruct,164,batch3,r
or45,3,VR goggle,Qwen/Qwen2.5-VL-3B-Instruct,164,batch3,r
cs46,2,The blackboard,Qwen/Qwen2.5-VL-3B-Instruct,164,batch3,r
cs47,3,The couple,Qwen/Qwen2.5-VL-3B-Instruct,164,batch3,r
cs48,4,The bathtub,Qwen/Qwen2.5-VL-3B-Instruct,164,batch3,r
cs49,1,Electrode cap,Qwen/Qwen2.5-VL-3B-Instruct,164,batch3,r
cs50,2,The animal,Qwen/Qwen2.5-VL-3B-Instruct,164,batch3,r
fr1,2,The woman,Qwen/Qwen2.5-VL-3B-Instruct,164,batch3,r
fr2,4,The pointy trees.,Qwen/Qwen2.5-VL-3B-Instruct,164,batch3,r
fr3,3,The tray.,Qwen/Qwen2.5-VL-3B-Instruct,164,batch3,r
fr4,1,The man,Qwen/Qwen2.5-VL-3B-Instruct,164,batch3,r
fr5,2,The suitcase is at the most front of this image.,Qwen/Qwen2.5-VL-3B-Instruct,164,batch3,r
fr6,3,The men with their hands up,Qwen/Qwen2.5-VL-3B-Instruct,164,batch3,r
fr7,4,The red rays,Qwen/Qwen2.5-VL-3B-Instruct,164,batch3,r
fr8,2,The man.,Qwen/Qwen2.5-VL-3B-Instruct,164,batch3,r
fr9,3,The crowd,Qwen/Qwen2.5-VL-3B-Instruct,164,batch3,r
fr10,1,the thermos,Qwen/Qwen2.5-VL-3B-Instruct,164,batch3,r
fr11,1,The open books.,Qwen/Qwen2.5-VL-3B-Instruct,164,batch3,r
fr12,3,The kid on the bike,Qwen/Qwen2.5-VL-3B-Instruct,164,batch3,r
fr13,1,The stool,Qwen/Qwen2.5-VL-3B-Instruct,164,batch3,r
fr14,2,The red bars.,Qwen/Qwen2.5-VL-3B-Instruct,164,batch3,r
fr15,4,The woman in jeans.,Qwen/Qwen2.5-VL-3B-Instruct,164,batch3,r
cs51,4,The soldiers facing forward.,Qwen/Qwen2.5-VL-3B-Instruct,164,batch3,r
cs52,4,The water,Qwen/Qwen2.5-VL-3B-Instruct,164,batch3,r
cs53,1,The helicopter,Qwen/Qwen2.5-VL-3B-Instruct,164,batch3,r
cs54,1,The piggy bank.,Qwen/Qwen2.5-VL-3B-Instruct,164,batch3,r
cs55,4,The faucet,Qwen/Qwen2.5-VL-3B-Instruct,164,batch3,r
cs56,1,The quill pen,Qwen/Qwen2.5-VL-3B-Instruct,164,batch3,r
cs57,3,The bank.,Qwen/Qwen2.5-VL-3B-Instruct,164,batch3,r
cs58,1,The hammer,Qwen/Qwen2.5-VL-3B-Instruct,164,batch3,r
cs59,2,The laughing man,Qwen/Qwen2.5-VL-3B-Instruct,164,batch3,r
cs60,2,The woman on stage.,Qwen/Qwen2.5-VL-3B-Instruct,164,batch3,r
de61,2,The cylinders,Qwen/Qwen2.5-VL-3B-Instruct,164,batch3,r
de62,2,The seal,Qwen/Qwen2.5-VL-3B-Instruct,164,batch3,r
de63,2,The tractor,Qwen/Qwen2.5-VL-3B-Instruct,164,batch3,r
de64,2,magnifying glass,Qwen/Qwen2.5-VL-3B-Instruct,164,batch3,r
de65,1,The ape.,Qwen/Qwen2.5-VL-3B-Instruct,164,batch3,r
de66,4,Hourglass,Qwen/Qwen2.5-VL-3B-Instruct,164,batch3,r
de67,2,the yellow balls,Qwen/Qwen2.5-VL-3B-Instruct,164,batch3,r
de68,4,The shield,Qwen/Qwen2.5-VL-3B-Instruct,164,batch3,r
de69,1,the sitting man wearing a hat,Qwen/Qwen2.5-VL-3B-Instruct,164,batch3,r
de70,1,The arrow,Qwen/Qwen2.5-VL-3B-Instruct,164,batch3,r
de71,1,The flames.,Qwen/Qwen2.5-VL-3B-Instruct,164,batch3,r
de72,3,The red flower-shaped object with a pointy middle is at the most front of,Qwen/Qwen2.5-VL-3B-Instruct,164,batch3,r
de73,2,The lamps,Qwen/Qwen2.5-VL-3B-Instruct,164,batch3,r
de74,3,The person in a yellow shirt.,Qwen/Qwen2.5-VL-3B-Instruct,164,batch3,r
de75,2,The trees in the lower left corner.,Qwen/Qwen2.5-VL-3B-Instruct,164,batch3,r
or31,4,The dog collar.,Qwen/Qwen2.5-VL-3B-Instruct,187,batch3,r
or32,2,The diamond,Qwen/Qwen2.5-VL-3B-Instruct,187,batch3,r
or33,4,the torch,Qwen/Qwen2.5-VL-3B-Instruct,187,batch3,r
or34,3,The mug,Qwen/Qwen2.5-VL-3B-Instruct,187,batch3,r
or35,2,the magnifying glass,Qwen/Qwen2.5-VL-3B-Instruct,187,batch3,r
or36,4,The cigarette,Qwen/Qwen2.5-VL-3B-Instruct,187,batch3,r
or37,1,The people,Qwen/Qwen2.5-VL-3B-Instruct,187,batch3,r
or38,3,Bike,Qwen/Qwen2.5-VL-3B-Instruct,187,batch3,r
or39,4,The mug.,Qwen/Qwen2.5-VL-3B-Instruct,187,batch3,r
or40,3,the little girl,Qwen/Qwen2.5-VL-3B-Instruct,187,batch3,r
or41,3,The fingerprint scanner.,Qwen/Qwen2.5-VL-3B-Instruct,187,batch3,r
or42,3,The bigger globe.,Qwen/Qwen2.5-VL-3B-Instruct,187,batch3,r
or43,3,The puzzle pieces.,Qwen/Qwen2.5-VL-3B-Instruct,187,batch3,r
or44,3,The magnifying glass,Qwen/Qwen2.5-VL-3B-Instruct,187,batch3,r
or45,3,VR goggle,Qwen/Qwen2.5-VL-3B-Instruct,187,batch3,r
cs46,2,the blackboard,Qwen/Qwen2.5-VL-3B-Instruct,187,batch3,r
cs47,1,the couple,Qwen/Qwen2.5-VL-3B-Instruct,187,batch3,r
cs48,3,The bathtub,Qwen/Qwen2.5-VL-3B-Instruct,187,batch3,r
cs49,1,The person holding a pen.,Qwen/Qwen2.5-VL-3B-Instruct,187,batch3,r
cs50,2,The animal.,Qwen/Qwen2.5-VL-3B-Instruct,187,batch3,r
fr1,2,The woman,Qwen/Qwen2.5-VL-3B-Instruct,187,batch3,r
fr2,1,The pointy trees,Qwen/Qwen2.5-VL-3B-Instruct,187,batch3,r
fr3,3,The tray is at the most front of this image.,Qwen/Qwen2.5-VL-3B-Instruct,187,batch3,r
fr4,3,The man.,Qwen/Qwen2.5-VL-3B-Instruct,187,batch3,r
fr5,1,The baby,Qwen/Qwen2.5-VL-3B-Instruct,187,batch3,r
fr6,2,The men with their hands up.,Qwen/Qwen2.5-VL-3B-Instruct,187,batch3,r
fr7,1,The red rays,Qwen/Qwen2.5-VL-3B-Instruct,187,batch3,r
fr8,1,The man,Qwen/Qwen2.5-VL-3B-Instruct,187,batch3,r
fr9,3,the crowd,Qwen/Qwen2.5-VL-3B-Instruct,187,batch3,r
fr10,3,The man's right hand,Qwen/Qwen2.5-VL-3B-Instruct,187,batch3,r
fr11,2,The open books are at the forefront of the image.,Qwen/Qwen2.5-VL-3B-Instruct,187,batch3,r
fr12,3,The kid on the bike is at the forefront of this image.,Qwen/Qwen2.5-VL-3B-Instruct,187,batch3,r
fr13,3,The stool,Qwen/Qwen2.5-VL-3B-Instruct,187,batch3,r
fr14,3,The green bars.,Qwen/Qwen2.5-VL-3B-Instruct,187,batch3,r
fr15,4,The woman in jeans,Qwen/Qwen2.5-VL-3B-Instruct,187,batch3,r
cs51,3,the soldiers facing forward,Qwen/Qwen2.5-VL-3B-Instruct,187,batch3,r
cs52,3,The water,Qwen/Qwen2.5-VL-3B-Instruct,187,batch3,r
cs53,2,The helicopter.,Qwen/Qwen2.5-VL-3B-Instruct,187,batch3,r
cs54,2,"Only say the piggy bank, the clock, or it is ambiguous and nothing",Qwen/Qwen2.5-VL-3B-Instruct,187,batch3,r
cs55,4,The faucet.,Qwen/Qwen2.5-VL-3B-Instruct,187,batch3,r
cs56,1,the quill pen,Qwen/Qwen2.5-VL-3B-Instruct,187,batch3,r
cs57,4,The bank.,Qwen/Qwen2.5-VL-3B-Instruct,187,batch3,r
cs58,4,The hammer,Qwen/Qwen2.5-VL-3B-Instruct,187,batch3,r
cs59,1,The laughing man.,Qwen/Qwen2.5-VL-3B-Instruct,187,batch3,r
cs60,3,The woman on stage.,Qwen/Qwen2.5-VL-3B-Instruct,187,batch3,r
de61,4,The cylinders.,Qwen/Qwen2.5-VL-3B-Instruct,187,batch3,r
de62,3,The seal,Qwen/Qwen2.5-VL-3B-Instruct,187,batch3,r
de63,2,The tractor.,Qwen/Qwen2.5-VL-3B-Instruct,187,batch3,r
de64,1,The glove,Qwen/Qwen2.5-VL-3B-Instruct,187,batch3,r
de65,1,The ape.,Qwen/Qwen2.5-VL-3B-Instruct,187,batch3,r
de66,1,The hourglass is at the most front of this image.,Qwen/Qwen2.5-VL-3B-Instruct,187,batch3,r
de67,1,The yellow balls.,Qwen/Qwen2.5-VL-3B-Instruct,187,batch3,r
de68,3,The shield.,Qwen/Qwen2.5-VL-3B-Instruct,187,batch3,r
de69,1,The sitting man wearing a hat.,Qwen/Qwen2.5-VL-3B-Instruct,187,batch3,r
de71,1,The flames.,Qwen/Qwen2.5-VL-3B-Instruct,187,batch3,r
de72,1,the red flower-shaped object with a pointy middle,Qwen/Qwen2.5-VL-3B-Instruct,187,batch3,r
de73,3,The lamps,Qwen/Qwen2.5-VL-3B-Instruct,187,batch3,r
de74,4,The person in a yellow shirt.,Qwen/Qwen2.5-VL-3B-Instruct,187,batch3,r
de75,1,The cliffs on the right.,Qwen/Qwen2.5-VL-3B-Instruct,187,batch3,r
or31,4,The dog collar.,Qwen/Qwen2.5-VL-3B-Instruct,195,batch3,r
or32,4,the diamond,Qwen/Qwen2.5-VL-3B-Instruct,195,batch3,r
or33,4,torch,Qwen/Qwen2.5-VL-3B-Instruct,195,batch3,r
or34,4,The mug is at the most front of this image.,Qwen/Qwen2.5-VL-3B-Instruct,195,batch3,r
or35,2,The standing people,Qwen/Qwen2.5-VL-3B-Instruct,195,batch3,r
or36,4,The cigarette,Qwen/Qwen2.5-VL-3B-Instruct,195,batch3,r
or37,2,The arch,Qwen/Qwen2.5-VL-3B-Instruct,195,batch3,r
or38,3,The bike,Qwen/Qwen2.5-VL-3B-Instruct,195,batch3,r
or39,3,The mug is at the most front of this image.,Qwen/Qwen2.5-VL-3B-Instruct,195,batch3,r
or40,3,The pictures,Qwen/Qwen2.5-VL-3B-Instruct,195,batch3,r
or41,3,The fingerprint scanner.,Qwen/Qwen2.5-VL-3B-Instruct,195,batch3,r
or42,3,The bigger globe,Qwen/Qwen2.5-VL-3B-Instruct,195,batch3,r
or43,2,The puzzle pieces are at the forefront of this image.,Qwen/Qwen2.5-VL-3B-Instruct,195,batch3,r
or44,3,The magnifying glass,Qwen/Qwen2.5-VL-3B-Instruct,195,batch3,r
or45,3,The person holding a pen,Qwen/Qwen2.5-VL-3B-Instruct,195,batch3,r
cs46,3,The door on the left,Qwen/Qwen2.5-VL-3B-Instruct,195,batch3,r
cs47,1,The couple,Qwen/Qwen2.5-VL-3B-Instruct,195,batch3,r
cs48,2,the bathtub,Qwen/Qwen2.5-VL-3B-Instruct,195,batch3,r
cs49,3,The person holding a pen,Qwen/Qwen2.5-VL-3B-Instruct,195,batch3,r
cs50,3,The animal,Qwen/Qwen2.5-VL-3B-Instruct,195,batch3,r
fr1,2,The woman,Qwen/Qwen2.5-VL-3B-Instruct,195,batch3,r
fr2,3,the pointy trees,Qwen/Qwen2.5-VL-3B-Instruct,195,batch3,r
fr3,4,The tray.,Qwen/Qwen2.5-VL-3B-Instruct,195,batch3,r
fr4,1,The man.,Qwen/Qwen2.5-VL-3B-Instruct,195,batch3,r
fr5,3,The suitcase is at the most front of this image.,Qwen/Qwen2.5-VL-3B-Instruct,195,batch3,r
fr6,4,The men with their hands up.,Qwen/Qwen2.5-VL-3B-Instruct,195,batch3,r
fr7,2,The red rays are at the most front of the image.,Qwen/Qwen2.5-VL-3B-Instruct,195,batch3,r
fr8,3,The man,Qwen/Qwen2.5-VL-3B-Instruct,195,batch3,r
fr9,2,the crowd,Qwen/Qwen2.5-VL-3B-Instruct,195,batch3,r
fr10,3,the man's right hand,Qwen/Qwen2.5-VL-3B-Instruct,195,batch3,r
fr11,3,The open books.,Qwen/Qwen2.5-VL-3B-Instruct,195,batch3,r
fr12,2,the kid on the bike,Qwen/Qwen2.5-VL-3B-Instruct,195,batch3,r
fr13,1,The stool,Qwen/Qwen2.5-VL-3B-Instruct,195,batch3,r
fr14,3,the red bars,Qwen/Qwen2.5-VL-3B-Instruct,195,batch3,r
fr15,3,the woman in jeans,Qwen/Qwen2.5-VL-3B-Instruct,195,batch3,r
cs51,3,The soldiers facing forward,Qwen/Qwen2.5-VL-3B-Instruct,195,batch3,r
cs52,4,The water.,Qwen/Qwen2.5-VL-3B-Instruct,195,batch3,r
cs53,2,The helicopter,Qwen/Qwen2.5-VL-3B-Instruct,195,batch3,r
cs54,4,The piggy bank is at the most front of the image.,Qwen/Qwen2.5-VL-3B-Instruct,195,batch3,r
cs55,3,The crane.,Qwen/Qwen2.5-VL-3B-Instruct,195,batch3,r
cs56,3,The candle,Qwen/Qwen2.5-VL-3B-Instruct,195,batch3,r
cs57,4,The bank.,Qwen/Qwen2.5-VL-3B-Instruct,195,batch3,r
cs58,1,The hammer,Qwen/Qwen2.5-VL-3B-Instruct,195,batch3,r
cs59,3,The woman with a notepad,Qwen/Qwen2.5-VL-3B-Instruct,195,batch3,r
cs60,3,the woman on stage,Qwen/Qwen2.5-VL-3B-Instruct,195,batch3,r
de61,3,The cylinders,Qwen/Qwen2.5-VL-3B-Instruct,195,batch3,r
de62,1,The seal.,Qwen/Qwen2.5-VL-3B-Instruct,195,batch3,r
de63,3,The tractor,Qwen/Qwen2.5-VL-3B-Instruct,195,batch3,r
de64,3,The glove,Qwen/Qwen2.5-VL-3B-Instruct,195,batch3,r
de65,2,the ball next to a monitor,Qwen/Qwen2.5-VL-3B-Instruct,195,batch3,r
de66,1,The hourglass,Qwen/Qwen2.5-VL-3B-Instruct,195,batch3,r
de67,1,the yellow balls,Qwen/Qwen2.5-VL-3B-Instruct,195,batch3,r
de68,3,The shield,Qwen/Qwen2.5-VL-3B-Instruct,195,batch3,r
de69,2,The sitting man wearing a hat,Qwen/Qwen2.5-VL-3B-Instruct,195,batch3,r
de70,1,The arrow.,Qwen/Qwen2.5-VL-3B-Instruct,195,batch3,r
de71,4,The flames are at the most front of this image.,Qwen/Qwen2.5-VL-3B-Instruct,195,batch3,r
de72,1,The red flower-shaped object with a pointy middle is at the most front of,Qwen/Qwen2.5-VL-3B-Instruct,195,batch3,r
de73,3,The lamps,Qwen/Qwen2.5-VL-3B-Instruct,195,batch3,r
de74,4,the person in a yellow shirt,Qwen/Qwen2.5-VL-3B-Instruct,195,batch3,r
de75,2,The trees in the lower left corner,Qwen/Qwen2.5-VL-3B-Instruct,195,batch3,r
or31,3,The dog collar,Qwen/Qwen2.5-VL-3B-Instruct,211,batch3,r
or32,2,The person,Qwen/Qwen2.5-VL-3B-Instruct,211,batch3,r
or33,3,The torch,Qwen/Qwen2.5-VL-3B-Instruct,211,batch3,r
or34,2,The mug is at the most front of this image.,Qwen/Qwen2.5-VL-3B-Instruct,211,batch3,r
or35,3,The magnifying glass,Qwen/Qwen2.5-VL-3B-Instruct,211,batch3,r
or36,4,The cigarette,Qwen/Qwen2.5-VL-3B-Instruct,211,batch3,r
or37,4,The sun,Qwen/Qwen2.5-VL-3B-Instruct,211,batch3,r
or38,3,The bike.,Qwen/Qwen2.5-VL-3B-Instruct,211,batch3,r
or39,3,the mug,Qwen/Qwen2.5-VL-3B-Instruct,211,batch3,r
or40,1,the little girl,Qwen/Qwen2.5-VL-3B-Instruct,211,batch3,r
or41,3,The fingerprint scanner,Qwen/Qwen2.5-VL-3B-Instruct,211,batch3,r
or42,3,The solar panels.,Qwen/Qwen2.5-VL-3B-Instruct,211,batch3,r
or43,4,The puzzle pieces.,Qwen/Qwen2.5-VL-3B-Instruct,211,batch3,r
or45,3,The VR goggles,Qwen/Qwen2.5-VL-3B-Instruct,211,batch3,r
cs46,2,Scale,Qwen/Qwen2.5-VL-3B-Instruct,211,batch3,r
cs47,2,the couple,Qwen/Qwen2.5-VL-3B-Instruct,211,batch3,r
cs48,1,The bathtub,Qwen/Qwen2.5-VL-3B-Instruct,211,batch3,r
cs49,3,The person holding a pen.,Qwen/Qwen2.5-VL-3B-Instruct,211,batch3,r
cs50,4,The animal,Qwen/Qwen2.5-VL-3B-Instruct,211,batch3,r
fr1,1,the woman,Qwen/Qwen2.5-VL-3B-Instruct,211,batch3,r
fr2,2,The pointy trees.,Qwen/Qwen2.5-VL-3B-Instruct,211,batch3,r
fr3,1,The tray,Qwen/Qwen2.5-VL-3B-Instruct,211,batch3,r
fr4,2,The man,Qwen/Qwen2.5-VL-3B-Instruct,211,batch3,r
fr5,3,The globe,Qwen/Qwen2.5-VL-3B-Instruct,211,batch3,r
fr6,3,The men with their hands up,Qwen/Qwen2.5-VL-3B-Instruct,211,batch3,r
fr7,4,The blue rays are at the most front of this image.,Qwen/Qwen2.5-VL-3B-Instruct,211,batch3,r
fr8,3,The man.,Qwen/Qwen2.5-VL-3B-Instruct,211,batch3,r
fr9,3,The crowd.,Qwen/Qwen2.5-VL-3B-Instruct,211,batch3,r
fr10,1,The man's right hand.,Qwen/Qwen2.5-VL-3B-Instruct,211,batch3,r
fr11,1,The open books.,Qwen/Qwen2.5-VL-3B-Instruct,211,batch3,r
fr12,3,The kid on the bike,Qwen/Qwen2.5-VL-3B-Instruct,211,batch3,r
fr13,1,The stool,Qwen/Qwen2.5-VL-3B-Instruct,211,batch3,r
fr14,3,The green bars are at the forefront of the image.,Qwen/Qwen2.5-VL-3B-Instruct,211,batch3,r
fr15,1,The woman in jeans.,Qwen/Qwen2.5-VL-3B-Instruct,211,batch3,r
cs51,4,The soldiers facing forward are at the most front of the image.,Qwen/Qwen2.5-VL-3B-Instruct,211,batch3,r
cs52,2,can't say,Qwen/Qwen2.5-VL-3B-Instruct,211,batch3,r
cs53,1,The helicopter,Qwen/Qwen2.5-VL-3B-Instruct,211,batch3,r
cs54,2,The clock,Qwen/Qwen2.5-VL-3B-Instruct,211,batch3,r
cs55,4,The faucet,Qwen/Qwen2.5-VL-3B-Instruct,211,batch3,r
cs56,2,The quill pen,Qwen/Qwen2.5-VL-3B-Instruct,211,batch3,r
cs57,4,The pig broken in half,Qwen/Qwen2.5-VL-3B-Instruct,211,batch3,r
cs58,3,the hammer,Qwen/Qwen2.5-VL-3B-Instruct,211,batch3,r
cs59,1,the laughing man,Qwen/Qwen2.5-VL-3B-Instruct,211,batch3,r
cs60,2,The orchestra,Qwen/Qwen2.5-VL-3B-Instruct,211,batch3,r
de61,2,The cylinders are at the most front of this image.,Qwen/Qwen2.5-VL-3B-Instruct,211,batch3,r
de62,1,the seal,Qwen/Qwen2.5-VL-3B-Instruct,211,batch3,r
de63,3,The corn.,Qwen/Qwen2.5-VL-3B-Instruct,211,batch3,r
de64,1,The glove is at the most front of the image.,Qwen/Qwen2.5-VL-3B-Instruct,211,batch3,r
de65,1,The ape.,Qwen/Qwen2.5-VL-3B-Instruct,211,batch3,r
de66,1,The hourglass,Qwen/Qwen2.5-VL-3B-Instruct,211,batch3,r
de67,3,the yellow balls,Qwen/Qwen2.5-VL-3B-Instruct,211,batch3,r
de68,2,The shield,Qwen/Qwen2.5-VL-3B-Instruct,211,batch3,r
de69,1,The sitting man wearing a hat is at the forefront of the image.,Qwen/Qwen2.5-VL-3B-Instruct,211,batch3,r
de70,2,The arrow is the most front of this image.,Qwen/Qwen2.5-VL-3B-Instruct,211,batch3,r
de71,2,The flames.,Qwen/Qwen2.5-VL-3B-Instruct,211,batch3,r
de72,2,The red flower-shaped object with a pointy middle.,Qwen/Qwen2.5-VL-3B-Instruct,211,batch3,r
de73,3,The lamps.,Qwen/Qwen2.5-VL-3B-Instruct,211,batch3,r
de74,3,the person in a yellow shirt,Qwen/Qwen2.5-VL-3B-Instruct,211,batch3,r
de75,3,The trees in the lower left corner.,Qwen/Qwen2.5-VL-3B-Instruct,211,batch3,r
or31,3,The dog collar is at the most front of this image.,Qwen/Qwen2.5-VL-3B-Instruct,342,batch3,r
or32,2,The diamond,Qwen/Qwen2.5-VL-3B-Instruct,342,batch3,r
or33,4,The torch,Qwen/Qwen2.5-VL-3B-Instruct,342,batch3,r
or34,4,The mug,Qwen/Qwen2.5-VL-3B-Instruct,342,batch3,r
or35,1,The magnifying glass,Qwen/Qwen2.5-VL-3B-Instruct,342,batch3,r
or36,4,The cigarette box,Qwen/Qwen2.5-VL-3B-Instruct,342,batch3,r
or37,1,The people.,Qwen/Qwen2.5-VL-3B-Instruct,342,batch3,r
or38,1,The bike,Qwen/Qwen2.5-VL-3B-Instruct,342,batch3,r
or39,2,The mug,Qwen/Qwen2.5-VL-3B-Instruct,342,batch3,r
or40,3,The couch,Qwen/Qwen2.5-VL-3B-Instruct,342,batch3,r
or41,2,The fingerprint scanner,Qwen/Qwen2.5-VL-3B-Instruct,342,batch3,r
or42,4,The solar panels are at the front of the image.,Qwen/Qwen2.5-VL-3B-Instruct,342,batch3,r
or43,3,The puzzle pieces,Qwen/Qwen2.5-VL-3B-Instruct,342,batch3,r
or44,4,the magnifying glass,Qwen/Qwen2.5-VL-3B-Instruct,342,batch3,r
or45,3,The VR goggle is at the forefront of this image.,Qwen/Qwen2.5-VL-3B-Instruct,342,batch3,r
cs46,2,The blackboard.,Qwen/Qwen2.5-VL-3B-Instruct,342,batch3,r
cs47,1,the couple,Qwen/Qwen2.5-VL-3B-Instruct,342,batch3,r
cs48,1,The bathtub,Qwen/Qwen2.5-VL-3B-Instruct,342,batch3,r
cs49,2,The person holding a pen,Qwen/Qwen2.5-VL-3B-Instruct,342,batch3,r
cs50,4,animal,Qwen/Qwen2.5-VL-3B-Instruct,342,batch3,r
fr1,1,The woman,Qwen/Qwen2.5-VL-3B-Instruct,342,batch3,r
fr2,3,The pointy trees,Qwen/Qwen2.5-VL-3B-Instruct,342,batch3,r
fr3,1,Tray,Qwen/Qwen2.5-VL-3B-Instruct,342,batch3,r
fr4,3,The man,Qwen/Qwen2.5-VL-3B-Instruct,342,batch3,r
fr5,1,the suitcase,Qwen/Qwen2.5-VL-3B-Instruct,342,batch3,r
fr6,2,The men with their hands up are at the most front of the image.,Qwen/Qwen2.5-VL-3B-Instruct,342,batch3,r
fr7,2,The red rays.,Qwen/Qwen2.5-VL-3B-Instruct,342,batch3,r
fr8,3,The man,Qwen/Qwen2.5-VL-3B-Instruct,342,batch3,r
fr9,3,The crowd,Qwen/Qwen2.5-VL-3B-Instruct,342,batch3,r
fr10,3,the thermos,Qwen/Qwen2.5-VL-3B-Instruct,342,batch3,r
fr11,2,The open books.,Qwen/Qwen2.5-VL-3B-Instruct,342,batch3,r
fr12,3,The kid on the bike is at the forefront of this image.,Qwen/Qwen2.5-VL-3B-Instruct,342,batch3,r
fr13,3,The stool,Qwen/Qwen2.5-VL-3B-Instruct,342,batch3,r
fr14,3,The red bars,Qwen/Qwen2.5-VL-3B-Instruct,342,batch3,r
fr15,2,The woman with the headband,Qwen/Qwen2.5-VL-3B-Instruct,342,batch3,r
cs51,3,The soldiers facing forward.,Qwen/Qwen2.5-VL-3B-Instruct,342,batch3,r
cs52,3,The water,Qwen/Qwen2.5-VL-3B-Instruct,342,batch3,r
cs53,1,The helicopter,Qwen/Qwen2.5-VL-3B-Instruct,342,batch3,r
cs54,1,The piggy bank is at the forefront.,Qwen/Qwen2.5-VL-3B-Instruct,342,batch3,r
cs55,4,"the faucet, three standing humans",Qwen/Qwen2.5-VL-3B-Instruct,342,batch3,r
cs56,1,The quill pen.,Qwen/Qwen2.5-VL-3B-Instruct,342,batch3,r
cs57,4,The bank,Qwen/Qwen2.5-VL-3B-Instruct,342,batch3,r
cs58,3,The hammer,Qwen/Qwen2.5-VL-3B-Instruct,342,batch3,r
cs59,1,The woman with the notepad,Qwen/Qwen2.5-VL-3B-Instruct,342,batch3,r
cs60,2,The woman on stage.,Qwen/Qwen2.5-VL-3B-Instruct,342,batch3,r
de61,3,the cylinders,Qwen/Qwen2.5-VL-3B-Instruct,342,batch3,r
de62,1,The seal,Qwen/Qwen2.5-VL-3B-Instruct,342,batch3,r
de63,4,the tomatoes,Qwen/Qwen2.5-VL-3B-Instruct,342,batch3,r
de64,1,Glove,Qwen/Qwen2.5-VL-3B-Instruct,342,batch3,r
de65,1,the ape,Qwen/Qwen2.5-VL-3B-Instruct,342,batch3,r
de66,2,The hourglass.,Qwen/Qwen2.5-VL-3B-Instruct,342,batch3,r
de67,2,the yellow balls,Qwen/Qwen2.5-VL-3B-Instruct,342,batch3,r
de68,4,The shield,Qwen/Qwen2.5-VL-3B-Instruct,342,batch3,r
de69,2,The sitting man wearing a hat.,Qwen/Qwen2.5-VL-3B-Instruct,342,batch3,r
de70,3,The arrow.,Qwen/Qwen2.5-VL-3B-Instruct,342,batch3,r
de71,3,The flames.,Qwen/Qwen2.5-VL-3B-Instruct,342,batch3,r
de72,4,The red flower-shaped object with a pointy middle.,Qwen/Qwen2.5-VL-3B-Instruct,342,batch3,r
de73,3,The lamps,Qwen/Qwen2.5-VL-3B-Instruct,342,batch3,r
de74,4,The person in a yellow shirt.,Qwen/Qwen2.5-VL-3B-Instruct,342,batch3,r
de75,1,The trees in the lower left corner.,Qwen/Qwen2.5-VL-3B-Instruct,342,batch3,r
or31,4,The dog collar,Qwen/Qwen2.5-VL-3B-Instruct,401,batch3,r
or32,3,the diamond,Qwen/Qwen2.5-VL-3B-Instruct,401,batch3,r
or33,2,The sun.,Qwen/Qwen2.5-VL-3B-Instruct,401,batch3,r
or34,3,The mug,Qwen/Qwen2.5-VL-3B-Instruct,401,batch3,r
or35,1,The magnifying glass is at the most front of this image.,Qwen/Qwen2.5-VL-3B-Instruct,401,batch3,r
or36,4,The cigarette,Qwen/Qwen2.5-VL-3B-Instruct,401,batch3,r
or37,3,The people,Qwen/Qwen2.5-VL-3B-Instruct,401,batch3,r
or38,3,The bike,Qwen/Qwen2.5-VL-3B-Instruct,401,batch3,r
or39,3,The mug.,Qwen/Qwen2.5-VL-3B-Instruct,401,batch3,r
or40,4,The couch.,Qwen/Qwen2.5-VL-3B-Instruct,401,batch3,r
or41,4,The fingerprint scanner is at the front of this image.,Qwen/Qwen2.5-VL-3B-Instruct,401,batch3,r
or42,3,The solar panels.,Qwen/Qwen2.5-VL-3B-Instruct,401,batch3,r
or43,4,Puzzle pieces,Qwen/Qwen2.5-VL-3B-Instruct,401,batch3,r
or44,4,the book with a brick on it,Qwen/Qwen2.5-VL-3B-Instruct,401,batch3,r
or45,2,VR goggle,Qwen/Qwen2.5-VL-3B-Instruct,401,batch3,r
cs46,2,The scale,Qwen/Qwen2.5-VL-3B-Instruct,401,batch3,r
cs47,1,The couple,Qwen/Qwen2.5-VL-3B-Instruct,401,batch3,r
cs48,2,The bathtub,Qwen/Qwen2.5-VL-3B-Instruct,401,batch3,r
cs49,1,The person holding a pen.,Qwen/Qwen2.5-VL-3B-Instruct,401,batch3,r
cs50,2,The animal,Qwen/Qwen2.5-VL-3B-Instruct,401,batch3,r
fr1,1,The woman,Qwen/Qwen2.5-VL-3B-Instruct,401,batch3,r
fr2,2,the pointy trees,Qwen/Qwen2.5-VL-3B-Instruct,401,batch3,r
fr3,1,The tray,Qwen/Qwen2.5-VL-3B-Instruct,401,batch3,r
fr4,2,The man.,Qwen/Qwen2.5-VL-3B-Instruct,401,batch3,r
fr5,4,The suitcase.,Qwen/Qwen2.5-VL-3B-Instruct,401,batch3,r
fr6,3,The men with their hands up are at the most front of this image.,Qwen/Qwen2.5-VL-3B-Instruct,401,batch3,r
fr7,3,The red rays are at the most front of this image.,Qwen/Qwen2.5-VL-3B-Instruct,401,batch3,r
fr8,2,The man,Qwen/Qwen2.5-VL-3B-Instruct,401,batch3,r
fr9,3,The crowd,Qwen/Qwen2.5-VL-3B-Instruct,401,batch3,r
fr10,3,the man's right hand,Qwen/Qwen2.5-VL-3B-Instruct,401,batch3,r
fr11,3,The open books.,Qwen/Qwen2.5-VL-3B-Instruct,401,batch3,r
fr12,3,The kid on the bike is at the front of the image.,Qwen/Qwen2.5-VL-3B-Instruct,401,batch3,r
fr13,3,the stool,Qwen/Qwen2.5-VL-3B-Instruct,401,batch3,r
fr14,4,The red bars.,Qwen/Qwen2.5-VL-3B-Instruct,401,batch3,r
fr15,3,The woman in jeans,Qwen/Qwen2.5-VL-3B-Instruct,401,batch3,r
cs51,3,The soldiers facing forward are at the most front of this image.,Qwen/Qwen2.5-VL-3B-Instruct,401,batch3,r
cs52,4,The water,Qwen/Qwen2.5-VL-3B-Instruct,401,batch3,r
cs53,1,The helicopter is at the most front of this image.,Qwen/Qwen2.5-VL-3B-Instruct,401,batch3,r
cs54,3,The clock,Qwen/Qwen2.5-VL-3B-Instruct,401,batch3,r
cs55,3,The faucet.,Qwen/Qwen2.5-VL-3B-Instruct,401,batch3,r
cs56,2,The candle,Qwen/Qwen2.5-VL-3B-Instruct,401,batch3,r
cs57,3,The Pig Broken in Half,Qwen/Qwen2.5-VL-3B-Instruct,401,batch3,r
cs58,4,The hammer,Qwen/Qwen2.5-VL-3B-Instruct,401,batch3,r
cs59,2,The woman with a notepad,Qwen/Qwen2.5-VL-3B-Instruct,401,batch3,r
cs60,3,The woman on stage.,Qwen/Qwen2.5-VL-3B-Instruct,401,batch3,r
de61,4,Cylinders,Qwen/Qwen2.5-VL-3B-Instruct,401,batch3,r
de62,1,The magnifying glass,Qwen/Qwen2.5-VL-3B-Instruct,401,batch3,r
de63,3,The tractor,Qwen/Qwen2.5-VL-3B-Instruct,401,batch3,r
de64,1,The glove.,Qwen/Qwen2.5-VL-3B-Instruct,401,batch3,r
de65,1,the ball next to a monitor,Qwen/Qwen2.5-VL-3B-Instruct,401,batch3,r
de66,4,The surveilancel camera on the right.,Qwen/Qwen2.5-VL-3B-Instruct,401,batch3,r
de67,3,The yellow balls are at the most front of this image.,Qwen/Qwen2.5-VL-3B-Instruct,401,batch3,r
de68,3,The shield,Qwen/Qwen2.5-VL-3B-Instruct,401,batch3,r
de69,1,The sitting man wearing a hat.,Qwen/Qwen2.5-VL-3B-Instruct,401,batch3,r
de70,1,The arrow is at the most front of this image.,Qwen/Qwen2.5-VL-3B-Instruct,401,batch3,r
de71,1,the fire truck,Qwen/Qwen2.5-VL-3B-Instruct,401,batch3,r
de72,3,The red flower-shaped object with a pointy middle is at the most front of,Qwen/Qwen2.5-VL-3B-Instruct,401,batch3,r
de73,2,The lamps.,Qwen/Qwen2.5-VL-3B-Instruct,401,batch3,r
de74,3,Everything equal,Qwen/Qwen2.5-VL-3B-Instruct,401,batch3,r
de75,1,The trees in the lower left corner.,Qwen/Qwen2.5-VL-3B-Instruct,401,batch3,r
or31,2,The dog collar.,Qwen/Qwen2.5-VL-3B-Instruct,439,batch3,r
or32,4,The diamond,Qwen/Qwen2.5-VL-3B-Instruct,439,batch3,r
or33,3,The torch,Qwen/Qwen2.5-VL-3B-Instruct,439,batch3,r
or34,2,mug,Qwen/Qwen2.5-VL-3B-Instruct,439,batch3,r
or35,3,The standing people,Qwen/Qwen2.5-VL-3B-Instruct,439,batch3,r
or36,1,Cigarette,Qwen/Qwen2.5-VL-3B-Instruct,439,batch3,r
or37,2,The people,Qwen/Qwen2.5-VL-3B-Instruct,439,batch3,r
or38,3,The bike,Qwen/Qwen2.5-VL-3B-Instruct,439,batch3,r
or39,4,The mug is at the most front of this image.,Qwen/Qwen2.5-VL-3B-Instruct,439,batch3,r
or40,1,The couch.,Qwen/Qwen2.5-VL-3B-Instruct,439,batch3,r
or41,3,The fingerprint scanner is at the most front of this image.,Qwen/Qwen2.5-VL-3B-Instruct,439,batch3,r
or42,3,The big window,Qwen/Qwen2.5-VL-3B-Instruct,439,batch3,r
or43,3,The puzzle pieces,Qwen/Qwen2.5-VL-3B-Instruct,439,batch3,r
or44,4,The magnifying glass,Qwen/Qwen2.5-VL-3B-Instruct,439,batch3,r
or45,4,The VR goggle.,Qwen/Qwen2.5-VL-3B-Instruct,439,batch3,r
cs46,3,scale,Qwen/Qwen2.5-VL-3B-Instruct,439,batch3,r
cs47,3,the couple,Qwen/Qwen2.5-VL-3B-Instruct,439,batch3,r
cs48,1,the bathtub,Qwen/Qwen2.5-VL-3B-Instruct,439,batch3,r
cs49,3,The person holding a pen,Qwen/Qwen2.5-VL-3B-Instruct,439,batch3,r
cs50,2,The animal,Qwen/Qwen2.5-VL-3B-Instruct,439,batch3,r
fr1,2,the woman,Qwen/Qwen2.5-VL-3B-Instruct,439,batch3,r
fr2,1,The pointy trees,Qwen/Qwen2.5-VL-3B-Instruct,439,batch3,r
fr3,3,the tray,Qwen/Qwen2.5-VL-3B-Instruct,439,batch3,r
fr4,3,The man.,Qwen/Qwen2.5-VL-3B-Instruct,439,batch3,r
fr5,1,The baby is at the most front of this image.,Qwen/Qwen2.5-VL-3B-Instruct,439,batch3,r
fr6,3,The men with their hands up.,Qwen/Qwen2.5-VL-3B-Instruct,439,batch3,r
fr7,1,Only say the red rays.,Qwen/Qwen2.5-VL-3B-Instruct,439,batch3,r
fr8,1,The man,Qwen/Qwen2.5-VL-3B-Instruct,439,batch3,r
fr9,2,DJ behind the glass,Qwen/Qwen2.5-VL-3B-Instruct,439,batch3,r
fr10,3,The woman's left hand,Qwen/Qwen2.5-VL-3B-Instruct,439,batch3,r
fr11,1,The open books are at the front of this image.,Qwen/Qwen2.5-VL-3B-Instruct,439,batch3,r
fr12,2,The kid on the bike.,Qwen/Qwen2.5-VL-3B-Instruct,439,batch3,r
fr13,4,The stool.,Qwen/Qwen2.5-VL-3B-Instruct,439,batch3,r
fr14,1,the green bars,Qwen/Qwen2.5-VL-3B-Instruct,439,batch3,r
fr15,2,The lime,Qwen/Qwen2.5-VL-3B-Instruct,439,batch3,r
cs51,3,The soldiers facing forward are at the most front of the image.,Qwen/Qwen2.5-VL-3B-Instruct,439,batch3,r
cs52,4,The water,Qwen/Qwen2.5-VL-3B-Instruct,439,batch3,r
cs53,1,helicopter,Qwen/Qwen2.5-VL-3B-Instruct,439,batch3,r
cs54,3,The piggy bank.,Qwen/Qwen2.5-VL-3B-Instruct,439,batch3,r
cs55,4,The crane is at the most front of this image.,Qwen/Qwen2.5-VL-3B-Instruct,439,batch3,r
cs57,4,The bank.,Qwen/Qwen2.5-VL-3B-Instruct,439,batch3,r
cs59,2,the laughing man,Qwen/Qwen2.5-VL-3B-Instruct,439,batch3,r
cs60,4,The woman on stage.,Qwen/Qwen2.5-VL-3B-Instruct,439,batch3,r
de61,3,The cylinders,Qwen/Qwen2.5-VL-3B-Instruct,439,batch3,r
de62,1,Seal,Qwen/Qwen2.5-VL-3B-Instruct,439,batch3,r
de63,1,The corn.,Qwen/Qwen2.5-VL-3B-Instruct,439,batch3,r
de64,1,The glove,Qwen/Qwen2.5-VL-3B-Instruct,439,batch3,r
de66,2,The hourglass,Qwen/Qwen2.5-VL-3B-Instruct,439,batch3,r
de67,3,The yellow balls.,Qwen/Qwen2.5-VL-3B-Instruct,439,batch3,r
de68,1,The shield,Qwen/Qwen2.5-VL-3B-Instruct,439,batch3,r
de69,2,The sitting man wearing a hat.,Qwen/Qwen2.5-VL-3B-Instruct,439,batch3,r
de70,2,The arrow,Qwen/Qwen2.5-VL-3B-Instruct,439,batch3,r
de71,4,The flames,Qwen/Qwen2.5-VL-3B-Instruct,439,batch3,r
de72,1,The red flower-shaped object with a pointy middle is at the most front of,Qwen/Qwen2.5-VL-3B-Instruct,439,batch3,r
de73,3,The lamps,Qwen/Qwen2.5-VL-3B-Instruct,439,batch3,r
de74,3,The person in a yellow shirt is at the most front of this image.,Qwen/Qwen2.5-VL-3B-Instruct,439,batch3,r
de75,2,The trees in the lower left corner.,Qwen/Qwen2.5-VL-3B-Instruct,439,batch3,r
or31,3,The dog collar,Qwen/Qwen2.5-VL-3B-Instruct,489,batch3,r
or32,1,The diamond,Qwen/Qwen2.5-VL-3B-Instruct,489,batch3,r
or33,3,The torch,Qwen/Qwen2.5-VL-3B-Instruct,489,batch3,r
or34,4,The mug,Qwen/Qwen2.5-VL-3B-Instruct,489,batch3,r
or35,3,The standing people.,Qwen/Qwen2.5-VL-3B-Instruct,489,batch3,r
or36,3,The cigarette box,Qwen/Qwen2.5-VL-3B-Instruct,489,batch3,r
or37,2,The people,Qwen/Qwen2.5-VL-3B-Instruct,489,batch3,r
or38,3,The bike,Qwen/Qwen2.5-VL-3B-Instruct,489,batch3,r
or39,1,The mug is at the most front of this image.,Qwen/Qwen2.5-VL-3B-Instruct,489,batch3,r
or40,3,The little girl.,Qwen/Qwen2.5-VL-3B-Instruct,489,batch3,r
or41,4,The fingerprint scanner,Qwen/Qwen2.5-VL-3B-Instruct,489,batch3,r
or42,3,The solar panels.,Qwen/Qwen2.5-VL-3B-Instruct,489,batch3,r
or43,3,The puzzle pieces are at the forefront of the image.,Qwen/Qwen2.5-VL-3B-Instruct,489,batch3,r
or44,3,The book with a brick on it.,Qwen/Qwen2.5-VL-3B-Instruct,489,batch3,r
or45,3,The VR goggles.,Qwen/Qwen2.5-VL-3B-Instruct,489,batch3,r
cs46,1,The scale,Qwen/Qwen2.5-VL-3B-Instruct,489,batch3,r
cs47,3,the couple,Qwen/Qwen2.5-VL-3B-Instruct,489,batch3,r
cs48,3,The bathtub,Qwen/Qwen2.5-VL-3B-Instruct,489,batch3,r
cs49,1,The person holding a pen.,Qwen/Qwen2.5-VL-3B-Instruct,489,batch3,r
cs50,3,animal,Qwen/Qwen2.5-VL-3B-Instruct,489,batch3,r
fr1,1,The woman,Qwen/Qwen2.5-VL-3B-Instruct,489,batch3,r
fr2,3,The pointy trees,Qwen/Qwen2.5-VL-3B-Instruct,489,batch3,r
fr3,4,The tray,Qwen/Qwen2.5-VL-3B-Instruct,489,batch3,r
fr4,1,The man.,Qwen/Qwen2.5-VL-3B-Instruct,489,batch3,r
fr5,1,The suitcase,Qwen/Qwen2.5-VL-3B-Instruct,489,batch3,r
fr6,1,The men with their hands up.,Qwen/Qwen2.5-VL-3B-Instruct,489,batch3,r
fr7,3,The red rays.,Qwen/Qwen2.5-VL-3B-Instruct,489,batch3,r
fr8,3,the man,Qwen/Qwen2.5-VL-3B-Instruct,489,batch3,r
fr9,4,the crowd,Qwen/Qwen2.5-VL-3B-Instruct,489,batch3,r
fr10,3,the man's right hand,Qwen/Qwen2.5-VL-3B-Instruct,489,batch3,r
fr11,2,The open books,Qwen/Qwen2.5-VL-3B-Instruct,489,batch3,r
fr12,1,The kid on the bike is at the forefront of this image.,Qwen/Qwen2.5-VL-3B-Instruct,489,batch3,r
fr13,1,The stool,Qwen/Qwen2.5-VL-3B-Instruct,489,batch3,r
fr14,2,the red bars,Qwen/Qwen2.5-VL-3B-Instruct,489,batch3,r
fr15,3,the woman in jeans,Qwen/Qwen2.5-VL-3B-Instruct,489,batch3,r
cs51,1,The soldiers facing forward.,Qwen/Qwen2.5-VL-3B-Instruct,489,batch3,r
cs52,4,the water,Qwen/Qwen2.5-VL-3B-Instruct,489,batch3,r
cs53,1,The helicopter is at the most front of this image.,Qwen/Qwen2.5-VL-3B-Instruct,489,batch3,r
cs54,4,"Only say the piggy bank, the clock, or it is ambiguous and nothing",Qwen/Qwen2.5-VL-3B-Instruct,489,batch3,r
cs55,2,The faucet,Qwen/Qwen2.5-VL-3B-Instruct,489,batch3,r
cs56,1,the quill pen,Qwen/Qwen2.5-VL-3B-Instruct,489,batch3,r
cs57,4,The bank,Qwen/Qwen2.5-VL-3B-Instruct,489,batch3,r
cs58,3,People,Qwen/Qwen2.5-VL-3B-Instruct,489,batch3,r
cs59,1,The laughing man,Qwen/Qwen2.5-VL-3B-Instruct,489,batch3,r
cs60,1,The orchestra,Qwen/Qwen2.5-VL-3B-Instruct,489,batch3,r
de61,1,The cylinders are at the most front of this image.,Qwen/Qwen2.5-VL-3B-Instruct,489,batch3,r
de62,1,The seal,Qwen/Qwen2.5-VL-3B-Instruct,489,batch3,r
de63,1,The corn,Qwen/Qwen2.5-VL-3B-Instruct,489,batch3,r
de64,3,The glove.,Qwen/Qwen2.5-VL-3B-Instruct,489,batch3,r
de65,3,The ape,Qwen/Qwen2.5-VL-3B-Instruct,489,batch3,r
de66,1,The hourglass,Qwen/Qwen2.5-VL-3B-Instruct,489,batch3,r
de67,3,The yellow balls.,Qwen/Qwen2.5-VL-3B-Instruct,489,batch3,r
de68,3,The shield.,Qwen/Qwen2.5-VL-3B-Instruct,489,batch3,r
de69,1,the sitting man wearing a hat,Qwen/Qwen2.5-VL-3B-Instruct,489,batch3,r
de70,2,The arrow,Qwen/Qwen2.5-VL-3B-Instruct,489,batch3,r
de71,1,The flames,Qwen/Qwen2.5-VL-3B-Instruct,489,batch3,r
de72,1,The red flower-shaped object with a pointy middle is at the most front of,Qwen/Qwen2.5-VL-3B-Instruct,489,batch3,r
de73,4,lamps,Qwen/Qwen2.5-VL-3B-Instruct,489,batch3,r
de74,3,The person in a yellow shirt.,Qwen/Qwen2.5-VL-3B-Instruct,489,batch3,r
de75,1,The trees in the lower left corner.,Qwen/Qwen2.5-VL-3B-Instruct,489,batch3,r
or46,1,The door on the left.,Qwen/Qwen2.5-VL-3B-Instruct,143,batch4,r
or47,4,The couple,Qwen/Qwen2.5-VL-3B-Instruct,143,batch4,r
or48,4,the bathtub,Qwen/Qwen2.5-VL-3B-Instruct,143,batch4,r
or49,4,The person holding a pen,Qwen/Qwen2.5-VL-3B-Instruct,143,batch4,r
or50,4,The animal,Qwen/Qwen2.5-VL-3B-Instruct,143,batch4,r
de1,4,The woman,Qwen/Qwen2.5-VL-3B-Instruct,143,batch4,r
de3,2,The tray,Qwen/Qwen2.5-VL-3B-Instruct,143,batch4,r
de4,3,The man,Qwen/Qwen2.5-VL-3B-Instruct,143,batch4,r
de5,3,The suitcase is at the most front of this image.,Qwen/Qwen2.5-VL-3B-Instruct,143,batch4,r
de6,2,The men with their hands up.,Qwen/Qwen2.5-VL-3B-Instruct,143,batch4,r
de7,3,"Only say the red rays, it is ambiguous.",Qwen/Qwen2.5-VL-3B-Instruct,143,batch4,r
de8,3,The man,Qwen/Qwen2.5-VL-3B-Instruct,143,batch4,r
de9,3,The crowd,Qwen/Qwen2.5-VL-3B-Instruct,143,batch4,r
de10,4,the thermos,Qwen/Qwen2.5-VL-3B-Instruct,143,batch4,r
de11,3,The open books is at the forefront of the image.,Qwen/Qwen2.5-VL-3B-Instruct,143,batch4,r
de12,1,The kid on the bike is at the most front of this image.,Qwen/Qwen2.5-VL-3B-Instruct,143,batch4,r
de13,4,The stool.,Qwen/Qwen2.5-VL-3B-Instruct,143,batch4,r
de14,2,The red bars.,Qwen/Qwen2.5-VL-3B-Instruct,143,batch4,r
de15,2,the lime,Qwen/Qwen2.5-VL-3B-Instruct,143,batch4,r
fr16,3,The heart-shaped tree,Qwen/Qwen2.5-VL-3B-Instruct,143,batch4,r
fr17,1,The lightning,Qwen/Qwen2.5-VL-3B-Instruct,143,batch4,r
fr18,3,The check mark,Qwen/Qwen2.5-VL-3B-Instruct,143,batch4,r
fr19,3,The laptops,Qwen/Qwen2.5-VL-3B-Instruct,143,batch4,r
fr20,2,man,Qwen/Qwen2.5-VL-3B-Instruct,143,batch4,r
fr21,3,The screen,Qwen/Qwen2.5-VL-3B-Instruct,143,batch4,r
fr22,3,The sun is at the forefront of the image.,Qwen/Qwen2.5-VL-3B-Instruct,143,batch4,r
fr23,3,The moon,Qwen/Qwen2.5-VL-3B-Instruct,143,batch4,r
fr24,2,The phone is at the forefront of this image.,Qwen/Qwen2.5-VL-3B-Instruct,143,batch4,r
fr25,4,The big circle.,Qwen/Qwen2.5-VL-3B-Instruct,143,batch4,r
fr26,1,air pump,Qwen/Qwen2.5-VL-3B-Instruct,143,batch4,r
fr27,3,The woman's left foot,Qwen/Qwen2.5-VL-3B-Instruct,143,batch4,r
fr28,1,Liver,Qwen/Qwen2.5-VL-3B-Instruct,143,batch4,r
fr29,1,can't say,Qwen/Qwen2.5-VL-3B-Instruct,143,batch4,r
fr30,2,The flasks,Qwen/Qwen2.5-VL-3B-Instruct,143,batch4,r
or51,3,The soldiers facing forward are at the most front of this image.,Qwen/Qwen2.5-VL-3B-Instruct,143,batch4,r
or52,3,The water.,Qwen/Qwen2.5-VL-3B-Instruct,143,batch4,r
or53,4,The helicopter,Qwen/Qwen2.5-VL-3B-Instruct,143,batch4,r
or54,3,"Only say the piggy bank, the clock, or it is ambiguous and nothing",Qwen/Qwen2.5-VL-3B-Instruct,143,batch4,r
or55,3,the faucet,Qwen/Qwen2.5-VL-3B-Instruct,143,batch4,r
or56,3,The quill pen is at the most front of this image.,Qwen/Qwen2.5-VL-3B-Instruct,143,batch4,r
or57,4,The bank,Qwen/Qwen2.5-VL-3B-Instruct,143,batch4,r
or58,3,The people,Qwen/Qwen2.5-VL-3B-Instruct,143,batch4,r
or59,3,The woman with a notepad.,Qwen/Qwen2.5-VL-3B-Instruct,143,batch4,r
or60,4,The woman on stage.,Qwen/Qwen2.5-VL-3B-Instruct,143,batch4,r
cs61,2,The tropical trees.,Qwen/Qwen2.5-VL-3B-Instruct,143,batch4,r
cs62,3,Seal,Qwen/Qwen2.5-VL-3B-Instruct,143,batch4,r
cs63,1,The tractor is at the forefront of this image.,Qwen/Qwen2.5-VL-3B-Instruct,143,batch4,r
cs64,3,The glove is at the most front of this image.,Qwen/Qwen2.5-VL-3B-Instruct,143,batch4,r
cs65,2,the ball next to a monitor,Qwen/Qwen2.5-VL-3B-Instruct,143,batch4,r
cs66,4,The surveilalnce camera on the right.,Qwen/Qwen2.5-VL-3B-Instruct,143,batch4,r
cs67,1,The yellow balls.,Qwen/Qwen2.5-VL-3B-Instruct,143,batch4,r
cs68,3,shield,Qwen/Qwen2.5-VL-3B-Instruct,143,batch4,r
cs69,3,The sitting man wearing a hat is at the most front of this image.,Qwen/Qwen2.5-VL-3B-Instruct,143,batch4,r
cs70,3,The arrow,Qwen/Qwen2.5-VL-3B-Instruct,143,batch4,r
cs71,1,The flames are at the most front of this image.,Qwen/Qwen2.5-VL-3B-Instruct,143,batch4,r
cs72,1,the red flower-shaped object with a pointy middle,Qwen/Qwen2.5-VL-3B-Instruct,143,batch4,r
cs73,3,The lamps,Qwen/Qwen2.5-VL-3B-Instruct,143,batch4,r
cs74,4,The person in a yellow shirt is at the most front of the image.,Qwen/Qwen2.5-VL-3B-Instruct,143,batch4,r
cs75,3,The trees in the lower left corner are at the most front of this image.,Qwen/Qwen2.5-VL-3B-Instruct,143,batch4,r
or46,2,the door on the left,Qwen/Qwen2.5-VL-3B-Instruct,148,batch4,r
or47,3,the couple,Qwen/Qwen2.5-VL-3B-Instruct,148,batch4,r
or48,3,The bathtub,Qwen/Qwen2.5-VL-3B-Instruct,148,batch4,r
or49,1,The person holding a pen,Qwen/Qwen2.5-VL-3B-Instruct,148,batch4,r
or50,2,The animal,Qwen/Qwen2.5-VL-3B-Instruct,148,batch4,r
de1,1,the woman,Qwen/Qwen2.5-VL-3B-Instruct,148,batch4,r
de2,3,the pointy trees,Qwen/Qwen2.5-VL-3B-Instruct,148,batch4,r
de3,2,The tray,Qwen/Qwen2.5-VL-3B-Instruct,148,batch4,r
de4,1,It is ambiguous.,Qwen/Qwen2.5-VL-3B-Instruct,148,batch4,r
de5,1,The baby,Qwen/Qwen2.5-VL-3B-Instruct,148,batch4,r
de6,1,The men with their hands up.,Qwen/Qwen2.5-VL-3B-Instruct,148,batch4,r
de7,3,The red rays are at the front of the image.,Qwen/Qwen2.5-VL-3B-Instruct,148,batch4,r
de8,2,The man,Qwen/Qwen2.5-VL-3B-Instruct,148,batch4,r
de9,3,The crowd,Qwen/Qwen2.5-VL-3B-Instruct,148,batch4,r
de10,3,the man's right hand,Qwen/Qwen2.5-VL-3B-Instruct,148,batch4,r
de11,3,The open books are at the forefront of this image.,Qwen/Qwen2.5-VL-3B-Instruct,148,batch4,r
de12,3,The kid on the bike.,Qwen/Qwen2.5-VL-3B-Instruct,148,batch4,r
de13,3,The stool.,Qwen/Qwen2.5-VL-3B-Instruct,148,batch4,r
de14,3,The red bars are at the forefront of the image.,Qwen/Qwen2.5-VL-3B-Instruct,148,batch4,r
de15,1,The lime.,Qwen/Qwen2.5-VL-3B-Instruct,148,batch4,r
fr16,3,The heart-shaped tree.,Qwen/Qwen2.5-VL-3B-Instruct,148,batch4,r
fr17,3,The lightning is at the forefront of the image.,Qwen/Qwen2.5-VL-3B-Instruct,148,batch4,r
fr18,3,The elephant,Qwen/Qwen2.5-VL-3B-Instruct,148,batch4,r
fr19,2,The man in a wheelchair.,Qwen/Qwen2.5-VL-3B-Instruct,148,batch4,r
fr20,1,the man,Qwen/Qwen2.5-VL-3B-Instruct,148,batch4,r
fr21,4,The kid in the yellow shirt,Qwen/Qwen2.5-VL-3B-Instruct,148,batch4,r
fr22,3,Sun,Qwen/Qwen2.5-VL-3B-Instruct,148,batch4,r
fr23,1,Staircase,Qwen/Qwen2.5-VL-3B-Instruct,148,batch4,r
fr24,1,The phone,Qwen/Qwen2.5-VL-3B-Instruct,148,batch4,r
fr25,4,The light.,Qwen/Qwen2.5-VL-3B-Instruct,148,batch4,r
fr26,3,Air pump,Qwen/Qwen2.5-VL-3B-Instruct,148,batch4,r
fr27,1,The woman's left foot,Qwen/Qwen2.5-VL-3B-Instruct,148,batch4,r
fr28,3,The liver,Qwen/Qwen2.5-VL-3B-Instruct,148,batch4,r
fr29,3,the man with a beard,Qwen/Qwen2.5-VL-3B-Instruct,148,batch4,r
fr30,4,cannot say,Qwen/Qwen2.5-VL-3B-Instruct,148,batch4,r
or51,2,The soldiers facing forward.,Qwen/Qwen2.5-VL-3B-Instruct,148,batch4,r
or52,1,Water,Qwen/Qwen2.5-VL-3B-Instruct,148,batch4,r
or53,4,The helicopter,Qwen/Qwen2.5-VL-3B-Instruct,148,batch4,r
or54,3,the clock,Qwen/Qwen2.5-VL-3B-Instruct,148,batch4,r
or55,1,The faucet.,Qwen/Qwen2.5-VL-3B-Instruct,148,batch4,r
or56,2,Quill pen,Qwen/Qwen2.5-VL-3B-Instruct,148,batch4,r
or57,2,the bank,Qwen/Qwen2.5-VL-3B-Instruct,148,batch4,r
or58,4,the people,Qwen/Qwen2.5-VL-3B-Instruct,148,batch4,r
or59,2,The woman with a notepad.,Qwen/Qwen2.5-VL-3B-Instruct,148,batch4,r
or60,3,The woman on stage.,Qwen/Qwen2.5-VL-3B-Instruct,148,batch4,r
cs61,4,Cylinders,Qwen/Qwen2.5-VL-3B-Instruct,148,batch4,r
cs62,3,The seal.,Qwen/Qwen2.5-VL-3B-Instruct,148,batch4,r
cs63,3,The tractor,Qwen/Qwen2.5-VL-3B-Instruct,148,batch4,r
cs64,1,the magnifying glass,Qwen/Qwen2.5-VL-3B-Instruct,148,batch4,r
cs65,2,The ape,Qwen/Qwen2.5-VL-3B-Instruct,148,batch4,r
cs66,2,The hourglass.,Qwen/Qwen2.5-VL-3B-Instruct,148,batch4,r
cs67,3,The yellow balls.,Qwen/Qwen2.5-VL-3B-Instruct,148,batch4,r
cs68,2,The shield,Qwen/Qwen2.5-VL-3B-Instruct,148,batch4,r
cs69,4,The sitting man wearing a hat.,Qwen/Qwen2.5-VL-3B-Instruct,148,batch4,r
cs70,1,The dollar sign.,Qwen/Qwen2.5-VL-3B-Instruct,148,batch4,r
cs71,2,The fire truck,Qwen/Qwen2.5-VL-3B-Instruct,148,batch4,r
cs73,1,The lamps.,Qwen/Qwen2.5-VL-3B-Instruct,148,batch4,r
cs74,4,The person in a yellow shirt is at the most front of the image.,Qwen/Qwen2.5-VL-3B-Instruct,148,batch4,r
cs75,3,The trees in the lower left corner.,Qwen/Qwen2.5-VL-3B-Instruct,148,batch4,r
or46,3,The door on the left.,Qwen/Qwen2.5-VL-3B-Instruct,161,batch4,r
or47,3,The couple,Qwen/Qwen2.5-VL-3B-Instruct,161,batch4,r
or48,4,The bathtub.,Qwen/Qwen2.5-VL-3B-Instruct,161,batch4,r
or49,4,The person holding a pen,Qwen/Qwen2.5-VL-3B-Instruct,161,batch4,r
or50,3,The animal,Qwen/Qwen2.5-VL-3B-Instruct,161,batch4,r
de1,2,The woman,Qwen/Qwen2.5-VL-3B-Instruct,161,batch4,r
de2,2,the solar panel,Qwen/Qwen2.5-VL-3B-Instruct,161,batch4,r
de3,3,The tray is the most front of this image.,Qwen/Qwen2.5-VL-3B-Instruct,161,batch4,r
de4,4,The man.,Qwen/Qwen2.5-VL-3B-Instruct,161,batch4,r
de5,3,The baby,Qwen/Qwen2.5-VL-3B-Instruct,161,batch4,r
de6,1,The men with their hands up.,Qwen/Qwen2.5-VL-3B-Instruct,161,batch4,r
de7,4,The blue rays.,Qwen/Qwen2.5-VL-3B-Instruct,161,batch4,r
de8,1,The man,Qwen/Qwen2.5-VL-3B-Instruct,161,batch4,r
de9,2,the crowd,Qwen/Qwen2.5-VL-3B-Instruct,161,batch4,r
de10,3,The man's right hand,Qwen/Qwen2.5-VL-3B-Instruct,161,batch4,r
de12,3,The kid on the bike.,Qwen/Qwen2.5-VL-3B-Instruct,161,batch4,r
de13,1,The stool,Qwen/Qwen2.5-VL-3B-Instruct,161,batch4,r
de14,3,The red bars are at the forefront of the image.,Qwen/Qwen2.5-VL-3B-Instruct,161,batch4,r
de15,3,the woman with the headband,Qwen/Qwen2.5-VL-3B-Instruct,161,batch4,r
fr16,1,The kid in a striped shirt,Qwen/Qwen2.5-VL-3B-Instruct,161,batch4,r
fr17,3,Everything equal,Qwen/Qwen2.5-VL-3B-Instruct,161,batch4,r
fr18,2,The check mark,Qwen/Qwen2.5-VL-3B-Instruct,161,batch4,r
fr19,4,The laptops,Qwen/Qwen2.5-VL-3B-Instruct,161,batch4,r
fr20,1,The man,Qwen/Qwen2.5-VL-3B-Instruct,161,batch4,r
fr21,3,the kid in a yellow shirt,Qwen/Qwen2.5-VL-3B-Instruct,161,batch4,r
fr22,3,The sun,Qwen/Qwen2.5-VL-3B-Instruct,161,batch4,r
fr23,4,The staircase is at the front of the image.,Qwen/Qwen2.5-VL-3B-Instruct,161,batch4,r
fr24,1,The phone.,Qwen/Qwen2.5-VL-3B-Instruct,161,batch4,r
fr25,1,The light.,Qwen/Qwen2.5-VL-3B-Instruct,161,batch4,r
fr26,3,The air pump,Qwen/Qwen2.5-VL-3B-Instruct,161,batch4,r
fr27,3,The woman's left foot,Qwen/Qwen2.5-VL-3B-Instruct,161,batch4,r
fr28,3,The liver,Qwen/Qwen2.5-VL-3B-Instruct,161,batch4,r
fr29,2,Cannot say and nothing else.,Qwen/Qwen2.5-VL-3B-Instruct,161,batch4,r
fr30,1,cannot say,Qwen/Qwen2.5-VL-3B-Instruct,161,batch4,r
or51,3,The soldiers facing forward.,Qwen/Qwen2.5-VL-3B-Instruct,161,batch4,r
or52,4,The water,Qwen/Qwen2.5-VL-3B-Instruct,161,batch4,r
or53,3,The helicopter,Qwen/Qwen2.5-VL-3B-Instruct,161,batch4,r
or54,3,It is ambiguous.,Qwen/Qwen2.5-VL-3B-Instruct,161,batch4,r
or55,4,The faucet,Qwen/Qwen2.5-VL-3B-Instruct,161,batch4,r
or56,4,The quill pen,Qwen/Qwen2.5-VL-3B-Instruct,161,batch4,r
or57,4,The bank,Qwen/Qwen2.5-VL-3B-Instruct,161,batch4,r
or58,3,The hammer.,Qwen/Qwen2.5-VL-3B-Instruct,161,batch4,r
or59,3,The laughing man,Qwen/Qwen2.5-VL-3B-Instruct,161,batch4,r
or60,3,The orchestra,Qwen/Qwen2.5-VL-3B-Instruct,161,batch4,r
cs61,3,The cylinders are at the forefront of this image.,Qwen/Qwen2.5-VL-3B-Instruct,161,batch4,r
cs62,2,The magnifying glass.,Qwen/Qwen2.5-VL-3B-Instruct,161,batch4,r
cs63,2,Tomatoes,Qwen/Qwen2.5-VL-3B-Instruct,161,batch4,r
cs64,3,The glove,Qwen/Qwen2.5-VL-3B-Instruct,161,batch4,r
cs65,2,The ape.,Qwen/Qwen2.5-VL-3B-Instruct,161,batch4,r
cs66,3,The hourglass,Qwen/Qwen2.5-VL-3B-Instruct,161,batch4,r
cs67,3,Yellow balls,Qwen/Qwen2.5-VL-3B-Instruct,161,batch4,r
cs68,3,The shield,Qwen/Qwen2.5-VL-3B-Instruct,161,batch4,r
cs69,2,the sitting man wearing a hat,Qwen/Qwen2.5-VL-3B-Instruct,161,batch4,r
cs70,1,The running humans,Qwen/Qwen2.5-VL-3B-Instruct,161,batch4,r
cs71,2,The flames.,Qwen/Qwen2.5-VL-3B-Instruct,161,batch4,r
cs72,2,The red flower-shaped object with a pointy middle.,Qwen/Qwen2.5-VL-3B-Instruct,161,batch4,r
cs73,3,The lamps,Qwen/Qwen2.5-VL-3B-Instruct,161,batch4,r
cs74,4,the person in a yellow shirt,Qwen/Qwen2.5-VL-3B-Instruct,161,batch4,r
cs75,3,the trees in the lower left corner,Qwen/Qwen2.5-VL-3B-Instruct,161,batch4,r
or46,3,The door on the left.,Qwen/Qwen2.5-VL-3B-Instruct,230,batch4,r
or47,3,The couple.,Qwen/Qwen2.5-VL-3B-Instruct,230,batch4,r
or48,1,The bathtub,Qwen/Qwen2.5-VL-3B-Instruct,230,batch4,r
or49,3,the person holding a pen,Qwen/Qwen2.5-VL-3B-Instruct,230,batch4,r
or50,3,The animal.,Qwen/Qwen2.5-VL-3B-Instruct,230,batch4,r
de1,1,The woman,Qwen/Qwen2.5-VL-3B-Instruct,230,batch4,r
de2,2,The pointy trees.,Qwen/Qwen2.5-VL-3B-Instruct,230,batch4,r
de3,4,The tray is at the most front of this image.,Qwen/Qwen2.5-VL-3B-Instruct,230,batch4,r
de4,4,The man.,Qwen/Qwen2.5-VL-3B-Instruct,230,batch4,r
de5,1,baby,Qwen/Qwen2.5-VL-3B-Instruct,230,batch4,r
de6,3,The men with their hands up are in the most front of this image.,Qwen/Qwen2.5-VL-3B-Instruct,230,batch4,r
de7,3,The blue rays.,Qwen/Qwen2.5-VL-3B-Instruct,230,batch4,r
de8,1,The man,Qwen/Qwen2.5-VL-3B-Instruct,230,batch4,r
de10,3,The man's right hand,Qwen/Qwen2.5-VL-3B-Instruct,230,batch4,r
de11,4,The light on the ceiling.,Qwen/Qwen2.5-VL-3B-Instruct,230,batch4,r
de12,3,The kid on the bike.,Qwen/Qwen2.5-VL-3B-Instruct,230,batch4,r
de13,3,The stool,Qwen/Qwen2.5-VL-3B-Instruct,230,batch4,r
de14,4,The red bars are at the forefront of the image.,Qwen/Qwen2.5-VL-3B-Instruct,230,batch4,r
de15,3,The woman with the headband,Qwen/Qwen2.5-VL-3B-Instruct,230,batch4,r
fr16,3,The heart-shaped tree.,Qwen/Qwen2.5-VL-3B-Instruct,230,batch4,r
fr17,3,The brain.,Qwen/Qwen2.5-VL-3B-Instruct,230,batch4,r
fr18,3,The check mark,Qwen/Qwen2.5-VL-3B-Instruct,230,batch4,r
fr19,3,The man in a wheelchair.,Qwen/Qwen2.5-VL-3B-Instruct,230,batch4,r
fr20,1,The man,Qwen/Qwen2.5-VL-3B-Instruct,230,batch4,r
fr21,3,the kid in a yellow shirt,Qwen/Qwen2.5-VL-3B-Instruct,230,batch4,r
fr22,2,The sun,Qwen/Qwen2.5-VL-3B-Instruct,230,batch4,r
fr23,2,The door.,Qwen/Qwen2.5-VL-3B-Instruct,230,batch4,r
fr24,3,cannot say,Qwen/Qwen2.5-VL-3B-Instruct,230,batch4,r
fr25,4,The woman holding a note.,Qwen/Qwen2.5-VL-3B-Instruct,230,batch4,r
fr26,4,The air pump,Qwen/Qwen2.5-VL-3B-Instruct,230,batch4,r
fr27,4,The woman's left foot,Qwen/Qwen2.5-VL-3B-Instruct,230,batch4,r
fr28,3,The pig.,Qwen/Qwen2.5-VL-3B-Instruct,230,batch4,r
fr29,4,The man with a beard.,Qwen/Qwen2.5-VL-3B-Instruct,230,batch4,r
fr30,1,The flasks.,Qwen/Qwen2.5-VL-3B-Instruct,230,batch4,r
or51,4,The soldiers facing forward are at the most front of this image.,Qwen/Qwen2.5-VL-3B-Instruct,230,batch4,r
or52,3,The water.,Qwen/Qwen2.5-VL-3B-Instruct,230,batch4,r
or53,1,The big car,Qwen/Qwen2.5-VL-3B-Instruct,230,batch4,r
or54,3,The clock is at the most front of the image.,Qwen/Qwen2.5-VL-3B-Instruct,230,batch4,r
or55,3,The faucet.,Qwen/Qwen2.5-VL-3B-Instruct,230,batch4,r
or56,2,The quill pen,Qwen/Qwen2.5-VL-3B-Instruct,230,batch4,r
or57,4,The bank,Qwen/Qwen2.5-VL-3B-Instruct,230,batch4,r
or58,2,The hammer,Qwen/Qwen2.5-VL-3B-Instruct,230,batch4,r
or59,4,The laughing man,Qwen/Qwen2.5-VL-3B-Instruct,230,batch4,r
or60,4,The woman on stage.,Qwen/Qwen2.5-VL-3B-Instruct,230,batch4,r
cs61,4,The cylinders.,Qwen/Qwen2.5-VL-3B-Instruct,230,batch4,r
cs62,3,seal,Qwen/Qwen2.5-VL-3B-Instruct,230,batch4,r
cs63,4,The corn,Qwen/Qwen2.5-VL-3B-Instruct,230,batch4,r
cs64,3,The glove.,Qwen/Qwen2.5-VL-3B-Instruct,230,batch4,r
cs65,1,The ape,Qwen/Qwen2.5-VL-3B-Instruct,230,batch4,r
cs66,1,Surveillance camera on the right,Qwen/Qwen2.5-VL-3B-Instruct,230,batch4,r
cs67,3,cannot say,Qwen/Qwen2.5-VL-3B-Instruct,230,batch4,r
cs68,3,The shield,Qwen/Qwen2.5-VL-3B-Instruct,230,batch4,r
cs69,2,The sitting man wearing a hat.,Qwen/Qwen2.5-VL-3B-Instruct,230,batch4,r
cs70,1,Arrow,Qwen/Qwen2.5-VL-3B-Instruct,230,batch4,r
cs71,1,The flames,Qwen/Qwen2.5-VL-3B-Instruct,230,batch4,r
cs72,2,The red flower-shaped object with a pointy middle is at the most front of,Qwen/Qwen2.5-VL-3B-Instruct,230,batch4,r
cs73,1,The lamps,Qwen/Qwen2.5-VL-3B-Instruct,230,batch4,r
cs74,3,The person in a yellow shirt.,Qwen/Qwen2.5-VL-3B-Instruct,230,batch4,r
cs75,3,The cliffs on the right are at the most front of this image.,Qwen/Qwen2.5-VL-3B-Instruct,230,batch4,r
or46,1,the door on the left,Qwen/Qwen2.5-VL-3B-Instruct,254,batch4,r
or47,2,The couple,Qwen/Qwen2.5-VL-3B-Instruct,254,batch4,r
or48,3,the bathtub,Qwen/Qwen2.5-VL-3B-Instruct,254,batch4,r
or49,3,The person holding a pen,Qwen/Qwen2.5-VL-3B-Instruct,254,batch4,r
or50,1,The animal,Qwen/Qwen2.5-VL-3B-Instruct,254,batch4,r
de1,1,the woman,Qwen/Qwen2.5-VL-3B-Instruct,254,batch4,r
de2,2,The pointy trees.,Qwen/Qwen2.5-VL-3B-Instruct,254,batch4,r
de3,1,the tray,Qwen/Qwen2.5-VL-3B-Instruct,254,batch4,r
de4,3,The man,Qwen/Qwen2.5-VL-3B-Instruct,254,batch4,r
de5,1,The suitcase.,Qwen/Qwen2.5-VL-3B-Instruct,254,batch4,r
de6,3,the men with their hands up,Qwen/Qwen2.5-VL-3B-Instruct,254,batch4,r
de7,1,The red rays.,Qwen/Qwen2.5-VL-3B-Instruct,254,batch4,r
de8,1,The man,Qwen/Qwen2.5-VL-3B-Instruct,254,batch4,r
de9,1,DJ behind the glass,Qwen/Qwen2.5-VL-3B-Instruct,254,batch4,r
de10,3,The man's right hand,Qwen/Qwen2.5-VL-3B-Instruct,254,batch4,r
de11,3,The open books.,Qwen/Qwen2.5-VL-3B-Instruct,254,batch4,r
de12,3,the kid on the bike,Qwen/Qwen2.5-VL-3B-Instruct,254,batch4,r
de13,1,The stool,Qwen/Qwen2.5-VL-3B-Instruct,254,batch4,r
de14,1,the red bars.,Qwen/Qwen2.5-VL-3B-Instruct,254,batch4,r
de15,3,The woman in jeans.,Qwen/Qwen2.5-VL-3B-Instruct,254,batch4,r
fr16,2,The heart-shaped tree,Qwen/Qwen2.5-VL-3B-Instruct,254,batch4,r
fr17,3,everything equal,Qwen/Qwen2.5-VL-3B-Instruct,254,batch4,r
fr18,3,The building with a dome,Qwen/Qwen2.5-VL-3B-Instruct,254,batch4,r
fr19,3,The laptops.,Qwen/Qwen2.5-VL-3B-Instruct,254,batch4,r
fr20,2,the man,Qwen/Qwen2.5-VL-3B-Instruct,254,batch4,r
fr21,4,the plants,Qwen/Qwen2.5-VL-3B-Instruct,254,batch4,r
fr22,3,Everything Equal,Qwen/Qwen2.5-VL-3B-Instruct,254,batch4,r
fr23,1,The door,Qwen/Qwen2.5-VL-3B-Instruct,254,batch4,r
fr24,2,The phone,Qwen/Qwen2.5-VL-3B-Instruct,254,batch4,r
fr25,3,the big circle,Qwen/Qwen2.5-VL-3B-Instruct,254,batch4,r
fr26,2,The air pump.,Qwen/Qwen2.5-VL-3B-Instruct,254,batch4,r
fr27,2,The shoes,Qwen/Qwen2.5-VL-3B-Instruct,254,batch4,r
fr28,2,The liver.,Qwen/Qwen2.5-VL-3B-Instruct,254,batch4,r
fr29,3,The man with a beard.,Qwen/Qwen2.5-VL-3B-Instruct,254,batch4,r
fr30,3,The flasks,Qwen/Qwen2.5-VL-3B-Instruct,254,batch4,r
or51,4,The helicopters are at the front of the image.,Qwen/Qwen2.5-VL-3B-Instruct,254,batch4,r
or52,3,water,Qwen/Qwen2.5-VL-3B-Instruct,254,batch4,r
or53,3,The helicopter,Qwen/Qwen2.5-VL-3B-Instruct,254,batch4,r
or54,3,The piggy bank is at the forefront of the image.,Qwen/Qwen2.5-VL-3B-Instruct,254,batch4,r
or55,4,The faucet.,Qwen/Qwen2.5-VL-3B-Instruct,254,batch4,r
or56,2,The quill pen,Qwen/Qwen2.5-VL-3B-Instruct,254,batch4,r
or57,3,The bank,Qwen/Qwen2.5-VL-3B-Instruct,254,batch4,r
or58,3,The people,Qwen/Qwen2.5-VL-3B-Instruct,254,batch4,r
or59,4,The woman with the notepad,Qwen/Qwen2.5-VL-3B-Instruct,254,batch4,r
or60,3,The woman on stage.,Qwen/Qwen2.5-VL-3B-Instruct,254,batch4,r
cs61,2,the cranes,Qwen/Qwen2.5-VL-3B-Instruct,254,batch4,r
cs62,3,The seal,Qwen/Qwen2.5-VL-3B-Instruct,254,batch4,r
cs63,3,The tractor,Qwen/Qwen2.5-VL-3B-Instruct,254,batch4,r
cs64,3,The glove.,Qwen/Qwen2.5-VL-3B-Instruct,254,batch4,r
cs65,2,ball next to a monitor,Qwen/Qwen2.5-VL-3B-Instruct,254,batch4,r
cs66,1,The hourglass,Qwen/Qwen2.5-VL-3B-Instruct,254,batch4,r
cs67,2,The yellow balls.,Qwen/Qwen2.5-VL-3B-Instruct,254,batch4,r
cs68,1,The shield,Qwen/Qwen2.5-VL-3B-Instruct,254,batch4,r
cs69,1,The sitting man wearing a hat.,Qwen/Qwen2.5-VL-3B-Instruct,254,batch4,r
cs70,3,The arrow.,Qwen/Qwen2.5-VL-3B-Instruct,254,batch4,r
cs71,3,The flames,Qwen/Qwen2.5-VL-3B-Instruct,254,batch4,r
cs72,1,The red flower-shaped object with a pointy middle is at the most front of,Qwen/Qwen2.5-VL-3B-Instruct,254,batch4,r
cs73,3,Lamps,Qwen/Qwen2.5-VL-3B-Instruct,254,batch4,r
cs74,2,Everything equal.,Qwen/Qwen2.5-VL-3B-Instruct,254,batch4,r
cs75,4,The trees in the lower left corner.,Qwen/Qwen2.5-VL-3B-Instruct,254,batch4,r
or46,4,The door on the left.,Qwen/Qwen2.5-VL-3B-Instruct,296,batch4,r
or47,4,The couple,Qwen/Qwen2.5-VL-3B-Instruct,296,batch4,r
or48,4,the bathtub,Qwen/Qwen2.5-VL-3B-Instruct,296,batch4,r
or49,4,The person holding a pen.,Qwen/Qwen2.5-VL-3B-Instruct,296,batch4,r
or50,4,The animal.,Qwen/Qwen2.5-VL-3B-Instruct,296,batch4,r
de1,1,The woman,Qwen/Qwen2.5-VL-3B-Instruct,296,batch4,r
de2,2,the pointy trees,Qwen/Qwen2.5-VL-3B-Instruct,296,batch4,r
de3,1,The tray,Qwen/Qwen2.5-VL-3B-Instruct,296,batch4,r
de4,1,The man,Qwen/Qwen2.5-VL-3B-Instruct,296,batch4,r
de5,2,The baby,Qwen/Qwen2.5-VL-3B-Instruct,296,batch4,r
de6,3,The men with their hands up.,Qwen/Qwen2.5-VL-3B-Instruct,296,batch4,r
de7,1,The red rays.,Qwen/Qwen2.5-VL-3B-Instruct,296,batch4,r
de8,3,The man.,Qwen/Qwen2.5-VL-3B-Instruct,296,batch4,r
de9,1,The crowd,Qwen/Qwen2.5-VL-3B-Instruct,296,batch4,r
de10,4,the man's right hand,Qwen/Qwen2.5-VL-3B-Instruct,296,batch4,r
de11,2,The open books.,Qwen/Qwen2.5-VL-3B-Instruct,296,batch4,r
de12,1,The kid on the bike,Qwen/Qwen2.5-VL-3B-Instruct,296,batch4,r
de13,3,the stool,Qwen/Qwen2.5-VL-3B-Instruct,296,batch4,r
de14,2,The red bars are at the forefront of the image.,Qwen/Qwen2.5-VL-3B-Instruct,296,batch4,r
de15,3,The woman in jeans.,Qwen/Qwen2.5-VL-3B-Instruct,296,batch4,r
fr16,3,The kid in a striped shirt.,Qwen/Qwen2.5-VL-3B-Instruct,296,batch4,r
fr17,1,The brain,Qwen/Qwen2.5-VL-3B-Instruct,296,batch4,r
fr18,3,The elephant,Qwen/Qwen2.5-VL-3B-Instruct,296,batch4,r
fr19,3,the laptops,Qwen/Qwen2.5-VL-3B-Instruct,296,batch4,r
fr20,1,the man,Qwen/Qwen2.5-VL-3B-Instruct,296,batch4,r
fr21,3,the screen,Qwen/Qwen2.5-VL-3B-Instruct,296,batch4,r
fr22,3,The Sun.,Qwen/Qwen2.5-VL-3B-Instruct,296,batch4,r
fr23,3,The moon,Qwen/Qwen2.5-VL-3B-Instruct,296,batch4,r
fr24,4,The phone.,Qwen/Qwen2.5-VL-3B-Instruct,296,batch4,r
fr25,3,The woman holding a note is at the most front of this image.,Qwen/Qwen2.5-VL-3B-Instruct,296,batch4,r
fr26,3,The air pump,Qwen/Qwen2.5-VL-3B-Instruct,296,batch4,r
fr27,1,The woman's left foot,Qwen/Qwen2.5-VL-3B-Instruct,296,batch4,r
fr28,3,The liver,Qwen/Qwen2.5-VL-3B-Instruct,296,batch4,r
fr29,4,the man with a beard,Qwen/Qwen2.5-VL-3B-Instruct,296,batch4,r
fr30,4,The flasks,Qwen/Qwen2.5-VL-3B-Instruct,296,batch4,r
or51,1,The soldiers facing forward,Qwen/Qwen2.5-VL-3B-Instruct,296,batch4,r
or52,4,Water,Qwen/Qwen2.5-VL-3B-Instruct,296,batch4,r
or53,3,The helicopter,Qwen/Qwen2.5-VL-3B-Instruct,296,batch4,r
or54,1,The piggy bank is at the forefront of the image.,Qwen/Qwen2.5-VL-3B-Instruct,296,batch4,r
or55,3,The faucet.,Qwen/Qwen2.5-VL-3B-Instruct,296,batch4,r
or56,3,The quill pen.,Qwen/Qwen2.5-VL-3B-Instruct,296,batch4,r
or57,3,The bank.,Qwen/Qwen2.5-VL-3B-Instruct,296,batch4,r
or58,4,The hammer,Qwen/Qwen2.5-VL-3B-Instruct,296,batch4,r
or59,2,The woman with the notepad is at the forefront of the image.,Qwen/Qwen2.5-VL-3B-Instruct,296,batch4,r
or60,3,The woman on stage,Qwen/Qwen2.5-VL-3B-Instruct,296,batch4,r
cs61,3,Cylinders,Qwen/Qwen2.5-VL-3B-Instruct,296,batch4,r
cs62,2,The seal,Qwen/Qwen2.5-VL-3B-Instruct,296,batch4,r
cs63,1,The tractor,Qwen/Qwen2.5-VL-3B-Instruct,296,batch4,r
cs64,2,the magnifying glass,Qwen/Qwen2.5-VL-3B-Instruct,296,batch4,r
cs65,1,The ape,Qwen/Qwen2.5-VL-3B-Instruct,296,batch4,r
cs66,2,Surveillance camera on the right,Qwen/Qwen2.5-VL-3B-Instruct,296,batch4,r
cs67,2,The yellow balls are at the front of the image.,Qwen/Qwen2.5-VL-3B-Instruct,296,batch4,r
cs68,2,The shield,Qwen/Qwen2.5-VL-3B-Instruct,296,batch4,r
cs69,3,the sitting man wearing a hat,Qwen/Qwen2.5-VL-3B-Instruct,296,batch4,r
cs70,2,The running humans,Qwen/Qwen2.5-VL-3B-Instruct,296,batch4,r
cs71,1,The flames,Qwen/Qwen2.5-VL-3B-Instruct,296,batch4,r
cs72,2,The green flower-shaped object is at the most front of this image.,Qwen/Qwen2.5-VL-3B-Instruct,296,batch4,r
cs73,3,The lamps,Qwen/Qwen2.5-VL-3B-Instruct,296,batch4,r
cs74,1,The person in a yellow shirt,Qwen/Qwen2.5-VL-3B-Instruct,296,batch4,r
cs75,1,The trees in the lower left corner.,Qwen/Qwen2.5-VL-3B-Instruct,296,batch4,r
or46,2,The door on the left.,Qwen/Qwen2.5-VL-3B-Instruct,337,batch4,r
or47,1,The couple.,Qwen/Qwen2.5-VL-3B-Instruct,337,batch4,r
or48,4,The bathtub,Qwen/Qwen2.5-VL-3B-Instruct,337,batch4,r
or49,4,The person holding a pen,Qwen/Qwen2.5-VL-3B-Instruct,337,batch4,r
or50,4,The animal,Qwen/Qwen2.5-VL-3B-Instruct,337,batch4,r
de1,1,The woman,Qwen/Qwen2.5-VL-3B-Instruct,337,batch4,r
de2,3,The solar panel is at the most front of this image.,Qwen/Qwen2.5-VL-3B-Instruct,337,batch4,r
de3,2,The tray,Qwen/Qwen2.5-VL-3B-Instruct,337,batch4,r
de4,3,The man.,Qwen/Qwen2.5-VL-3B-Instruct,337,batch4,r
de5,3,The suitcase,Qwen/Qwen2.5-VL-3B-Instruct,337,batch4,r
de6,3,The men with their hands up.,Qwen/Qwen2.5-VL-3B-Instruct,337,batch4,r
de7,3,The red rays.,Qwen/Qwen2.5-VL-3B-Instruct,337,batch4,r
de8,3,The man,Qwen/Qwen2.5-VL-3B-Instruct,337,batch4,r
de9,4,The crowd,Qwen/Qwen2.5-VL-3B-Instruct,337,batch4,r
de10,2,the man's right hand,Qwen/Qwen2.5-VL-3B-Instruct,337,batch4,r
de11,1,The open books.,Qwen/Qwen2.5-VL-3B-Instruct,337,batch4,r
de12,3,The kid on the bike is at the forefront of this image.,Qwen/Qwen2.5-VL-3B-Instruct,337,batch4,r
de13,3,The stool,Qwen/Qwen2.5-VL-3B-Instruct,337,batch4,r
de14,2,cannot say,Qwen/Qwen2.5-VL-3B-Instruct,337,batch4,r
de15,3,the woman in jeans,Qwen/Qwen2.5-VL-3B-Instruct,337,batch4,r
fr16,1,The heart-shaped tree is at the front of this image.,Qwen/Qwen2.5-VL-3B-Instruct,337,batch4,r
fr17,3,Everything equal.,Qwen/Qwen2.5-VL-3B-Instruct,337,batch4,r
fr18,3,The check mark,Qwen/Qwen2.5-VL-3B-Instruct,337,batch4,r
fr19,1,The man in a wheelchair,Qwen/Qwen2.5-VL-3B-Instruct,337,batch4,r
fr20,3,The man,Qwen/Qwen2.5-VL-3B-Instruct,337,batch4,r
fr21,2,The kid in a yellow shirt,Qwen/Qwen2.5-VL-3B-Instruct,337,batch4,r
fr22,3,Everything equal,Qwen/Qwen2.5-VL-3B-Instruct,337,batch4,r
fr23,3,The moon,Qwen/Qwen2.5-VL-3B-Instruct,337,batch4,r
fr24,3,The phone.,Qwen/Qwen2.5-VL-3B-Instruct,337,batch4,r
fr25,2,The woman holding a note.,Qwen/Qwen2.5-VL-3B-Instruct,337,batch4,r
fr26,3,The air pump,Qwen/Qwen2.5-VL-3B-Instruct,337,batch4,r
fr27,1,The woman's left foot,Qwen/Qwen2.5-VL-3B-Instruct,337,batch4,r
fr28,3,The pig.,Qwen/Qwen2.5-VL-3B-Instruct,337,batch4,r
fr29,4,The man with a beard.,Qwen/Qwen2.5-VL-3B-Instruct,337,batch4,r
fr30,3,cannot say,Qwen/Qwen2.5-VL-3B-Instruct,337,batch4,r
or51,3,The soldiers facing forward are at the front of the image.,Qwen/Qwen2.5-VL-3B-Instruct,337,batch4,r
or52,4,Only say the water.,Qwen/Qwen2.5-VL-3B-Instruct,337,batch4,r
or53,2,helicopter,Qwen/Qwen2.5-VL-3B-Instruct,337,batch4,r
or54,4,The piggy bank.,Qwen/Qwen2.5-VL-3B-Instruct,337,batch4,r
or55,3,the crane,Qwen/Qwen2.5-VL-3B-Instruct,337,batch4,r
or56,2,the candle,Qwen/Qwen2.5-VL-3B-Instruct,337,batch4,r
or57,3,the bank,Qwen/Qwen2.5-VL-3B-Instruct,337,batch4,r
or58,4,The people,Qwen/Qwen2.5-VL-3B-Instruct,337,batch4,r
or59,3,The laughing man,Qwen/Qwen2.5-VL-3B-Instruct,337,batch4,r
or60,2,The woman on stage,Qwen/Qwen2.5-VL-3B-Instruct,337,batch4,r
cs61,4,the tropical trees,Qwen/Qwen2.5-VL-3B-Instruct,337,batch4,r
cs62,3,The magnifying glass.,Qwen/Qwen2.5-VL-3B-Instruct,337,batch4,r
cs63,3,The tractor,Qwen/Qwen2.5-VL-3B-Instruct,337,batch4,r
cs64,1,The glove.,Qwen/Qwen2.5-VL-3B-Instruct,337,batch4,r
cs65,1,The ape,Qwen/Qwen2.5-VL-3B-Instruct,337,batch4,r
cs66,1,The surveilalnce camera on the right.,Qwen/Qwen2.5-VL-3B-Instruct,337,batch4,r
cs67,3,The yellow balls,Qwen/Qwen2.5-VL-3B-Instruct,337,batch4,r
cs68,2,The shield,Qwen/Qwen2.5-VL-3B-Instruct,337,batch4,r
cs69,3,The sitting man wearing a hat is at the forefront of this image.,Qwen/Qwen2.5-VL-3B-Instruct,337,batch4,r
cs70,2,The arrow,Qwen/Qwen2.5-VL-3B-Instruct,337,batch4,r
cs71,1,The fire truck is at the most front of this image.,Qwen/Qwen2.5-VL-3B-Instruct,337,batch4,r
cs72,1,the red flower-shaped object with a pointy middle,Qwen/Qwen2.5-VL-3B-Instruct,337,batch4,r
cs73,1,The lamps,Qwen/Qwen2.5-VL-3B-Instruct,337,batch4,r
cs74,1,the old-fashioned phone,Qwen/Qwen2.5-VL-3B-Instruct,337,batch4,r
cs75,4,The trees in the lower left corner.,Qwen/Qwen2.5-VL-3B-Instruct,337,batch4,r
or46,3,The door on the left is the most in front of this image.,Qwen/Qwen2.5-VL-3B-Instruct,350,batch4,r
or47,3,The couple,Qwen/Qwen2.5-VL-3B-Instruct,350,batch4,r
or48,4,the bathtub,Qwen/Qwen2.5-VL-3B-Instruct,350,batch4,r
or49,4,The person holding a pen.,Qwen/Qwen2.5-VL-3B-Instruct,350,batch4,r
or50,3,The animal,Qwen/Qwen2.5-VL-3B-Instruct,350,batch4,r
de1,1,the woman,Qwen/Qwen2.5-VL-3B-Instruct,350,batch4,r
de2,3,The pointy trees.,Qwen/Qwen2.5-VL-3B-Instruct,350,batch4,r
de3,1,The tray is at the most front of this image.,Qwen/Qwen2.5-VL-3B-Instruct,350,batch4,r
de4,3,The man,Qwen/Qwen2.5-VL-3B-Instruct,350,batch4,r
de5,2,The suitcase is at the most front of the image.,Qwen/Qwen2.5-VL-3B-Instruct,350,batch4,r
de6,3,The barbed wire,Qwen/Qwen2.5-VL-3B-Instruct,350,batch4,r
de7,1,The blue rays.,Qwen/Qwen2.5-VL-3B-Instruct,350,batch4,r
de8,3,The man,Qwen/Qwen2.5-VL-3B-Instruct,350,batch4,r
de9,1,The crowd,Qwen/Qwen2.5-VL-3B-Instruct,350,batch4,r
de10,4,the woman's left hand,Qwen/Qwen2.5-VL-3B-Instruct,350,batch4,r
de11,3,The open books.,Qwen/Qwen2.5-VL-3B-Instruct,350,batch4,r
de12,3,The kid on the bike is at the front of this image.,Qwen/Qwen2.5-VL-3B-Instruct,350,batch4,r
de13,2,stool,Qwen/Qwen2.5-VL-3B-Instruct,350,batch4,r
de14,3,The red bars are at the forefront of the image.,Qwen/Qwen2.5-VL-3B-Instruct,350,batch4,r
de15,1,the woman with the headband,Qwen/Qwen2.5-VL-3B-Instruct,350,batch4,r
fr16,2,The kid in a striped shirt is in the forefront of the image.,Qwen/Qwen2.5-VL-3B-Instruct,350,batch4,r
fr17,4,Everything Equal,Qwen/Qwen2.5-VL-3B-Instruct,350,batch4,r
fr18,1,The check mark,Qwen/Qwen2.5-VL-3B-Instruct,350,batch4,r
fr19,1,the laptops,Qwen/Qwen2.5-VL-3B-Instruct,350,batch4,r
fr20,3,The man,Qwen/Qwen2.5-VL-3B-Instruct,350,batch4,r
fr21,3,The screen,Qwen/Qwen2.5-VL-3B-Instruct,350,batch4,r
fr22,2,the sun,Qwen/Qwen2.5-VL-3B-Instruct,350,batch4,r
fr23,4,The door.,Qwen/Qwen2.5-VL-3B-Instruct,350,batch4,r
fr24,3,The phone.,Qwen/Qwen2.5-VL-3B-Instruct,350,batch4,r
fr25,1,The big circle,Qwen/Qwen2.5-VL-3B-Instruct,350,batch4,r
fr26,2,The air pump,Qwen/Qwen2.5-VL-3B-Instruct,350,batch4,r
fr27,1,The woman's left foot,Qwen/Qwen2.5-VL-3B-Instruct,350,batch4,r
fr28,4,The pig,Qwen/Qwen2.5-VL-3B-Instruct,350,batch4,r
fr29,2,Cannot say.,Qwen/Qwen2.5-VL-3B-Instruct,350,batch4,r
fr30,3,The flasks,Qwen/Qwen2.5-VL-3B-Instruct,350,batch4,r
or51,1,The soldiers facing forward are at the front of the image.,Qwen/Qwen2.5-VL-3B-Instruct,350,batch4,r
or52,1,The land.,Qwen/Qwen2.5-VL-3B-Instruct,350,batch4,r
or53,4,The helicopter is at the most front of this image.,Qwen/Qwen2.5-VL-3B-Instruct,350,batch4,r
or54,2,The clock.,Qwen/Qwen2.5-VL-3B-Instruct,350,batch4,r
or55,2,The faucet.,Qwen/Qwen2.5-VL-3B-Instruct,350,batch4,r
or56,1,quill pen,Qwen/Qwen2.5-VL-3B-Instruct,350,batch4,r
or57,4,The bank,Qwen/Qwen2.5-VL-3B-Instruct,350,batch4,r
or58,3,The people,Qwen/Qwen2.5-VL-3B-Instruct,350,batch4,r
or59,3,The woman with a notepad.,Qwen/Qwen2.5-VL-3B-Instruct,350,batch4,r
or60,4,The woman on stage.,Qwen/Qwen2.5-VL-3B-Instruct,350,batch4,r
cs61,1,The cylinders,Qwen/Qwen2.5-VL-3B-Instruct,350,batch4,r
cs62,1,The seal,Qwen/Qwen2.5-VL-3B-Instruct,350,batch4,r
cs63,3,The tractor,Qwen/Qwen2.5-VL-3B-Instruct,350,batch4,r
cs64,1,The glove.,Qwen/Qwen2.5-VL-3B-Instruct,350,batch4,r
cs65,1,The apes,Qwen/Qwen2.5-VL-3B-Instruct,350,batch4,r
cs66,4,The surveililce camera on the right is at the most front of this,Qwen/Qwen2.5-VL-3B-Instruct,350,batch4,r
cs67,2,The yellow balls are at the forefront of the image.,Qwen/Qwen2.5-VL-3B-Instruct,350,batch4,r
cs68,3,The shield.,Qwen/Qwen2.5-VL-3B-Instruct,350,batch4,r
cs69,1,The sitting man wearing a hat.,Qwen/Qwen2.5-VL-3B-Instruct,350,batch4,r
cs70,2,The arrow.,Qwen/Qwen2.5-VL-3B-Instruct,350,batch4,r
cs71,1,The flames,Qwen/Qwen2.5-VL-3B-Instruct,350,batch4,r
cs73,2,The lamps.,Qwen/Qwen2.5-VL-3B-Instruct,350,batch4,r
cs74,3,The person in a yellow shirt.,Qwen/Qwen2.5-VL-3B-Instruct,350,batch4,r
cs75,2,The trees in the lower left corner.,Qwen/Qwen2.5-VL-3B-Instruct,350,batch4,r
or46,2,The door on the left,Qwen/Qwen2.5-VL-3B-Instruct,409,batch4,r
or47,2,the couple,Qwen/Qwen2.5-VL-3B-Instruct,409,batch4,r
or48,4,The bathtub,Qwen/Qwen2.5-VL-3B-Instruct,409,batch4,r
or49,3,The person holding a pen,Qwen/Qwen2.5-VL-3B-Instruct,409,batch4,r
or50,3,the animal,Qwen/Qwen2.5-VL-3B-Instruct,409,batch4,r
de1,4,the woman,Qwen/Qwen2.5-VL-3B-Instruct,409,batch4,r
de2,4,The pointy trees.,Qwen/Qwen2.5-VL-3B-Instruct,409,batch4,r
de3,2,the tray,Qwen/Qwen2.5-VL-3B-Instruct,409,batch4,r
de4,3,The man.,Qwen/Qwen2.5-VL-3B-Instruct,409,batch4,r
de5,3,The suitcase,Qwen/Qwen2.5-VL-3B-Instruct,409,batch4,r
de6,3,Only the drones are at the most front of this image.,Qwen/Qwen2.5-VL-3B-Instruct,409,batch4,r
de7,3,The red rays.,Qwen/Qwen2.5-VL-3B-Instruct,409,batch4,r
de8,1,The man,Qwen/Qwen2.5-VL-3B-Instruct,409,batch4,r
de9,2,The crowd,Qwen/Qwen2.5-VL-3B-Instruct,409,batch4,r
de10,3,The woman's left hand,Qwen/Qwen2.5-VL-3B-Instruct,409,batch4,r
de11,3,The open books are at the forefront of the image.,Qwen/Qwen2.5-VL-3B-Instruct,409,batch4,r
de12,2,The kid on the bike,Qwen/Qwen2.5-VL-3B-Instruct,409,batch4,r
de13,1,The stool,Qwen/Qwen2.5-VL-3B-Instruct,409,batch4,r
de14,3,the red bars,Qwen/Qwen2.5-VL-3B-Instruct,409,batch4,r
de15,2,The woman in jeans,Qwen/Qwen2.5-VL-3B-Instruct,409,batch4,r
fr16,3,The kid in a striped shirt is at the most front of the image.,Qwen/Qwen2.5-VL-3B-Instruct,409,batch4,r
fr17,3,The brain,Qwen/Qwen2.5-VL-3B-Instruct,409,batch4,r
fr18,3,The elephant,Qwen/Qwen2.5-VL-3B-Instruct,409,batch4,r
fr19,3,The laptops,Qwen/Qwen2.5-VL-3B-Instruct,409,batch4,r
fr20,1,The man,Qwen/Qwen2.5-VL-3B-Instruct,409,batch4,r
fr21,2,The kid in a yellow shirt.,Qwen/Qwen2.5-VL-3B-Instruct,409,batch4,r
fr22,3,sun,Qwen/Qwen2.5-VL-3B-Instruct,409,batch4,r
fr23,2,The door.,Qwen/Qwen2.5-VL-3B-Instruct,409,batch4,r
fr24,3,cannot say and nothing else.,Qwen/Qwen2.5-VL-3B-Instruct,409,batch4,r
fr25,2,The light,Qwen/Qwen2.5-VL-3B-Instruct,409,batch4,r
fr26,2,The air pump,Qwen/Qwen2.5-VL-3B-Instruct,409,batch4,r
fr27,2,The woman's left foot.,Qwen/Qwen2.5-VL-3B-Instruct,409,batch4,r
fr28,2,The liver,Qwen/Qwen2.5-VL-3B-Instruct,409,batch4,r
fr29,3,The man with a beard,Qwen/Qwen2.5-VL-3B-Instruct,409,batch4,r
fr30,2,The flasks,Qwen/Qwen2.5-VL-3B-Instruct,409,batch4,r
or51,3,The soldiers facing forward.,Qwen/Qwen2.5-VL-3B-Instruct,409,batch4,r
or52,4,The land,Qwen/Qwen2.5-VL-3B-Instruct,409,batch4,r
or53,3,The helicopter is at the most front of this image.,Qwen/Qwen2.5-VL-3B-Instruct,409,batch4,r
or55,3,The crane is at the most front of this image.,Qwen/Qwen2.5-VL-3B-Instruct,409,batch4,r
or56,2,The quill pen,Qwen/Qwen2.5-VL-3B-Instruct,409,batch4,r
or57,3,The Bank,Qwen/Qwen2.5-VL-3B-Instruct,409,batch4,r
or58,3,The Hammer,Qwen/Qwen2.5-VL-3B-Instruct,409,batch4,r
or59,3,The laughing man.,Qwen/Qwen2.5-VL-3B-Instruct,409,batch4,r
or60,3,The woman on stage,Qwen/Qwen2.5-VL-3B-Instruct,409,batch4,r
cs61,1,the cylinders,Qwen/Qwen2.5-VL-3B-Instruct,409,batch4,r
cs62,3,The magnifying glass,Qwen/Qwen2.5-VL-3B-Instruct,409,batch4,r
cs63,1,The corn,Qwen/Qwen2.5-VL-3B-Instruct,409,batch4,r
cs64,4,The glove.,Qwen/Qwen2.5-VL-3B-Instruct,409,batch4,r
cs65,1,The ape is at the most front of this image.,Qwen/Qwen2.5-VL-3B-Instruct,409,batch4,r
cs66,2,The hourglass.,Qwen/Qwen2.5-VL-3B-Instruct,409,batch4,r
cs67,3,The yellow balls,Qwen/Qwen2.5-VL-3B-Instruct,409,batch4,r
cs68,2,The shield.,Qwen/Qwen2.5-VL-3B-Instruct,409,batch4,r
cs69,3,The sitting man wearing a hat.,Qwen/Qwen2.5-VL-3B-Instruct,409,batch4,r
cs70,1,The arrow,Qwen/Qwen2.5-VL-3B-Instruct,409,batch4,r
cs71,3,The fire truck,Qwen/Qwen2.5-VL-3B-Instruct,409,batch4,r
cs72,1,The red flower-shaped object with a pointy middle is at the most front of,Qwen/Qwen2.5-VL-3B-Instruct,409,batch4,r
cs73,1,Lamps,Qwen/Qwen2.5-VL-3B-Instruct,409,batch4,r
cs74,1,The person in a yellow shirt is at the most front of the image.,Qwen/Qwen2.5-VL-3B-Instruct,409,batch4,r
cs75,3,The trees in the lower left corner.,Qwen/Qwen2.5-VL-3B-Instruct,409,batch4,r
or46,2,scale,Qwen/Qwen2.5-VL-3B-Instruct,479,batch4,r
or47,4,The couple,Qwen/Qwen2.5-VL-3B-Instruct,479,batch4,r
or48,2,the bathtub,Qwen/Qwen2.5-VL-3B-Instruct,479,batch4,r
or49,4,The person holding a pen is at the most front of this image.,Qwen/Qwen2.5-VL-3B-Instruct,479,batch4,r
or50,3,The animal,Qwen/Qwen2.5-VL-3B-Instruct,479,batch4,r
de1,1,The woman,Qwen/Qwen2.5-VL-3B-Instruct,479,batch4,r
de2,4,The solar panel is at the most front of this image.,Qwen/Qwen2.5-VL-3B-Instruct,479,batch4,r
de3,4,The tray,Qwen/Qwen2.5-VL-3B-Instruct,479,batch4,r
de4,3,The man,Qwen/Qwen2.5-VL-3B-Instruct,479,batch4,r
de5,2,the suitcase,Qwen/Qwen2.5-VL-3B-Instruct,479,batch4,r
de6,4,The men with their hands up.,Qwen/Qwen2.5-VL-3B-Instruct,479,batch4,r
de7,2,The red rays.,Qwen/Qwen2.5-VL-3B-Instruct,479,batch4,r
de8,1,The man,Qwen/Qwen2.5-VL-3B-Instruct,479,batch4,r
de10,3,the man's right hand,Qwen/Qwen2.5-VL-3B-Instruct,479,batch4,r
de11,1,The open books.,Qwen/Qwen2.5-VL-3B-Instruct,479,batch4,r
de12,3,The kid on the bike is in the front of this image.,Qwen/Qwen2.5-VL-3B-Instruct,479,batch4,r
de13,1,stool,Qwen/Qwen2.5-VL-3B-Instruct,479,batch4,r
de14,3,The red bars.,Qwen/Qwen2.5-VL-3B-Instruct,479,batch4,r
de15,2,the woman with the headband,Qwen/Qwen2.5-VL-3B-Instruct,479,batch4,r
fr16,3,The heart-shaped tree,Qwen/Qwen2.5-VL-3B-Instruct,479,batch4,r
fr17,2,The lightning,Qwen/Qwen2.5-VL-3B-Instruct,479,batch4,r
fr18,4,The elephant,Qwen/Qwen2.5-VL-3B-Instruct,479,batch4,r
fr19,2,The man in a wheelchair,Qwen/Qwen2.5-VL-3B-Instruct,479,batch4,r
fr20,2,The man,Qwen/Qwen2.5-VL-3B-Instruct,479,batch4,r
fr21,3,The screen,Qwen/Qwen2.5-VL-3B-Instruct,479,batch4,r
fr22,4,Everything equal,Qwen/Qwen2.5-VL-3B-Instruct,479,batch4,r
fr23,1,The moon.,Qwen/Qwen2.5-VL-3B-Instruct,479,batch4,r
fr24,3,The phone,Qwen/Qwen2.5-VL-3B-Instruct,479,batch4,r
fr25,1,The light,Qwen/Qwen2.5-VL-3B-Instruct,479,batch4,r
fr26,3,The air pump,Qwen/Qwen2.5-VL-3B-Instruct,479,batch4,r
fr27,1,"The woman's left foot, the shoes",Qwen/Qwen2.5-VL-3B-Instruct,479,batch4,r
fr28,4,The liver,Qwen/Qwen2.5-VL-3B-Instruct,479,batch4,r
fr30,3,The flasks.,Qwen/Qwen2.5-VL-3B-Instruct,479,batch4,r
or51,3,The soldiers facing forward are at the most front of this image.,Qwen/Qwen2.5-VL-3B-Instruct,479,batch4,r
or52,4,The water,Qwen/Qwen2.5-VL-3B-Instruct,479,batch4,r
or53,4,The helicopter.,Qwen/Qwen2.5-VL-3B-Instruct,479,batch4,r
or54,2,Only the piggy bank.,Qwen/Qwen2.5-VL-3B-Instruct,479,batch4,r
or55,3,The faucet.,Qwen/Qwen2.5-VL-3B-Instruct,479,batch4,r
or56,2,Quill Pen,Qwen/Qwen2.5-VL-3B-Instruct,479,batch4,r
or57,3,The bank,Qwen/Qwen2.5-VL-3B-Instruct,479,batch4,r
or58,2,The people,Qwen/Qwen2.5-VL-3B-Instruct,479,batch4,r
or59,4,The woman with a notepad.,Qwen/Qwen2.5-VL-3B-Instruct,479,batch4,r
or60,4,The orchestra.,Qwen/Qwen2.5-VL-3B-Instruct,479,batch4,r
cs61,2,The cylinders are at the most front of this image.,Qwen/Qwen2.5-VL-3B-Instruct,479,batch4,r
cs62,1,The seal,Qwen/Qwen2.5-VL-3B-Instruct,479,batch4,r
cs63,3,The tractor.,Qwen/Qwen2.5-VL-3B-Instruct,479,batch4,r
cs64,1,The glove,Qwen/Qwen2.5-VL-3B-Instruct,479,batch4,r
cs65,1,The ape.,Qwen/Qwen2.5-VL-3B-Instruct,479,batch4,r
cs66,1,The hourglass is at the most front of this image.,Qwen/Qwen2.5-VL-3B-Instruct,479,batch4,r
cs67,2,The yellow balls.,Qwen/Qwen2.5-VL-3B-Instruct,479,batch4,r
cs68,3,The shield,Qwen/Qwen2.5-VL-3B-Instruct,479,batch4,r
cs69,2,The sitting man wearing a hat.,Qwen/Qwen2.5-VL-3B-Instruct,479,batch4,r
cs70,1,The arrow,Qwen/Qwen2.5-VL-3B-Instruct,479,batch4,r
cs71,1,Flames,Qwen/Qwen2.5-VL-3B-Instruct,479,batch4,r
cs72,3,the red flower-shaped object with a pointy middle,Qwen/Qwen2.5-VL-3B-Instruct,479,batch4,r
cs73,4,The lamps.,Qwen/Qwen2.5-VL-3B-Instruct,479,batch4,r
cs74,1,The person in a yellow shirt.,Qwen/Qwen2.5-VL-3B-Instruct,479,batch4,r
cs75,1,The trees in the lower left corner,Qwen/Qwen2.5-VL-3B-Instruct,479,batch4,r
cs1,1,the woman,Qwen/Qwen2.5-VL-3B-Instruct,108,batch5,r
cs2,2,The pointy trees.,Qwen/Qwen2.5-VL-3B-Instruct,108,batch5,r
cs3,1,The tray,Qwen/Qwen2.5-VL-3B-Instruct,108,batch5,r
cs4,3,The man.,Qwen/Qwen2.5-VL-3B-Instruct,108,batch5,r
cs5,3,the baby,Qwen/Qwen2.5-VL-3B-Instruct,108,batch5,r
cs6,1,The drone,Qwen/Qwen2.5-VL-3B-Instruct,108,batch5,r
cs7,1,The red rays.,Qwen/Qwen2.5-VL-3B-Instruct,108,batch5,r
cs8,4,Man,Qwen/Qwen2.5-VL-3B-Instruct,108,batch5,r
cs9,1,crowd,Qwen/Qwen2.5-VL-3B-Instruct,108,batch5,r
cs10,3,The thermos,Qwen/Qwen2.5-VL-3B-Instruct,108,batch5,r
cs11,2,The open books are at the front of this image.,Qwen/Qwen2.5-VL-3B-Instruct,108,batch5,r
cs12,4,The kid on the bike,Qwen/Qwen2.5-VL-3B-Instruct,108,batch5,r
cs13,3,The stool,Qwen/Qwen2.5-VL-3B-Instruct,108,batch5,r
cs14,2,"The red bars, the green bars, cannot say.",Qwen/Qwen2.5-VL-3B-Instruct,108,batch5,r
cs15,2,the woman in jeans,Qwen/Qwen2.5-VL-3B-Instruct,108,batch5,r
de16,2,The heart-shaped tree,Qwen/Qwen2.5-VL-3B-Instruct,108,batch5,r
de17,2,the lightning,Qwen/Qwen2.5-VL-3B-Instruct,108,batch5,r
de18,1,The elephant,Qwen/Qwen2.5-VL-3B-Instruct,108,batch5,r
de19,3,The laptops,Qwen/Qwen2.5-VL-3B-Instruct,108,batch5,r
de20,1,The man.,Qwen/Qwen2.5-VL-3B-Instruct,108,batch5,r
de21,2,the kid in a yellow shirt,Qwen/Qwen2.5-VL-3B-Instruct,108,batch5,r
de22,4,Sun,Qwen/Qwen2.5-VL-3B-Instruct,108,batch5,r
de23,2,The moon,Qwen/Qwen2.5-VL-3B-Instruct,108,batch5,r
de24,4,The phone.,Qwen/Qwen2.5-VL-3B-Instruct,108,batch5,r
de25,3,The light.,Qwen/Qwen2.5-VL-3B-Instruct,108,batch5,r
de26,1,The air pump.,Qwen/Qwen2.5-VL-3B-Instruct,108,batch5,r
de27,1,The woman's left foot,Qwen/Qwen2.5-VL-3B-Instruct,108,batch5,r
de28,2,Liver,Qwen/Qwen2.5-VL-3B-Instruct,108,batch5,r
de29,1,can't say,Qwen/Qwen2.5-VL-3B-Instruct,108,batch5,r
fr31,3,The dog collar.,Qwen/Qwen2.5-VL-3B-Instruct,108,batch5,r
fr32,4,The diamond,Qwen/Qwen2.5-VL-3B-Instruct,108,batch5,r
fr33,2,the hole on the ceiling,Qwen/Qwen2.5-VL-3B-Instruct,108,batch5,r
fr34,1,The mug,Qwen/Qwen2.5-VL-3B-Instruct,108,batch5,r
fr35,3,The standing people,Qwen/Qwen2.5-VL-3B-Instruct,108,batch5,r
fr36,1,The cigarette,Qwen/Qwen2.5-VL-3B-Instruct,108,batch5,r
fr37,1,The people,Qwen/Qwen2.5-VL-3B-Instruct,108,batch5,r
fr38,4,The bike,Qwen/Qwen2.5-VL-3B-Instruct,108,batch5,r
fr39,2,The mug,Qwen/Qwen2.5-VL-3B-Instruct,108,batch5,r
fr40,2,The couch,Qwen/Qwen2.5-VL-3B-Instruct,108,batch5,r
fr41,3,The fingerprint scanner,Qwen/Qwen2.5-VL-3B-Instruct,108,batch5,r
fr42,3,The big window,Qwen/Qwen2.5-VL-3B-Instruct,108,batch5,r
fr43,1,The monitors.,Qwen/Qwen2.5-VL-3B-Instruct,108,batch5,r
fr44,2,The magnifying glass.,Qwen/Qwen2.5-VL-3B-Instruct,108,batch5,r
fr45,3,The VR goggle.,Qwen/Qwen2.5-VL-3B-Instruct,108,batch5,r
or61,3,Cylinders,Qwen/Qwen2.5-VL-3B-Instruct,108,batch5,r
or62,3,The seal,Qwen/Qwen2.5-VL-3B-Instruct,108,batch5,r
or63,4,The tractor,Qwen/Qwen2.5-VL-3B-Instruct,108,batch5,r
or64,4,The magnifying glass is at the forefront of this image.,Qwen/Qwen2.5-VL-3B-Instruct,108,batch5,r
or65,4,the ape,Qwen/Qwen2.5-VL-3B-Instruct,108,batch5,r
or66,2,The surveililace camera on the right is at the most front of the,Qwen/Qwen2.5-VL-3B-Instruct,108,batch5,r
or67,3,The yellow balls.,Qwen/Qwen2.5-VL-3B-Instruct,108,batch5,r
or68,1,The shield,Qwen/Qwen2.5-VL-3B-Instruct,108,batch5,r
or69,2,The sitting man wearing a hat.,Qwen/Qwen2.5-VL-3B-Instruct,108,batch5,r
or70,1,The dollar sign.,Qwen/Qwen2.5-VL-3B-Instruct,108,batch5,r
or71,3,The flames,Qwen/Qwen2.5-VL-3B-Instruct,108,batch5,r
or72,4,The red flower-shaped object with a pointy middle is at the most front of,Qwen/Qwen2.5-VL-3B-Instruct,108,batch5,r
or73,3,The lamps.,Qwen/Qwen2.5-VL-3B-Instruct,108,batch5,r
or74,3,the person in a yellow shirt,Qwen/Qwen2.5-VL-3B-Instruct,108,batch5,r
or75,4,the trees in the lower left corner.,Qwen/Qwen2.5-VL-3B-Instruct,108,batch5,r
cs3,2,The tray.,Qwen/Qwen2.5-VL-3B-Instruct,123,batch5,r
cs4,1,The man,Qwen/Qwen2.5-VL-3B-Instruct,123,batch5,r
cs5,4,The suitcase,Qwen/Qwen2.5-VL-3B-Instruct,123,batch5,r
cs6,1,The men with their hands up.,Qwen/Qwen2.5-VL-3B-Instruct,123,batch5,r
cs7,1,The red rays,Qwen/Qwen2.5-VL-3B-Instruct,123,batch5,r
cs8,1,The man,Qwen/Qwen2.5-VL-3B-Instruct,123,batch5,r
cs9,3,The crowd,Qwen/Qwen2.5-VL-3B-Instruct,123,batch5,r
cs10,3,The man's right hand,Qwen/Qwen2.5-VL-3B-Instruct,123,batch5,r
cs11,2,The open books are at the forefront of this image.,Qwen/Qwen2.5-VL-3B-Instruct,123,batch5,r
cs12,2,The kid on the bike,Qwen/Qwen2.5-VL-3B-Instruct,123,batch5,r
cs13,4,The stool.,Qwen/Qwen2.5-VL-3B-Instruct,123,batch5,r
cs14,2,The red bars.,Qwen/Qwen2.5-VL-3B-Instruct,123,batch5,r
cs15,2,The woman in jeans.,Qwen/Qwen2.5-VL-3B-Instruct,123,batch5,r
de16,4,The kid in a striped shirt,Qwen/Qwen2.5-VL-3B-Instruct,123,batch5,r
de17,3,The brain,Qwen/Qwen2.5-VL-3B-Instruct,123,batch5,r
de18,3,The elephant.,Qwen/Qwen2.5-VL-3B-Instruct,123,batch5,r
de19,2,The man in a wheelchair.,Qwen/Qwen2.5-VL-3B-Instruct,123,batch5,r
de20,3,The woman,Qwen/Qwen2.5-VL-3B-Instruct,123,batch5,r
de21,4,The screen,Qwen/Qwen2.5-VL-3B-Instruct,123,batch5,r
de22,4,The sun,Qwen/Qwen2.5-VL-3B-Instruct,123,batch5,r
de23,2,The staircase.,Qwen/Qwen2.5-VL-3B-Instruct,123,batch5,r
de24,3,The phone is at the forefront of the image.,Qwen/Qwen2.5-VL-3B-Instruct,123,batch5,r
de25,2,The light.,Qwen/Qwen2.5-VL-3B-Instruct,123,batch5,r
de26,3,The air pump,Qwen/Qwen2.5-VL-3B-Instruct,123,batch5,r
de27,4,The woman's left foot,Qwen/Qwen2.5-VL-3B-Instruct,123,batch5,r
de28,3,The liver.,Qwen/Qwen2.5-VL-3B-Instruct,123,batch5,r
de29,2,The man with a beard.,Qwen/Qwen2.5-VL-3B-Instruct,123,batch5,r
de30,1,Cannot say,Qwen/Qwen2.5-VL-3B-Instruct,123,batch5,r
fr31,1,The dog collar.,Qwen/Qwen2.5-VL-3B-Instruct,123,batch5,r
fr32,4,The diamond.,Qwen/Qwen2.5-VL-3B-Instruct,123,batch5,r
fr33,1,The torch,Qwen/Qwen2.5-VL-3B-Instruct,123,batch5,r
fr34,4,The mug,Qwen/Qwen2.5-VL-3B-Instruct,123,batch5,r
fr35,3,The magnifying glass.,Qwen/Qwen2.5-VL-3B-Instruct,123,batch5,r
fr36,4,The cigarette,Qwen/Qwen2.5-VL-3B-Instruct,123,batch5,r
fr37,1,The people,Qwen/Qwen2.5-VL-3B-Instruct,123,batch5,r
fr38,4,the bike,Qwen/Qwen2.5-VL-3B-Instruct,123,batch5,r
fr39,3,The mug.,Qwen/Qwen2.5-VL-3B-Instruct,123,batch5,r
fr40,3,The pictures,Qwen/Qwen2.5-VL-3B-Instruct,123,batch5,r
fr41,2,The fingerprint scanner,Qwen/Qwen2.5-VL-3B-Instruct,123,batch5,r
fr42,3,the solar panels,Qwen/Qwen2.5-VL-3B-Instruct,123,batch5,r
fr43,1,The puzzle pieces,Qwen/Qwen2.5-VL-3B-Instruct,123,batch5,r
fr44,2,The book with a brick on it.,Qwen/Qwen2.5-VL-3B-Instruct,123,batch5,r
fr45,1,The VR goggles,Qwen/Qwen2.5-VL-3B-Instruct,123,batch5,r
or61,3,The cylinders are at the most front of the image.,Qwen/Qwen2.5-VL-3B-Instruct,123,batch5,r
or62,4,The seal.,Qwen/Qwen2.5-VL-3B-Instruct,123,batch5,r
or63,3,the corn,Qwen/Qwen2.5-VL-3B-Instruct,123,batch5,r
or64,4,magnifying glass,Qwen/Qwen2.5-VL-3B-Instruct,123,batch5,r
or65,3,The ape,Qwen/Qwen2.5-VL-3B-Instruct,123,batch5,r
or66,4,The hourglass,Qwen/Qwen2.5-VL-3B-Instruct,123,batch5,r
or67,1,yellow balls,Qwen/Qwen2.5-VL-3B-Instruct,123,batch5,r
or68,1,The shield,Qwen/Qwen2.5-VL-3B-Instruct,123,batch5,r
or69,3,the sitting man wearing a hat,Qwen/Qwen2.5-VL-3B-Instruct,123,batch5,r
or70,3,The arrow is at the most front of this image.,Qwen/Qwen2.5-VL-3B-Instruct,123,batch5,r
or71,3,The fire truck,Qwen/Qwen2.5-VL-3B-Instruct,123,batch5,r
or72,3,The red flower-shaped object with a pointy middle.,Qwen/Qwen2.5-VL-3B-Instruct,123,batch5,r
or73,3,The lamps,Qwen/Qwen2.5-VL-3B-Instruct,123,batch5,r
or74,4,The person in a yellow shirt.,Qwen/Qwen2.5-VL-3B-Instruct,123,batch5,r
or75,1,The trees in the lower left corner.,Qwen/Qwen2.5-VL-3B-Instruct,123,batch5,r
cs1,1,the woman,Qwen/Qwen2.5-VL-3B-Instruct,142,batch5,r
cs2,1,the pointy trees,Qwen/Qwen2.5-VL-3B-Instruct,142,batch5,r
cs3,2,The tray.,Qwen/Qwen2.5-VL-3B-Instruct,142,batch5,r
cs4,3,the man,Qwen/Qwen2.5-VL-3B-Instruct,142,batch5,r
cs5,1,The suitcase,Qwen/Qwen2.5-VL-3B-Instruct,142,batch5,r
cs6,3,The men with their hands up,Qwen/Qwen2.5-VL-3B-Instruct,142,batch5,r
cs7,1,The blue rays.,Qwen/Qwen2.5-VL-3B-Instruct,142,batch5,r
cs8,1,The man,Qwen/Qwen2.5-VL-3B-Instruct,142,batch5,r
cs9,2,The crowd,Qwen/Qwen2.5-VL-3B-Instruct,142,batch5,r
cs10,3,The thermos,Qwen/Qwen2.5-VL-3B-Instruct,142,batch5,r
cs11,1,The open books.,Qwen/Qwen2.5-VL-3B-Instruct,142,batch5,r
cs13,1,The stool,Qwen/Qwen2.5-VL-3B-Instruct,142,batch5,r
cs14,3,cannot say,Qwen/Qwen2.5-VL-3B-Instruct,142,batch5,r
cs15,2,the lime,Qwen/Qwen2.5-VL-3B-Instruct,142,batch5,r
de16,3,The kid in a striped shirt.,Qwen/Qwen2.5-VL-3B-Instruct,142,batch5,r
de17,4,The lightning,Qwen/Qwen2.5-VL-3B-Instruct,142,batch5,r
de18,1,the check mark,Qwen/Qwen2.5-VL-3B-Instruct,142,batch5,r
de19,3,The man in a wheelchair.,Qwen/Qwen2.5-VL-3B-Instruct,142,batch5,r
de20,1,The man,Qwen/Qwen2.5-VL-3B-Instruct,142,batch5,r
de21,1,the kid in a yellow shirt,Qwen/Qwen2.5-VL-3B-Instruct,142,batch5,r
de22,3,the sun,Qwen/Qwen2.5-VL-3B-Instruct,142,batch5,r
de23,1,The staircases,Qwen/Qwen2.5-VL-3B-Instruct,142,batch5,r
de24,3,The phone is at the forefront of the image.,Qwen/Qwen2.5-VL-3B-Instruct,142,batch5,r
de25,3,the woman holding a note,Qwen/Qwen2.5-VL-3B-Instruct,142,batch5,r
de26,3,air pump,Qwen/Qwen2.5-VL-3B-Instruct,142,batch5,r
de27,3,The woman's left foot,Qwen/Qwen2.5-VL-3B-Instruct,142,batch5,r
de28,3,The liver.,Qwen/Qwen2.5-VL-3B-Instruct,142,batch5,r
de29,1,The man with a beard.,Qwen/Qwen2.5-VL-3B-Instruct,142,batch5,r
de30,1,The flasks,Qwen/Qwen2.5-VL-3B-Instruct,142,batch5,r
fr31,2,The dog collar is at the most front of this image.,Qwen/Qwen2.5-VL-3B-Instruct,142,batch5,r
fr32,1,The diamond,Qwen/Qwen2.5-VL-3B-Instruct,142,batch5,r
fr33,3,The torch,Qwen/Qwen2.5-VL-3B-Instruct,142,batch5,r
fr34,2,"The mug, the hands",Qwen/Qwen2.5-VL-3B-Instruct,142,batch5,r
fr35,3,The magnifying glass,Qwen/Qwen2.5-VL-3B-Instruct,142,batch5,r
fr36,1,Cigarette,Qwen/Qwen2.5-VL-3B-Instruct,142,batch5,r
fr37,1,People,Qwen/Qwen2.5-VL-3B-Instruct,142,batch5,r
fr38,3,Bike,Qwen/Qwen2.5-VL-3B-Instruct,142,batch5,r
fr39,3,The mug.,Qwen/Qwen2.5-VL-3B-Instruct,142,batch5,r
fr40,3,The couch,Qwen/Qwen2.5-VL-3B-Instruct,142,batch5,r
fr41,3,The fingerprint scanner,Qwen/Qwen2.5-VL-3B-Instruct,142,batch5,r
fr42,2,The bigger globe.,Qwen/Qwen2.5-VL-3B-Instruct,142,batch5,r
fr43,2,The puzzle pieces,Qwen/Qwen2.5-VL-3B-Instruct,142,batch5,r
fr44,1,the book with a brick on it,Qwen/Qwen2.5-VL-3B-Instruct,142,batch5,r
fr45,1,The VR goggles.,Qwen/Qwen2.5-VL-3B-Instruct,142,batch5,r
or61,4,The cylinders,Qwen/Qwen2.5-VL-3B-Instruct,142,batch5,r
or62,1,The seal,Qwen/Qwen2.5-VL-3B-Instruct,142,batch5,r
or63,3,The tomatoes.,Qwen/Qwen2.5-VL-3B-Instruct,142,batch5,r
or64,2,The glove,Qwen/Qwen2.5-VL-3B-Instruct,142,batch5,r
or65,3,The ape.,Qwen/Qwen2.5-VL-3B-Instruct,142,batch5,r
or66,3,The hourglass,Qwen/Qwen2.5-VL-3B-Instruct,142,batch5,r
or67,3,cannot say,Qwen/Qwen2.5-VL-3B-Instruct,142,batch5,r
or68,2,The shield.,Qwen/Qwen2.5-VL-3B-Instruct,142,batch5,r
or69,2,The sitting man wearing a hat.,Qwen/Qwen2.5-VL-3B-Instruct,142,batch5,r
or70,1,The dollar sign,Qwen/Qwen2.5-VL-3B-Instruct,142,batch5,r
or71,3,The flames.,Qwen/Qwen2.5-VL-3B-Instruct,142,batch5,r
or72,3,The red flower-shaped object with a pointy middle is at the most front of,Qwen/Qwen2.5-VL-3B-Instruct,142,batch5,r
or73,4,The lamps,Qwen/Qwen2.5-VL-3B-Instruct,142,batch5,r
or74,3,The person in a yellow shirt is at the forefront of the image.,Qwen/Qwen2.5-VL-3B-Instruct,142,batch5,r
or75,3,The trees in the lower left corner.,Qwen/Qwen2.5-VL-3B-Instruct,142,batch5,r
cs1,2,"The woman, The tower",Qwen/Qwen2.5-VL-3B-Instruct,172,batch5,r
cs2,2,The pointy trees.,Qwen/Qwen2.5-VL-3B-Instruct,172,batch5,r
cs3,1,Tray,Qwen/Qwen2.5-VL-3B-Instruct,172,batch5,r
cs4,3,The man,Qwen/Qwen2.5-VL-3B-Instruct,172,batch5,r
cs5,3,The globe,Qwen/Qwen2.5-VL-3B-Instruct,172,batch5,r
cs6,2,The men with their hands up.,Qwen/Qwen2.5-VL-3B-Instruct,172,batch5,r
cs7,3,The red rays.,Qwen/Qwen2.5-VL-3B-Instruct,172,batch5,r
cs8,1,The man,Qwen/Qwen2.5-VL-3B-Instruct,172,batch5,r
cs9,1,The crowd,Qwen/Qwen2.5-VL-3B-Instruct,172,batch5,r
cs10,3,The man's right hand,Qwen/Qwen2.5-VL-3B-Instruct,172,batch5,r
cs11,2,The open books,Qwen/Qwen2.5-VL-3B-Instruct,172,batch5,r
cs12,1,the kid on the bike,Qwen/Qwen2.5-VL-3B-Instruct,172,batch5,r
cs13,3,the stool,Qwen/Qwen2.5-VL-3B-Instruct,172,batch5,r
cs14,1,The green bars.,Qwen/Qwen2.5-VL-3B-Instruct,172,batch5,r
cs15,2,The woman with the headband,Qwen/Qwen2.5-VL-3B-Instruct,172,batch5,r
de16,3,The kid in a striped shirt,Qwen/Qwen2.5-VL-3B-Instruct,172,batch5,r
de17,3,The lightening,Qwen/Qwen2.5-VL-3B-Instruct,172,batch5,r
de18,1,The check mark.,Qwen/Qwen2.5-VL-3B-Instruct,172,batch5,r
de19,3,The man in a wheelchair.,Qwen/Qwen2.5-VL-3B-Instruct,172,batch5,r
de20,2,The man,Qwen/Qwen2.5-VL-3B-Instruct,172,batch5,r
de21,1,the kid in a yellow shirt,Qwen/Qwen2.5-VL-3B-Instruct,172,batch5,r
de22,1,sun,Qwen/Qwen2.5-VL-3B-Instruct,172,batch5,r
de23,1,The staircase,Qwen/Qwen2.5-VL-3B-Instruct,172,batch5,r
de24,3,The phone,Qwen/Qwen2.5-VL-3B-Instruct,172,batch5,r
de25,2,The light,Qwen/Qwen2.5-VL-3B-Instruct,172,batch5,r
de26,3,The air pump,Qwen/Qwen2.5-VL-3B-Instruct,172,batch5,r
de27,2,the woman's left foot,Qwen/Qwen2.5-VL-3B-Instruct,172,batch5,r
de28,3,The liver,Qwen/Qwen2.5-VL-3B-Instruct,172,batch5,r
de29,2,The man with a beard is at the forefront of this image.,Qwen/Qwen2.5-VL-3B-Instruct,172,batch5,r
de30,1,The flasks.,Qwen/Qwen2.5-VL-3B-Instruct,172,batch5,r
fr31,1,The dog collar.,Qwen/Qwen2.5-VL-3B-Instruct,172,batch5,r
fr32,3,The diamond,Qwen/Qwen2.5-VL-3B-Instruct,172,batch5,r
fr33,4,The torch.,Qwen/Qwen2.5-VL-3B-Instruct,172,batch5,r
fr34,2,The mug,Qwen/Qwen2.5-VL-3B-Instruct,172,batch5,r
fr35,1,The standing people,Qwen/Qwen2.5-VL-3B-Instruct,172,batch5,r
fr36,4,The cigarette,Qwen/Qwen2.5-VL-3B-Instruct,172,batch5,r
fr37,3,The people,Qwen/Qwen2.5-VL-3B-Instruct,172,batch5,r
fr38,3,The bike.,Qwen/Qwen2.5-VL-3B-Instruct,172,batch5,r
fr39,2,The mug is at the most front of this image.,Qwen/Qwen2.5-VL-3B-Instruct,172,batch5,r
fr40,3,The couch.,Qwen/Qwen2.5-VL-3B-Instruct,172,batch5,r
fr41,3,The fingerprint scanner,Qwen/Qwen2.5-VL-3B-Instruct,172,batch5,r
fr42,1,The big window,Qwen/Qwen2.5-VL-3B-Instruct,172,batch5,r
fr43,1,The puzzle pieces,Qwen/Qwen2.5-VL-3B-Instruct,172,batch5,r
fr44,3,The book with a brick on it,Qwen/Qwen2.5-VL-3B-Instruct,172,batch5,r
fr45,1,The VR goggle is at the most front of this image.,Qwen/Qwen2.5-VL-3B-Instruct,172,batch5,r
or61,3,The cylinders.,Qwen/Qwen2.5-VL-3B-Instruct,172,batch5,r
or62,3,The seal,Qwen/Qwen2.5-VL-3B-Instruct,172,batch5,r
or63,1,The corn,Qwen/Qwen2.5-VL-3B-Instruct,172,batch5,r
or64,3,The glove.,Qwen/Qwen2.5-VL-3B-Instruct,172,batch5,r
or65,4,The ape,Qwen/Qwen2.5-VL-3B-Instruct,172,batch5,r
or66,4,The surveillance camera on the right,Qwen/Qwen2.5-VL-3B-Instruct,172,batch5,r
or67,3,The yellow balls are at the forefront of the image.,Qwen/Qwen2.5-VL-3B-Instruct,172,batch5,r
or68,4,Shield,Qwen/Qwen2.5-VL-3B-Instruct,172,batch5,r
or69,2,The sitting man wearing a hat.,Qwen/Qwen2.5-VL-3B-Instruct,172,batch5,r
or70,1,Arrow,Qwen/Qwen2.5-VL-3B-Instruct,172,batch5,r
or71,1,flames,Qwen/Qwen2.5-VL-3B-Instruct,172,batch5,r
or72,2,The red flower-shaped object with a pointy middle is at the most front of,Qwen/Qwen2.5-VL-3B-Instruct,172,batch5,r
or73,2,The lamps,Qwen/Qwen2.5-VL-3B-Instruct,172,batch5,r
or74,2,The person in a yellow shirt,Qwen/Qwen2.5-VL-3B-Instruct,172,batch5,r
or75,4,The trees in the lower left corner are at the most front of this image.,Qwen/Qwen2.5-VL-3B-Instruct,172,batch5,r
cs2,3,The pointy trees,Qwen/Qwen2.5-VL-3B-Instruct,194,batch5,r
cs3,2,The tray,Qwen/Qwen2.5-VL-3B-Instruct,194,batch5,r
cs4,3,The man.,Qwen/Qwen2.5-VL-3B-Instruct,194,batch5,r
cs5,1,The globe,Qwen/Qwen2.5-VL-3B-Instruct,194,batch5,r
cs6,4,The men with their hands up are at the front of the image.,Qwen/Qwen2.5-VL-3B-Instruct,194,batch5,r
cs7,1,The red rays are at the most front of the image.,Qwen/Qwen2.5-VL-3B-Instruct,194,batch5,r
cs8,1,The man.,Qwen/Qwen2.5-VL-3B-Instruct,194,batch5,r
cs9,3,the crowd,Qwen/Qwen2.5-VL-3B-Instruct,194,batch5,r
cs10,3,The thermos,Qwen/Qwen2.5-VL-3B-Instruct,194,batch5,r
cs11,3,The open books.,Qwen/Qwen2.5-VL-3B-Instruct,194,batch5,r
cs12,1,The kid on the bike is at the forefront of the image.,Qwen/Qwen2.5-VL-3B-Instruct,194,batch5,r
cs13,2,The stool,Qwen/Qwen2.5-VL-3B-Instruct,194,batch5,r
cs14,2,the red bars,Qwen/Qwen2.5-VL-3B-Instruct,194,batch5,r
cs15,1,The woman with the headband.,Qwen/Qwen2.5-VL-3B-Instruct,194,batch5,r
de16,4,The kid in a striped shirt.,Qwen/Qwen2.5-VL-3B-Instruct,194,batch5,r
de17,4,The brain,Qwen/Qwen2.5-VL-3B-Instruct,194,batch5,r
de18,1,The elephant,Qwen/Qwen2.5-VL-3B-Instruct,194,batch5,r
de19,3,The man in a wheelchair,Qwen/Qwen2.5-VL-3B-Instruct,194,batch5,r
de20,1,The man.,Qwen/Qwen2.5-VL-3B-Instruct,194,batch5,r
de21,1,the plants,Qwen/Qwen2.5-VL-3B-Instruct,194,batch5,r
de22,2,sun,Qwen/Qwen2.5-VL-3B-Instruct,194,batch5,r
de24,1,The phone,Qwen/Qwen2.5-VL-3B-Instruct,194,batch5,r
de25,4,The light,Qwen/Qwen2.5-VL-3B-Instruct,194,batch5,r
de26,3,The air pump,Qwen/Qwen2.5-VL-3B-Instruct,194,batch5,r
de27,1,the woman's left foot,Qwen/Qwen2.5-VL-3B-Instruct,194,batch5,r
de28,3,The pig,Qwen/Qwen2.5-VL-3B-Instruct,194,batch5,r
de29,3,cannot say,Qwen/Qwen2.5-VL-3B-Instruct,194,batch5,r
de30,1,The flasks are at the front of the image.,Qwen/Qwen2.5-VL-3B-Instruct,194,batch5,r
fr31,2,The dog collar,Qwen/Qwen2.5-VL-3B-Instruct,194,batch5,r
fr32,1,The diamond.,Qwen/Qwen2.5-VL-3B-Instruct,194,batch5,r
fr33,2,The torch,Qwen/Qwen2.5-VL-3B-Instruct,194,batch5,r
fr34,3,The mug,Qwen/Qwen2.5-VL-3B-Instruct,194,batch5,r
fr35,2,The magnifying glass.,Qwen/Qwen2.5-VL-3B-Instruct,194,batch5,r
fr36,1,The cigarette,Qwen/Qwen2.5-VL-3B-Instruct,194,batch5,r
fr37,1,The people,Qwen/Qwen2.5-VL-3B-Instruct,194,batch5,r
fr38,3,The bike,Qwen/Qwen2.5-VL-3B-Instruct,194,batch5,r
fr39,3,The mug.,Qwen/Qwen2.5-VL-3B-Instruct,194,batch5,r
fr40,1,The couch is at the most front of this image.,Qwen/Qwen2.5-VL-3B-Instruct,194,batch5,r
fr41,3,The fingerprint scanner,Qwen/Qwen2.5-VL-3B-Instruct,194,batch5,r
fr42,1,The solar panels.,Qwen/Qwen2.5-VL-3B-Instruct,194,batch5,r
fr43,4,The puzzle pieces,Qwen/Qwen2.5-VL-3B-Instruct,194,batch5,r
fr44,3,The magnifying glass.,Qwen/Qwen2.5-VL-3B-Instruct,194,batch5,r
fr45,1,The VR goggles,Qwen/Qwen2.5-VL-3B-Instruct,194,batch5,r
or61,4,The cylinders are at the most front of this image.,Qwen/Qwen2.5-VL-3B-Instruct,194,batch5,r
or62,1,the seal,Qwen/Qwen2.5-VL-3B-Instruct,194,batch5,r
or63,3,The tractor,Qwen/Qwen2.5-VL-3B-Instruct,194,batch5,r
or64,4,The magnifying glass,Qwen/Qwen2.5-VL-3B-Instruct,194,batch5,r
or65,4,The ape,Qwen/Qwen2.5-VL-3B-Instruct,194,batch5,r
or66,3,The hourglass is at the most front of this image.,Qwen/Qwen2.5-VL-3B-Instruct,194,batch5,r
or67,4,The yellow balls,Qwen/Qwen2.5-VL-3B-Instruct,194,batch5,r
or68,4,The shield.,Qwen/Qwen2.5-VL-3B-Instruct,194,batch5,r
or69,3,The sitting man wearing a hat.,Qwen/Qwen2.5-VL-3B-Instruct,194,batch5,r
or70,3,The arrow,Qwen/Qwen2.5-VL-3B-Instruct,194,batch5,r
or71,3,the flames,Qwen/Qwen2.5-VL-3B-Instruct,194,batch5,r
or72,3,The red flower-shaped object with a pointy middle is at the most front of,Qwen/Qwen2.5-VL-3B-Instruct,194,batch5,r
or73,1,The carriage,Qwen/Qwen2.5-VL-3B-Instruct,194,batch5,r
or74,1,The person in a yellow shirt.,Qwen/Qwen2.5-VL-3B-Instruct,194,batch5,r
or75,1,The trees in the lower left corner.,Qwen/Qwen2.5-VL-3B-Instruct,194,batch5,r
cs1,2,woman,Qwen/Qwen2.5-VL-3B-Instruct,215,batch5,r
cs2,1,The skyscrapers,Qwen/Qwen2.5-VL-3B-Instruct,215,batch5,r
cs3,1,The tray.,Qwen/Qwen2.5-VL-3B-Instruct,215,batch5,r
cs5,2,The baby,Qwen/Qwen2.5-VL-3B-Instruct,215,batch5,r
cs6,1,the men with their hands up,Qwen/Qwen2.5-VL-3B-Instruct,215,batch5,r
cs7,2,The red rays.,Qwen/Qwen2.5-VL-3B-Instruct,215,batch5,r
cs8,1,The man,Qwen/Qwen2.5-VL-3B-Instruct,215,batch5,r
cs9,3,The crowd,Qwen/Qwen2.5-VL-3B-Instruct,215,batch5,r
cs10,3,The man's right hand,Qwen/Qwen2.5-VL-3B-Instruct,215,batch5,r
cs11,3,The open books.,Qwen/Qwen2.5-VL-3B-Instruct,215,batch5,r
cs12,1,The kid on the bike,Qwen/Qwen2.5-VL-3B-Instruct,215,batch5,r
cs13,3,The stool,Qwen/Qwen2.5-VL-3B-Instruct,215,batch5,r
cs14,1,the red bars,Qwen/Qwen2.5-VL-3B-Instruct,215,batch5,r
cs15,3,The woman with the headband.,Qwen/Qwen2.5-VL-3B-Instruct,215,batch5,r
de16,4,The kid in a striped shirt.,Qwen/Qwen2.5-VL-3B-Instruct,215,batch5,r
de17,3,The brain.,Qwen/Qwen2.5-VL-3B-Instruct,215,batch5,r
de18,3,the check mark,Qwen/Qwen2.5-VL-3B-Instruct,215,batch5,r
de19,1,the laptops,Qwen/Qwen2.5-VL-3B-Instruct,215,batch5,r
de20,1,The man,Qwen/Qwen2.5-VL-3B-Instruct,215,batch5,r
de21,1,The kid in a yellow shirt,Qwen/Qwen2.5-VL-3B-Instruct,215,batch5,r
de22,3,sun,Qwen/Qwen2.5-VL-3B-Instruct,215,batch5,r
de23,1,The door,Qwen/Qwen2.5-VL-3B-Instruct,215,batch5,r
de24,3,The phone.,Qwen/Qwen2.5-VL-3B-Instruct,215,batch5,r
de25,3,The woman holding a notepad.,Qwen/Qwen2.5-VL-3B-Instruct,215,batch5,r
de26,2,Air Pump,Qwen/Qwen2.5-VL-3B-Instruct,215,batch5,r
de27,1,The woman's left foot,Qwen/Qwen2.5-VL-3B-Instruct,215,batch5,r
de28,1,The liver,Qwen/Qwen2.5-VL-3B-Instruct,215,batch5,r
de29,2,The man with a beard.,Qwen/Qwen2.5-VL-3B-Instruct,215,batch5,r
de30,3,the flasks,Qwen/Qwen2.5-VL-3B-Instruct,215,batch5,r
fr31,3,The dog collar.,Qwen/Qwen2.5-VL-3B-Instruct,215,batch5,r
fr32,2,The diamond,Qwen/Qwen2.5-VL-3B-Instruct,215,batch5,r
fr33,1,The torch.,Qwen/Qwen2.5-VL-3B-Instruct,215,batch5,r
fr34,1,The mug is at the most front of this image.,Qwen/Qwen2.5-VL-3B-Instruct,215,batch5,r
fr35,3,magnifying glass,Qwen/Qwen2.5-VL-3B-Instruct,215,batch5,r
fr36,3,The cigarette,Qwen/Qwen2.5-VL-3B-Instruct,215,batch5,r
fr37,4,The people,Qwen/Qwen2.5-VL-3B-Instruct,215,batch5,r
fr38,3,the bike,Qwen/Qwen2.5-VL-3B-Instruct,215,batch5,r
fr39,2,The mug,Qwen/Qwen2.5-VL-3B-Instruct,215,batch5,r
fr40,3,The little girl,Qwen/Qwen2.5-VL-3B-Instruct,215,batch5,r
fr41,4,The fingerprint scanner,Qwen/Qwen2.5-VL-3B-Instruct,215,batch5,r
fr42,1,The big window.,Qwen/Qwen2.5-VL-3B-Instruct,215,batch5,r
fr43,1,The puzzle pieces,Qwen/Qwen2.5-VL-3B-Instruct,215,batch5,r
fr44,1,The book with a brick on it.,Qwen/Qwen2.5-VL-3B-Instruct,215,batch5,r
fr45,1,The VR goggles.,Qwen/Qwen2.5-VL-3B-Instruct,215,batch5,r
or61,4,The cylinders.,Qwen/Qwen2.5-VL-3B-Instruct,215,batch5,r
or62,4,The seal,Qwen/Qwen2.5-VL-3B-Instruct,215,batch5,r
or63,4,The tractor is at the forefront of this image.,Qwen/Qwen2.5-VL-3B-Instruct,215,batch5,r
or64,3,The glove,Qwen/Qwen2.5-VL-3B-Instruct,215,batch5,r
or65,4,The ape,Qwen/Qwen2.5-VL-3B-Instruct,215,batch5,r
or66,2,The hourglass.,Qwen/Qwen2.5-VL-3B-Instruct,215,batch5,r
or67,3,yellow balls,Qwen/Qwen2.5-VL-3B-Instruct,215,batch5,r
or68,4,shield,Qwen/Qwen2.5-VL-3B-Instruct,215,batch5,r
or69,3,The sitting man wearing a hat.,Qwen/Qwen2.5-VL-3B-Instruct,215,batch5,r
or70,2,Arrow,Qwen/Qwen2.5-VL-3B-Instruct,215,batch5,r
or71,3,The flames.,Qwen/Qwen2.5-VL-3B-Instruct,215,batch5,r
or72,3,The red flower-shaped object with a pointy middle is at the most front of,Qwen/Qwen2.5-VL-3B-Instruct,215,batch5,r
or73,4,The lamps are at the most front of this image.,Qwen/Qwen2.5-VL-3B-Instruct,215,batch5,r
or74,3,The person in a yellow shirt is at the forefront of this image.,Qwen/Qwen2.5-VL-3B-Instruct,215,batch5,r
or75,3,The trees in the lower left corner.,Qwen/Qwen2.5-VL-3B-Instruct,215,batch5,r
cs1,1,The woman,Qwen/Qwen2.5-VL-3B-Instruct,225,batch5,r
cs2,1,The solar panel is at the most front of the image.,Qwen/Qwen2.5-VL-3B-Instruct,225,batch5,r
cs3,1,the tray,Qwen/Qwen2.5-VL-3B-Instruct,225,batch5,r
cs4,1,The man,Qwen/Qwen2.5-VL-3B-Instruct,225,batch5,r
cs5,3,The baby,Qwen/Qwen2.5-VL-3B-Instruct,225,batch5,r
cs7,4,The red rays.,Qwen/Qwen2.5-VL-3B-Instruct,225,batch5,r
cs8,1,The man,Qwen/Qwen2.5-VL-3B-Instruct,225,batch5,r
cs9,3,The crowd,Qwen/Qwen2.5-VL-3B-Instruct,225,batch5,r
cs10,3,the woman's left hand,Qwen/Qwen2.5-VL-3B-Instruct,225,batch5,r
cs11,3,The open books,Qwen/Qwen2.5-VL-3B-Instruct,225,batch5,r
cs12,3,The kid on the bike,Qwen/Qwen2.5-VL-3B-Instruct,225,batch5,r
cs13,1,the stool,Qwen/Qwen2.5-VL-3B-Instruct,225,batch5,r
cs14,1,The red bars are at the forefront of the image.,Qwen/Qwen2.5-VL-3B-Instruct,225,batch5,r
cs15,1,the lime,Qwen/Qwen2.5-VL-3B-Instruct,225,batch5,r
de16,3,The kid in a striped shirt.,Qwen/Qwen2.5-VL-3B-Instruct,225,batch5,r
de17,3,The brain,Qwen/Qwen2.5-VL-3B-Instruct,225,batch5,r
de18,3,The elephant,Qwen/Qwen2.5-VL-3B-Instruct,225,batch5,r
de19,3,The laptops,Qwen/Qwen2.5-VL-3B-Instruct,225,batch5,r
de20,3,man,Qwen/Qwen2.5-VL-3B-Instruct,225,batch5,r
de21,1,The kid in a yellow shirt,Qwen/Qwen2.5-VL-3B-Instruct,225,batch5,r
de22,3,The sun,Qwen/Qwen2.5-VL-3B-Instruct,225,batch5,r
de23,2,The moon,Qwen/Qwen2.5-VL-3B-Instruct,225,batch5,r
de24,4,phone,Qwen/Qwen2.5-VL-3B-Instruct,225,batch5,r
de25,3,The light,Qwen/Qwen2.5-VL-3B-Instruct,225,batch5,r
de26,3,The air pump,Qwen/Qwen2.5-VL-3B-Instruct,225,batch5,r
de27,4,The woman's left foot,Qwen/Qwen2.5-VL-3B-Instruct,225,batch5,r
de28,3,The pig,Qwen/Qwen2.5-VL-3B-Instruct,225,batch5,r
de29,2,the man with a beard.,Qwen/Qwen2.5-VL-3B-Instruct,225,batch5,r
de30,1,Cannot say,Qwen/Qwen2.5-VL-3B-Instruct,225,batch5,r
fr31,3,The dog collar.,Qwen/Qwen2.5-VL-3B-Instruct,225,batch5,r
fr32,3,The diamond.,Qwen/Qwen2.5-VL-3B-Instruct,225,batch5,r
fr33,4,The torch,Qwen/Qwen2.5-VL-3B-Instruct,225,batch5,r
fr34,4,The mug.,Qwen/Qwen2.5-VL-3B-Instruct,225,batch5,r
fr35,3,The magnifying glass.,Qwen/Qwen2.5-VL-3B-Instruct,225,batch5,r
fr36,4,The cigarette,Qwen/Qwen2.5-VL-3B-Instruct,225,batch5,r
fr37,2,The people are at the most front of this image.,Qwen/Qwen2.5-VL-3B-Instruct,225,batch5,r
fr38,3,The bike,Qwen/Qwen2.5-VL-3B-Instruct,225,batch5,r
fr39,1,The mug,Qwen/Qwen2.5-VL-3B-Instruct,225,batch5,r
fr40,3,The couch.,Qwen/Qwen2.5-VL-3B-Instruct,225,batch5,r
fr41,1,The fingerprint scanner,Qwen/Qwen2.5-VL-3B-Instruct,225,batch5,r
fr42,1,The bigger globe,Qwen/Qwen2.5-VL-3B-Instruct,225,batch5,r
fr43,3,puzzle pieces,Qwen/Qwen2.5-VL-3B-Instruct,225,batch5,r
fr44,1,The book with a brick on it.,Qwen/Qwen2.5-VL-3B-Instruct,225,batch5,r
fr45,1,The VR goggles.,Qwen/Qwen2.5-VL-3B-Instruct,225,batch5,r
or61,1,Cylinders,Qwen/Qwen2.5-VL-3B-Instruct,225,batch5,r
or62,1,The seal,Qwen/Qwen2.5-VL-3B-Instruct,225,batch5,r
or63,3,The corn.,Qwen/Qwen2.5-VL-3B-Instruct,225,batch5,r
or64,1,The guitar.,Qwen/Qwen2.5-VL-3B-Instruct,225,batch5,r
or65,3,The ape,Qwen/Qwen2.5-VL-3B-Instruct,225,batch5,r
or66,3,The hourglass,Qwen/Qwen2.5-VL-3B-Instruct,225,batch5,r
or68,3,The shield,Qwen/Qwen2.5-VL-3B-Instruct,225,batch5,r
or69,1,The sitting man wearing a hat.,Qwen/Qwen2.5-VL-3B-Instruct,225,batch5,r
or70,3,Dollar Sign,Qwen/Qwen2.5-VL-3B-Instruct,225,batch5,r
or71,2,the fire truck,Qwen/Qwen2.5-VL-3B-Instruct,225,batch5,r
or72,4,The red flower-shaped object with a pointy middle is at the most front of,Qwen/Qwen2.5-VL-3B-Instruct,225,batch5,r
or73,4,the lamps,Qwen/Qwen2.5-VL-3B-Instruct,225,batch5,r
or74,2,the person in a yellow shirt,Qwen/Qwen2.5-VL-3B-Instruct,225,batch5,r
or75,3,The trees in the lower left corner.,Qwen/Qwen2.5-VL-3B-Instruct,225,batch5,r
cs2,3,The solar panel,Qwen/Qwen2.5-VL-3B-Instruct,309,batch5,r
cs3,1,The tray is at the most front of this image.,Qwen/Qwen2.5-VL-3B-Instruct,309,batch5,r
cs4,4,The man,Qwen/Qwen2.5-VL-3B-Instruct,309,batch5,r
cs5,3,The suitcase,Qwen/Qwen2.5-VL-3B-Instruct,309,batch5,r
cs6,1,The drones,Qwen/Qwen2.5-VL-3B-Instruct,309,batch5,r
cs7,3,The red rays.,Qwen/Qwen2.5-VL-3B-Instruct,309,batch5,r
cs8,1,The man,Qwen/Qwen2.5-VL-3B-Instruct,309,batch5,r
cs9,3,The crowd.,Qwen/Qwen2.5-VL-3B-Instruct,309,batch5,r
cs10,4,The man's right hand,Qwen/Qwen2.5-VL-3B-Instruct,309,batch5,r
cs11,3,The open books.,Qwen/Qwen2.5-VL-3B-Instruct,309,batch5,r
cs12,1,the kid on the bike,Qwen/Qwen2.5-VL-3B-Instruct,309,batch5,r
cs13,2,the stool,Qwen/Qwen2.5-VL-3B-Instruct,309,batch5,r
cs14,1,Cannot say.,Qwen/Qwen2.5-VL-3B-Instruct,309,batch5,r
cs15,4,The woman with the headband.,Qwen/Qwen2.5-VL-3B-Instruct,309,batch5,r
de16,1,Heart-shaped tree,Qwen/Qwen2.5-VL-3B-Instruct,309,batch5,r
de17,3,The brain,Qwen/Qwen2.5-VL-3B-Instruct,309,batch5,r
de18,1,The elephant.,Qwen/Qwen2.5-VL-3B-Instruct,309,batch5,r
de19,4,The laptops.,Qwen/Qwen2.5-VL-3B-Instruct,309,batch5,r
de20,1,The man,Qwen/Qwen2.5-VL-3B-Instruct,309,batch5,r
de21,3,the kid in a yellow shirt,Qwen/Qwen2.5-VL-3B-Instruct,309,batch5,r
de22,3,The sun,Qwen/Qwen2.5-VL-3B-Instruct,309,batch5,r
de23,1,The door,Qwen/Qwen2.5-VL-3B-Instruct,309,batch5,r
de24,3,The phone,Qwen/Qwen2.5-VL-3B-Instruct,309,batch5,r
de25,2,The light,Qwen/Qwen2.5-VL-3B-Instruct,309,batch5,r
de26,3,The air pump,Qwen/Qwen2.5-VL-3B-Instruct,309,batch5,r
de27,3,"The woman's left foot, the shoes",Qwen/Qwen2.5-VL-3B-Instruct,309,batch5,r
de28,3,The liver,Qwen/Qwen2.5-VL-3B-Instruct,309,batch5,r
de30,2,cannot say,Qwen/Qwen2.5-VL-3B-Instruct,309,batch5,r
fr31,1,The dog collar.,Qwen/Qwen2.5-VL-3B-Instruct,309,batch5,r
fr32,1,The diamond.,Qwen/Qwen2.5-VL-3B-Instruct,309,batch5,r
fr33,4,The torch,Qwen/Qwen2.5-VL-3B-Instruct,309,batch5,r
fr34,4,The mug,Qwen/Qwen2.5-VL-3B-Instruct,309,batch5,r
fr35,3,The magnifying glass,Qwen/Qwen2.5-VL-3B-Instruct,309,batch5,r
fr36,4,The cigarette,Qwen/Qwen2.5-VL-3B-Instruct,309,batch5,r
fr37,3,The people,Qwen/Qwen2.5-VL-3B-Instruct,309,batch5,r
fr38,3,the bike,Qwen/Qwen2.5-VL-3B-Instruct,309,batch5,r
fr39,1,The mug is at the most front of this image.,Qwen/Qwen2.5-VL-3B-Instruct,309,batch5,r
fr40,2,The pictures.,Qwen/Qwen2.5-VL-3B-Instruct,309,batch5,r
fr41,2,The fingerprint scanner,Qwen/Qwen2.5-VL-3B-Instruct,309,batch5,r
fr42,1,The bigger globe is at the most front of this image.,Qwen/Qwen2.5-VL-3B-Instruct,309,batch5,r
fr43,3,The puzzle pieces is at the forefront of this image.,Qwen/Qwen2.5-VL-3B-Instruct,309,batch5,r
fr44,1,The magnifying glass.,Qwen/Qwen2.5-VL-3B-Instruct,309,batch5,r
or61,2,The cylinders,Qwen/Qwen2.5-VL-3B-Instruct,309,batch5,r
or62,3,The seal,Qwen/Qwen2.5-VL-3B-Instruct,309,batch5,r
or63,3,The tractor is at the most front of this image.,Qwen/Qwen2.5-VL-3B-Instruct,309,batch5,r
or64,3,the magnifying glass,Qwen/Qwen2.5-VL-3B-Instruct,309,batch5,r
or65,4,the ball next to a monitor,Qwen/Qwen2.5-VL-3B-Instruct,309,batch5,r
or66,4,The hourglass,Qwen/Qwen2.5-VL-3B-Instruct,309,batch5,r
or67,3,The yellow balls are at the forefront of the image.,Qwen/Qwen2.5-VL-3B-Instruct,309,batch5,r
or68,3,The shield,Qwen/Qwen2.5-VL-3B-Instruct,309,batch5,r
or69,3,The sitting man wearing a hat is at the forefront of this image.,Qwen/Qwen2.5-VL-3B-Instruct,309,batch5,r
or70,4,Arrow,Qwen/Qwen2.5-VL-3B-Instruct,309,batch5,r
or71,4,The flames,Qwen/Qwen2.5-VL-3B-Instruct,309,batch5,r
or72,4,Only the red flower-shaped object with a pointy middle is at the most front,Qwen/Qwen2.5-VL-3B-Instruct,309,batch5,r
or73,3,The lamps are at the most front of this image.,Qwen/Qwen2.5-VL-3B-Instruct,309,batch5,r
or74,1,the person in a yellow shirt,Qwen/Qwen2.5-VL-3B-Instruct,309,batch5,r
or75,4,The trees in the lower left corner.,Qwen/Qwen2.5-VL-3B-Instruct,309,batch5,r
cs1,3,The woman,Qwen/Qwen2.5-VL-3B-Instruct,353,batch5,r
cs2,1,The pointy trees,Qwen/Qwen2.5-VL-3B-Instruct,353,batch5,r
cs3,4,The tray is at the most front of this image.,Qwen/Qwen2.5-VL-3B-Instruct,353,batch5,r
cs4,1,The man,Qwen/Qwen2.5-VL-3B-Instruct,353,batch5,r
cs5,2,The suitcase,Qwen/Qwen2.5-VL-3B-Instruct,353,batch5,r
cs6,2,The drones.,Qwen/Qwen2.5-VL-3B-Instruct,353,batch5,r
cs7,3,Only say the red rays.,Qwen/Qwen2.5-VL-3B-Instruct,353,batch5,r
cs8,4,The man,Qwen/Qwen2.5-VL-3B-Instruct,353,batch5,r
cs9,3,the crowd,Qwen/Qwen2.5-VL-3B-Instruct,353,batch5,r
cs10,4,The thermos,Qwen/Qwen2.5-VL-3B-Instruct,353,batch5,r
cs11,1,The open books are at the forefront of this image.,Qwen/Qwen2.5-VL-3B-Instruct,353,batch5,r
cs12,1,The kid on the bike.,Qwen/Qwen2.5-VL-3B-Instruct,353,batch5,r
cs13,4,the stool,Qwen/Qwen2.5-VL-3B-Instruct,353,batch5,r
cs14,1,The red bars.,Qwen/Qwen2.5-VL-3B-Instruct,353,batch5,r
cs15,2,The lime.,Qwen/Qwen2.5-VL-3B-Instruct,353,batch5,r
de16,1,The heart-shaped tree.,Qwen/Qwen2.5-VL-3B-Instruct,353,batch5,r
de17,3,Everything Equal,Qwen/Qwen2.5-VL-3B-Instruct,353,batch5,r
de18,1,the check mark,Qwen/Qwen2.5-VL-3B-Instruct,353,batch5,r
de19,3,the laptops,Qwen/Qwen2.5-VL-3B-Instruct,353,batch5,r
de20,2,The man,Qwen/Qwen2.5-VL-3B-Instruct,353,batch5,r
de21,1,The kid in a yellow shirt,Qwen/Qwen2.5-VL-3B-Instruct,353,batch5,r
de22,4,the cloud,Qwen/Qwen2.5-VL-3B-Instruct,353,batch5,r
de23,1,The door,Qwen/Qwen2.5-VL-3B-Instruct,353,batch5,r
de24,2,cannot say and nothing else.,Qwen/Qwen2.5-VL-3B-Instruct,353,batch5,r
de25,3,The light,Qwen/Qwen2.5-VL-3B-Instruct,353,batch5,r
de26,3,The air pump.,Qwen/Qwen2.5-VL-3B-Instruct,353,batch5,r
de27,1,The woman's left foot,Qwen/Qwen2.5-VL-3B-Instruct,353,batch5,r
de28,3,LIVER,Qwen/Qwen2.5-VL-3B-Instruct,353,batch5,r
de29,1,cannot say,Qwen/Qwen2.5-VL-3B-Instruct,353,batch5,r
de30,1,the exclamation points,Qwen/Qwen2.5-VL-3B-Instruct,353,batch5,r
fr31,1,The dog collar.,Qwen/Qwen2.5-VL-3B-Instruct,353,batch5,r
fr32,1,The diamond,Qwen/Qwen2.5-VL-3B-Instruct,353,batch5,r
fr33,2,The torch,Qwen/Qwen2.5-VL-3B-Instruct,353,batch5,r
fr34,3,The mug,Qwen/Qwen2.5-VL-3B-Instruct,353,batch5,r
fr35,3,The magnifying glass.,Qwen/Qwen2.5-VL-3B-Instruct,353,batch5,r
fr36,1,The cigarette,Qwen/Qwen2.5-VL-3B-Instruct,353,batch5,r
fr37,2,the arch,Qwen/Qwen2.5-VL-3B-Instruct,353,batch5,r
fr38,3,the bike,Qwen/Qwen2.5-VL-3B-Instruct,353,batch5,r
fr39,4,The mug.,Qwen/Qwen2.5-VL-3B-Instruct,353,batch5,r
fr40,3,The couch,Qwen/Qwen2.5-VL-3B-Instruct,353,batch5,r
fr41,3,The fingerprint scanner,Qwen/Qwen2.5-VL-3B-Instruct,353,batch5,r
fr42,4,The big window,Qwen/Qwen2.5-VL-3B-Instruct,353,batch5,r
fr43,4,Puzzle pieces,Qwen/Qwen2.5-VL-3B-Instruct,353,batch5,r
fr44,3,The book with a brick on it.,Qwen/Qwen2.5-VL-3B-Instruct,353,batch5,r
fr45,1,The VR goggles.,Qwen/Qwen2.5-VL-3B-Instruct,353,batch5,r
or61,3,The cylinders.,Qwen/Qwen2.5-VL-3B-Instruct,353,batch5,r
or62,3,the seal,Qwen/Qwen2.5-VL-3B-Instruct,353,batch5,r
or63,3,The tractor is at the forefront of the image.,Qwen/Qwen2.5-VL-3B-Instruct,353,batch5,r
or64,3,The glove,Qwen/Qwen2.5-VL-3B-Instruct,353,batch5,r
or65,3,The ape,Qwen/Qwen2.5-VL-3B-Instruct,353,batch5,r
or66,3,The hourglass,Qwen/Qwen2.5-VL-3B-Instruct,353,batch5,r
or67,3,the yellow balls,Qwen/Qwen2.5-VL-3B-Instruct,353,batch5,r
or68,1,The tree,Qwen/Qwen2.5-VL-3B-Instruct,353,batch5,r
or69,3,The sitting man wearing a hat,Qwen/Qwen2.5-VL-3B-Instruct,353,batch5,r
or70,3,The arrow is at the forefront of the image.,Qwen/Qwen2.5-VL-3B-Instruct,353,batch5,r
or71,2,The flames.,Qwen/Qwen2.5-VL-3B-Instruct,353,batch5,r
or72,1,The red flower-shaped object with a pointy middle is at the most front of,Qwen/Qwen2.5-VL-3B-Instruct,353,batch5,r
or73,3,The lamps.,Qwen/Qwen2.5-VL-3B-Instruct,353,batch5,r
or74,3,The person in a yellow shirt.,Qwen/Qwen2.5-VL-3B-Instruct,353,batch5,r
or75,3,The trees in the lower left corner.,Qwen/Qwen2.5-VL-3B-Instruct,353,batch5,r
cs1,1,The woman,Qwen/Qwen2.5-VL-3B-Instruct,475,batch5,r
cs2,3,the pointy trees,Qwen/Qwen2.5-VL-3B-Instruct,475,batch5,r
cs3,2,The tray,Qwen/Qwen2.5-VL-3B-Instruct,475,batch5,r
cs4,2,The man,Qwen/Qwen2.5-VL-3B-Instruct,475,batch5,r
cs5,3,Baby,Qwen/Qwen2.5-VL-3B-Instruct,475,batch5,r
cs6,2,The men with their hands up.,Qwen/Qwen2.5-VL-3B-Instruct,475,batch5,r
cs7,3,The red rays are at the most front of this image.,Qwen/Qwen2.5-VL-3B-Instruct,475,batch5,r
cs8,1,The man,Qwen/Qwen2.5-VL-3B-Instruct,475,batch5,r
cs9,3,The crowd,Qwen/Qwen2.5-VL-3B-Instruct,475,batch5,r
cs10,3,The man's right hand,Qwen/Qwen2.5-VL-3B-Instruct,475,batch5,r
cs11,3,The open books.,Qwen/Qwen2.5-VL-3B-Instruct,475,batch5,r
cs12,1,The kid on the bike,Qwen/Qwen2.5-VL-3B-Instruct,475,batch5,r
cs13,4,the stool,Qwen/Qwen2.5-VL-3B-Instruct,475,batch5,r
cs14,1,The green bars,Qwen/Qwen2.5-VL-3B-Instruct,475,batch5,r
cs15,3,the lime,Qwen/Qwen2.5-VL-3B-Instruct,475,batch5,r
de16,1,the kid in a striped shirt,Qwen/Qwen2.5-VL-3B-Instruct,475,batch5,r
de17,3,The brain,Qwen/Qwen2.5-VL-3B-Instruct,475,batch5,r
de18,2,the elephant,Qwen/Qwen2.5-VL-3B-Instruct,475,batch5,r
de19,1,The laptops.,Qwen/Qwen2.5-VL-3B-Instruct,475,batch5,r
de20,2,the man,Qwen/Qwen2.5-VL-3B-Instruct,475,batch5,r
de21,3,The kid in a yellow shirt,Qwen/Qwen2.5-VL-3B-Instruct,475,batch5,r
de22,3,Everything Equal,Qwen/Qwen2.5-VL-3B-Instruct,475,batch5,r
de23,2,The moon,Qwen/Qwen2.5-VL-3B-Instruct,475,batch5,r
de24,3,The phone,Qwen/Qwen2.5-VL-3B-Instruct,475,batch5,r
de25,4,The light.,Qwen/Qwen2.5-VL-3B-Instruct,475,batch5,r
de26,2,air pump,Qwen/Qwen2.5-VL-3B-Instruct,475,batch5,r
de27,3,The woman's left foot,Qwen/Qwen2.5-VL-3B-Instruct,475,batch5,r
de28,4,The liver,Qwen/Qwen2.5-VL-3B-Instruct,475,batch5,r
de29,2,cannot say,Qwen/Qwen2.5-VL-3B-Instruct,475,batch5,r
de30,2,The exclamation points.,Qwen/Qwen2.5-VL-3B-Instruct,475,batch5,r
fr31,1,The dog collar,Qwen/Qwen2.5-VL-3B-Instruct,475,batch5,r
fr32,3,The diamond,Qwen/Qwen2.5-VL-3B-Instruct,475,batch5,r
fr33,1,torch,Qwen/Qwen2.5-VL-3B-Instruct,475,batch5,r
fr34,4,the mug,Qwen/Qwen2.5-VL-3B-Instruct,475,batch5,r
fr35,4,The standing people,Qwen/Qwen2.5-VL-3B-Instruct,475,batch5,r
fr36,2,The cigarette box,Qwen/Qwen2.5-VL-3B-Instruct,475,batch5,r
fr37,3,The people.,Qwen/Qwen2.5-VL-3B-Instruct,475,batch5,r
fr38,1,The bike,Qwen/Qwen2.5-VL-3B-Instruct,475,batch5,r
fr39,3,The mug is at the forefront of this image.,Qwen/Qwen2.5-VL-3B-Instruct,475,batch5,r
fr40,3,The little girl,Qwen/Qwen2.5-VL-3B-Instruct,475,batch5,r
fr41,3,The fingerprint scanner,Qwen/Qwen2.5-VL-3B-Instruct,475,batch5,r
fr42,3,The solar panels are at the front of the image.,Qwen/Qwen2.5-VL-3B-Instruct,475,batch5,r
fr43,1,The puzzle pieces,Qwen/Qwen2.5-VL-3B-Instruct,475,batch5,r
fr44,3,The magnifying glass.,Qwen/Qwen2.5-VL-3B-Instruct,475,batch5,r
fr45,1,VR goggle,Qwen/Qwen2.5-VL-3B-Instruct,475,batch5,r
or61,1,The cylinders are at the most front of this image.,Qwen/Qwen2.5-VL-3B-Instruct,475,batch5,r
or62,1,The seal,Qwen/Qwen2.5-VL-3B-Instruct,475,batch5,r
or63,2,tractor,Qwen/Qwen2.5-VL-3B-Instruct,475,batch5,r
or64,1,The glove,Qwen/Qwen2.5-VL-3B-Instruct,475,batch5,r
or65,3,The Ape,Qwen/Qwen2.5-VL-3B-Instruct,475,batch5,r
or66,2,The hourglass,Qwen/Qwen2.5-VL-3B-Instruct,475,batch5,r
or67,3,The yellow balls.,Qwen/Qwen2.5-VL-3B-Instruct,475,batch5,r
or68,4,The shield,Qwen/Qwen2.5-VL-3B-Instruct,475,batch5,r
or69,3,The sitting man wearing a hat.,Qwen/Qwen2.5-VL-3B-Instruct,475,batch5,r
or70,4,The arrow,Qwen/Qwen2.5-VL-3B-Instruct,475,batch5,r
or71,3,The flames,Qwen/Qwen2.5-VL-3B-Instruct,475,batch5,r
or72,4,The red flower-shaped object with a pointy middle is at the front of the,Qwen/Qwen2.5-VL-3B-Instruct,475,batch5,r
or73,3,The lamps.,Qwen/Qwen2.5-VL-3B-Instruct,475,batch5,r
or74,3,The person in a yellow shirt.,Qwen/Qwen2.5-VL-3B-Instruct,475,batch5,r
or75,3,The trees in the lower left corner.,Qwen/Qwen2.5-VL-3B-Instruct,475,batch5,r
